Cycle_Number,Voltage_V,Capacity_mAh,Test_Time_s,Current_A
1,3.0,0.0,0,0.02
1,3.0262,0.5025,30,0.02
1,3.0479,1.005,60,0.02
1,3.0725,1.5075,90,0.02
1,3.0985,2.0101,120,0.02
1,3.1214,2.5126,150,0.02
1,3.1346,3.0151,180,0.02
1,3.156,3.5176,210,0.02
1,3.1774,4.0201,240,0.02
1,3.2031,4.5226,270,0.02
1,3.2141,5.0251,300,0.02
1,3.2393,5.5276,330,0.02
1,3.2546,6.0302,360,0.02
1,3.2755,6.5327,390,0.02
1,3.3009,7.0352,420,0.02
1,3.3123,7.5377,450,0.02
1,3.3365,8.0402,480,0.02
1,3.3412,8.5427,510,0.02
1,3.3602,9.0452,540,0.02
1,3.3825,9.5477,570,0.02
1,3.4033,10.0503,600,0.02
1,3.4131,10.5528,630,0.02
1,3.4366,11.0553,660,0.02
1,3.4366,11.5578,690,0.02
1,3.4517,12.0603,720,0.02
1,3.4744,12.5628,750,0.02
1,3.4861,13.0653,780,0.02
1,3.5012,13.5678,810,0.02
1,3.5207,14.0704,840,0.02
1,3.5237,14.5729,870,0.02
1,3.5456,15.0754,900,0.02
1,3.5559,15.5779,930,0.02
1,3.5701,16.0804,960,0.02
1,3.5882,16.5829,990,0.02
1,3.5901,17.0854,1020,0.02
1,3.6038,17.5879,1050,0.02
1,3.6257,18.0905,1080,0.02
1,3.6319,18.593,1110,0.02
1,3.6401,19.0955,1140,0.02
1,3.6557,19.598,1170,0.02
1,3.6594,20.1005,1200,0.02
1,3.6811,20.603,1230,0.02
1,3.6881,21.1055,1260,0.02
1,3.697,21.608,1290,0.02
1,3.7111,22.1106,1320,0.02
1,3.7117,22.6131,1350,0.02
1,3.7262,23.1156,1380,0.02
1,3.7379,23.6181,1410,0.02
1,3.7357,24.1206,1440,0.02
1,3.757,24.6231,1470,0.02
1,3.7685,25.1256,1500,0.02
1,3.7719,25.6281,1530,0.02
1,3.7855,26.1307,1560,0.02
1,3.7837,26.6332,1590,0.02
1,3.7925,27.1357,1620,0.02
1,3.7997,27.6382,1650,0.02
1,3.818,28.1407,1680,0.02
1,3.8207,28.6432,1710,0.02
1,3.8272,29.1457,1740,0.02
1,3.8291,29.6482,1770,0.02
1,3.8355,30.1508,1800,0.02
1,3.8529,30.6533,1830,0.02
1,3.8614,31.1558,1860,0.02
1,3.8604,31.6583,1890,0.02
1,3.8739,32.1608,1920,0.02
1,3.8737,32.6633,1950,0.02
1,3.8848,33.1658,1980,0.02
1,3.8941,33.6683,2010,0.02
1,3.8956,34.1709,2040,0.02
1,3.9071,34.6734,2070,0.02
1,3.9089,35.1759,2100,0.02
1,3.9139,35.6784,2130,0.02
1,3.9215,36.1809,2160,0.02
1,3.9234,36.6834,2190,0.02
1,3.9261,37.1859,2220,0.02
1,3.929,37.6884,2250,0.02
1,3.9365,38.191,2280,0.02
1,3.9488,38.6935,2310,0.02
1,3.954,39.196,2340,0.02
1,3.9535,39.6985,2370,0.02
1,3.9593,40.201,2400,0.02
1,3.9572,40.7035,2430,0.02
1,3.9681,41.206,2460,0.02
1,3.976,41.7085,2490,0.02
1,3.9839,42.2111,2520,0.02
1,3.9844,42.7136,2550,0.02
1,3.986,43.2161,2580,0.02
1,3.9965,43.7186,2610,0.02
1,4.0007,44.2211,2640,0.02
1,3.9944,44.7236,2670,0.02
1,4.0034,45.2261,2700,0.02
1,4.0013,45.7286,2730,0.02
1,4.0068,46.2312,2760,0.02
1,4.0077,46.7337,2790,0.02
1,4.0159,47.2362,2820,0.02
1,4.0196,47.7387,2850,0.02
1,4.031,48.2412,2880,0.02
1,4.0354,48.7437,2910,0.02
1,4.0284,49.2462,2940,0.02
1,4.0333,49.7487,2970,0.02
1,4.041,50.2513,3000,0.02
1,4.0391,50.7538,3030,0.02
1,4.0453,51.2563,3060,0.02
1,4.0557,51.7588,3090,0.02
1,4.0513,52.2613,3120,0.02
1,4.057,52.7638,3150,0.02
1,4.051,53.2663,3180,0.02
1,4.0673,53.7688,3210,0.02
1,4.0561,54.2714,3240,0.02
1,4.0676,54.7739,3270,0.02
1,4.0723,55.2764,3300,0.02
1,4.0728,55.7789,3330,0.02
1,4.0778,56.2814,3360,0.02
1,4.0697,56.7839,3390,0.02
1,4.0742,57.2864,3420,0.02
1,4.0797,57.7889,3450,0.02
1,4.0806,58.2915,3480,0.02
1,4.078,58.794,3510,0.02
1,4.0911,59.2965,3540,0.02
1,4.0848,59.799,3570,0.02
1,4.0882,60.3015,3600,0.02
1,4.0947,60.804,3630,0.02
1,4.0936,61.3065,3660,0.02
1,4.1052,61.809,3690,0.02
1,4.1032,62.3116,3720,0.02
1,4.0995,62.8141,3750,0.02
1,4.1094,63.3166,3780,0.02
1,4.1043,63.8191,3810,0.02
1,4.106,64.3216,3840,0.02
1,4.1095,64.8241,3870,0.02
1,4.1062,65.3266,3900,0.02
1,4.1214,65.8291,3930,0.02
1,4.1118,66.3317,3960,0.02
1,4.125,66.8342,3990,0.02
1,4.1133,67.3367,4020,0.02
1,4.1126,67.8392,4050,0.02
1,4.1146,68.3417,4080,0.02
1,4.1176,68.8442,4110,0.02
1,4.1197,69.3467,4140,0.02
1,4.1239,69.8492,4170,0.02
1,4.1339,70.3518,4200,0.02
1,4.1328,70.8543,4230,0.02
1,4.1321,71.3568,4260,0.02
1,4.1341,71.8593,4290,0.02
1,4.1266,72.3618,4320,0.02
1,4.1405,72.8643,4350,0.02
1,4.1314,73.3668,4380,0.02
1,4.1345,73.8693,4410,0.02
1,4.1329,74.3719,4440,0.02
1,4.1407,74.8744,4470,0.02
1,4.1484,75.3769,4500,0.02
1,4.1385,75.8794,4530,0.02
1,4.1401,76.3819,4560,0.02
1,4.1455,76.8844,4590,0.02
1,4.1387,77.3869,4620,0.02
1,4.1532,77.8894,4650,0.02
1,4.1528,78.392,4680,0.02
1,4.1527,78.8945,4710,0.02
1,4.1455,79.397,4740,0.02
1,4.157,79.8995,4770,0.02
1,4.1488,80.402,4800,0.02
1,4.1476,80.9045,4830,0.02
1,4.1511,81.407,4860,0.02
1,4.1615,81.9095,4890,0.02
1,4.156,82.4121,4920,0.02
1,4.1543,82.9146,4950,0.02
1,4.1608,83.4171,4980,0.02
1,4.1649,83.9196,5010,0.02
1,4.1591,84.4221,5040,0.02
1,4.16,84.9246,5070,0.02
1,4.1631,85.4271,5100,0.02
1,4.1538,85.9296,5130,0.02
1,4.1692,86.4322,5160,0.02
1,4.1556,86.9347,5190,0.02
1,4.1626,87.4372,5220,0.02
1,4.1629,87.9397,5250,0.02
1,4.1602,88.4422,5280,0.02
1,4.1665,88.9447,5310,0.02
1,4.1588,89.4472,5340,0.02
1,4.1625,89.9497,5370,0.02
1,4.1742,90.4523,5400,0.02
1,4.1629,90.9548,5430,0.02
1,4.1754,91.4573,5460,0.02
1,4.1664,91.9598,5490,0.02
1,4.1734,92.4623,5520,0.02
1,4.1643,92.9648,5550,0.02
1,4.1685,93.4673,5580,0.02
1,4.1762,93.9698,5610,0.02
1,4.1756,94.4724,5640,0.02
1,4.178,94.9749,5670,0.02
1,4.1711,95.4774,5700,0.02
1,4.171,95.9799,5730,0.02
1,4.1774,96.4824,5760,0.02
1,4.1828,96.9849,5790,0.02
1,4.1706,97.4874,5820,0.02
1,4.1767,97.9899,5850,0.02
1,4.1736,98.4925,5880,0.02
1,4.1739,98.995,5910,0.02
1,4.1765,99.4975,5940,0.02
1,4.1713,100.0,5970,0.02
2,3.0039,0.0,0,0.02
2,3.0424,0.5013,30,0.02
2,3.0816,1.0025,60,0.02
2,3.0863,1.5038,90,0.02
2,3.1326,2.005,120,0.02
2,3.132,2.5063,150,0.02
2,3.1464,3.0075,180,0.02
2,3.1963,3.5088,210,0.02
2,3.2,4.0101,240,0.02
2,3.2228,4.5113,270,0.02
2,3.1999,5.0126,300,0.02
2,3.2353,5.5138,330,0.02
2,3.2206,6.0151,360,0.02
2,3.2519,6.5163,390,0.02
2,3.2592,7.0176,420,0.02
2,3.267,7.5188,450,0.02
2,3.291,8.0201,480,0.02
2,3.3398,8.5214,510,0.02
2,3.3452,9.0226,540,0.02
2,3.3716,9.5239,570,0.02
2,3.4023,10.0251,600,0.02
2,3.4175,10.5264,630,0.02
2,3.4636,11.0276,660,0.02
2,3.4747,11.5289,690,0.02
2,3.4763,12.0302,720,0.02
2,3.4973,12.5314,750,0.02
2,3.5267,13.0327,780,0.02
2,3.5244,13.5339,810,0.02
2,3.5054,14.0352,840,0.02
2,3.5278,14.5364,870,0.02
2,3.5463,15.0377,900,0.02
2,3.5191,15.5389,930,0.02
2,3.5491,16.0402,960,0.02
2,3.5659,16.5415,990,0.02
2,3.5825,17.0427,1020,0.02
2,3.5785,17.544,1050,0.02
2,3.616,18.0452,1080,0.02
2,3.6057,18.5465,1110,0.02
2,3.6532,19.0477,1140,0.02
2,3.6686,19.549,1170,0.02
2,3.6662,20.0503,1200,0.02
2,3.7018,20.5515,1230,0.02
2,3.7007,21.0528,1260,0.02
2,3.732,21.554,1290,0.02
2,3.7329,22.0553,1320,0.02
2,3.7185,22.5565,1350,0.02
2,3.7391,23.0578,1380,0.02
2,3.7329,23.559,1410,0.02
2,3.7333,24.0603,1440,0.02
2,3.7208,24.5616,1470,0.02
2,3.7493,25.0628,1500,0.02
2,3.7418,25.5641,1530,0.02
2,3.7399,26.0653,1560,0.02
2,3.7545,26.5666,1590,0.02
2,3.7823,27.0678,1620,0.02
2,3.7705,27.5691,1650,0.02
2,3.7911,28.0704,1680,0.02
2,3.8357,28.5716,1710,0.02
2,3.8473,29.0729,1740,0.02
2,3.8488,29.5741,1770,0.02
2,3.8658,30.0754,1800,0.02
2,3.8894,30.5766,1830,0.02
2,3.8904,31.0779,1860,0.02
2,3.8861,31.5791,1890,0.02
2,3.8878,32.0804,1920,0.02
2,3.8686,32.5817,1950,0.02
2,3.8655,33.0829,1980,0.02
2,3.884,33.5842,2010,0.02
2,3.8563,34.0854,2040,0.02
2,3.881,34.5867,2070,0.02
2,3.8869,35.0879,2100,0.02
2,3.8918,35.5892,2130,0.02
2,3.8974,36.0905,2160,0.02
2,3.9022,36.5917,2190,0.02
2,3.9258,37.093,2220,0.02
2,3.9405,37.5942,2250,0.02
2,3.9434,38.0955,2280,0.02
2,3.9544,38.5967,2310,0.02
2,3.9734,39.098,2340,0.02
2,4.0012,39.5992,2370,0.02
2,3.9762,40.1005,2400,0.02
2,3.9965,40.6018,2430,0.02
2,3.9903,41.103,2460,0.02
2,4.0031,41.6043,2490,0.02
2,3.9778,42.1055,2520,0.02
2,3.9898,42.6068,2550,0.02
2,3.9791,43.108,2580,0.02
2,3.9623,43.6093,2610,0.02
2,3.9773,44.1106,2640,0.02
2,3.9862,44.6118,2670,0.02
2,3.9773,45.1131,2700,0.02
2,3.9904,45.6143,2730,0.02
2,4.0024,46.1156,2760,0.02
2,4.006,46.6168,2790,0.02
2,4.0063,47.1181,2820,0.02
2,4.0236,47.6193,2850,0.02
2,4.0278,48.1206,2880,0.02
2,4.0466,48.6219,2910,0.02
2,4.0659,49.1231,2940,0.02
2,4.0542,49.6244,2970,0.02
2,4.069,50.1256,3000,0.02
2,4.0675,50.6269,3030,0.02
2,4.0454,51.1281,3060,0.02
2,4.04,51.6294,3090,0.02
2,4.0332,52.1307,3120,0.02
2,4.0379,52.6319,3150,0.02
2,4.0281,53.1332,3180,0.02
2,4.0453,53.6344,3210,0.02
2,4.0456,54.1357,3240,0.02
2,4.0197,54.6369,3270,0.02
2,4.0569,55.1382,3300,0.02
2,4.06,55.6394,3330,0.02
2,4.0801,56.1407,3360,0.02
2,4.0558,56.642,3390,0.02
2,4.081,57.1432,3420,0.02
2,4.0869,57.6445,3450,0.02
2,4.0975,58.1457,3480,0.02
2,4.0948,58.647,3510,0.02
2,4.1257,59.1482,3540,0.02
2,4.1306,59.6495,3570,0.02
2,4.1164,60.1508,3600,0.02
2,4.0913,60.652,3630,0.02
2,4.0871,61.1533,3660,0.02
2,4.0819,61.6545,3690,0.02
2,4.1005,62.1558,3720,0.02
2,4.0883,62.657,3750,0.02
2,4.0838,63.1583,3780,0.02
2,4.0631,63.6595,3810,0.02
2,4.0631,64.1608,3840,0.02
2,4.0896,64.6621,3870,0.02
2,4.1098,65.1633,3900,0.02
2,4.1069,65.6646,3930,0.02
2,4.0963,66.1658,3960,0.02
2,4.1116,66.6671,3990,0.02
2,4.1294,67.1683,4020,0.02
2,4.1612,67.6696,4050,0.02
2,4.1692,68.1709,4080,0.02
2,4.1664,68.6721,4110,0.02
2,4.1437,69.1734,4140,0.02
2,4.1455,69.6746,4170,0.02
2,4.134,70.1759,4200,0.02
2,4.1137,70.6771,4230,0.02
2,4.1425,71.1784,4260,0.02
2,4.1335,71.6796,4290,0.02
2,4.092,72.1809,4320,0.02
2,4.0984,72.6822,4350,0.02
2,4.124,73.1834,4380,0.02
2,4.0961,73.6847,4410,0.02
2,4.1008,74.1859,4440,0.02
2,4.1197,74.6872,4470,0.02
2,4.1212,75.1884,4500,0.02
2,4.1462,75.6897,4530,0.02
2,4.1525,76.191,4560,0.02
2,4.18,76.6922,4590,0.02
2,4.1643,77.1935,4620,0.02
2,4.1812,77.6947,4650,0.02
2,4.1654,78.196,4680,0.02
2,4.1933,78.6972,4710,0.02
2,4.1552,79.1985,4740,0.02
2,4.1429,79.6997,4770,0.02
2,4.1435,80.201,4800,0.02
2,4.1332,80.7023,4830,0.02
2,4.1447,81.2035,4860,0.02
2,4.137,81.7048,4890,0.02
2,4.1434,82.206,4920,0.02
2,4.1261,82.7073,4950,0.02
2,4.1248,83.2085,4980,0.02
2,4.1491,83.7098,5010,0.02
2,4.1616,84.2111,5040,0.02
2,4.1419,84.7123,5070,0.02
2,4.1462,85.2136,5100,0.02
2,4.1714,85.7148,5130,0.02
2,4.1737,86.2161,5160,0.02
2,4.183,86.7173,5190,0.02
2,4.1795,87.2186,5220,0.02
2,4.1786,87.7198,5250,0.02
2,4.1924,88.2211,5280,0.02
2,4.2,88.7224,5310,0.02
2,4.1805,89.2236,5340,0.02
2,4.1724,89.7249,5370,0.02
2,4.1711,90.2261,5400,0.02
2,4.1396,90.7274,5430,0.02
2,4.1394,91.2286,5460,0.02
2,4.1244,91.7299,5490,0.02
2,4.1573,92.2312,5520,0.02
2,4.1292,92.7324,5550,0.02
2,4.1496,93.2337,5580,0.02
2,4.168,93.7349,5610,0.02
2,4.1518,94.2362,5640,0.02
2,4.1879,94.7374,5670,0.02
2,4.2,95.2387,5700,0.02
2,4.1954,95.7399,5730,0.02
2,4.1983,96.2412,5760,0.02
2,4.2,96.7425,5790,0.02
2,4.189,97.2437,5820,0.02
2,4.2,97.745,5850,0.02
2,4.177,98.2462,5880,0.02
2,4.1684,98.7475,5910,0.02
2,4.1572,99.2487,5940,0.02
2,4.1844,99.75,5970,0.02
3,3.0,0.0,0,0.02
3,3.0263,0.5,30,0.02
3,3.0458,1.0,60,0.02
3,3.0722,1.5,90,0.02
3,3.0906,2.0,120,0.02
3,3.1202,2.5,150,0.02
3,3.1341,3.0,180,0.02
3,3.1593,3.5,210,0.02
3,3.1723,4.0,240,0.02
3,3.1944,4.5,270,0.02
3,3.2172,5.0,300,0.02
3,3.2427,5.5,330,0.02
3,3.2562,6.0,360,0.02
3,3.2733,6.5,390,0.02
3,3.2995,7.0,420,0.02
3,3.3189,7.5,450,0.02
3,3.3321,8.0,480,0.02
3,3.3531,8.5,510,0.02
3,3.3721,9.0,540,0.02
3,3.379,9.5,570,0.02
3,3.395,10.0,600,0.02
3,3.4154,10.5,630,0.02
3,3.4312,11.0,660,0.02
3,3.4455,11.5,690,0.02
3,3.4524,12.0,720,0.02
3,3.479,12.5,750,0.02
3,3.4887,13.0,780,0.02
3,3.5036,13.5,810,0.02
3,3.5143,14.0,840,0.02
3,3.5292,14.5,870,0.02
3,3.5509,15.0,900,0.02
3,3.5574,15.5,930,0.02
3,3.5644,16.0,960,0.02
3,3.5878,16.5,990,0.02
3,3.5961,17.0,1020,0.02
3,3.6054,17.5,1050,0.02
3,3.6129,18.0,1080,0.02
3,3.6294,18.5,1110,0.02
3,3.6357,19.0,1140,0.02
3,3.6442,19.5,1170,0.02
3,3.6623,20.0,1200,0.02
3,3.668,20.5,1230,0.02
3,3.68,21.0,1260,0.02
3,3.6904,21.5,1290,0.02
3,3.7065,22.0,1320,0.02
3,3.711,22.5,1350,0.02
3,3.7281,23.0,1380,0.02
3,3.7384,23.5,1410,0.02
3,3.75,24.0,1440,0.02
3,3.7448,24.5,1470,0.02
3,3.758,25.0,1500,0.02
3,3.7624,25.5,1530,0.02
3,3.7846,26.0,1560,0.02
3,3.7827,26.5,1590,0.02
3,3.7945,27.0,1620,0.02
3,3.8073,27.5,1650,0.02
3,3.8093,28.0,1680,0.02
3,3.8263,28.5,1710,0.02
3,3.8303,29.0,1740,0.02
3,3.8319,29.5,1770,0.02
3,3.8464,30.0,1800,0.02
3,3.8447,30.5,1830,0.02
3,3.8607,31.0,1860,0.02
3,3.869,31.5,1890,0.02
3,3.8654,32.0,1920,0.02
3,3.8703,32.5,1950,0.02
3,3.8863,33.0,1980,0.02
3,3.8942,33.5,2010,0.02
3,3.888,34.0,2040,0.02
3,3.906,34.5,2070,0.02
3,3.9027,35.0,2100,0.02
3,3.9076,35.5,2130,0.02
3,3.9138,36.0,2160,0.02
3,3.919,36.5,2190,0.02
3,3.9247,37.0,2220,0.02
3,3.9416,37.5,2250,0.02
3,3.9391,38.0,2280,0.02
3,3.9463,38.5,2310,0.02
3,3.953,39.0,2340,0.02
3,3.9486,39.5,2370,0.02
3,3.9615,40.0,2400,0.02
3,3.9607,40.5,2430,0.02
3,3.9673,41.0,2460,0.02
3,3.9757,41.5,2490,0.02
3,3.9852,42.0,2520,0.02
3,3.9762,42.5,2550,0.02
3,3.9886,43.0,2580,0.02
3,3.9954,43.5,2610,0.02
3,4.0013,44.0,2640,0.02
3,3.9988,44.5,2670,0.02
3,4.0035,45.0,2700,0.02
3,4.0079,45.5,2730,0.02
3,4.0167,46.0,2760,0.02
3,4.0187,46.5,2790,0.02
3,4.0206,47.0,2820,0.02
3,4.0146,47.5,2850,0.02
3,4.0232,48.0,2880,0.02
3,4.0366,48.5,2910,0.02
3,4.0311,49.0,2940,0.02
3,4.0321,49.5,2970,0.02
3,4.0313,50.0,3000,0.02
3,4.0461,50.5,3030,0.02
3,4.0507,51.0,3060,0.02
3,4.0408,51.5,3090,0.02
3,4.0553,52.0,3120,0.02
3,4.0501,52.5,3150,0.02
3,4.05,53.0,3180,0.02
3,4.0601,53.5,3210,0.02
3,4.065,54.0,3240,0.02
3,4.0618,54.5,3270,0.02
3,4.0613,55.0,3300,0.02
3,4.0709,55.5,3330,0.02
3,4.0737,56.0,3360,0.02
3,4.0709,56.5,3390,0.02
3,4.0866,57.0,3420,0.02
3,4.0752,57.5,3450,0.02
3,4.0782,58.0,3480,0.02
3,4.0861,58.5,3510,0.02
3,4.0868,59.0,3540,0.02
3,4.0932,59.5,3570,0.02
3,4.09,60.0,3600,0.02
3,4.0965,60.5,3630,0.02
3,4.1043,61.0,3660,0.02
3,4.091,61.5,3690,0.02
3,4.0956,62.0,3720,0.02
3,4.1004,62.5,3750,0.02
3,4.1093,63.0,3780,0.02
3,4.1061,63.5,3810,0.02
3,4.1077,64.0,3840,0.02
3,4.1068,64.5,3870,0.02
3,4.1111,65.0,3900,0.02
3,4.1209,65.5,3930,0.02
3,4.123,66.0,3960,0.02
3,4.1237,66.5,3990,0.02
3,4.1116,67.0,4020,0.02
3,4.1266,67.5,4050,0.02
3,4.1248,68.0,4080,0.02
3,4.127,68.5,4110,0.02
3,4.1269,69.0,4140,0.02
3,4.1321,69.5,4170,0.02
3,4.1239,70.0,4200,0.02
3,4.1361,70.5,4230,0.02
3,4.1273,71.0,4260,0.02
3,4.1375,71.5,4290,0.02
3,4.1368,72.0,4320,0.02
3,4.1378,72.5,4350,0.02
3,4.1317,73.0,4380,0.02
3,4.1356,73.5,4410,0.02
3,4.141,74.0,4440,0.02
3,4.1458,74.5,4470,0.02
3,4.1389,75.0,4500,0.02
3,4.1344,75.5,4530,0.02
3,4.1363,76.0,4560,0.02
3,4.1383,76.5,4590,0.02
3,4.1528,77.0,4620,0.02
3,4.1505,77.5,4650,0.02
3,4.1542,78.0,4680,0.02
3,4.1439,78.5,4710,0.02
3,4.1503,79.0,4740,0.02
3,4.15,79.5,4770,0.02
3,4.1522,80.0,4800,0.02
3,4.158,80.5,4830,0.02
3,4.1532,81.0,4860,0.02
3,4.1528,81.5,4890,0.02
3,4.1636,82.0,4920,0.02
3,4.1571,82.5,4950,0.02
3,4.1634,83.0,4980,0.02
3,4.1616,83.5,5010,0.02
3,4.153,84.0,5040,0.02
3,4.1624,84.5,5070,0.02
3,4.1565,85.0,5100,0.02
3,4.169,85.5,5130,0.02
3,4.1669,86.0,5160,0.02
3,4.1558,86.5,5190,0.02
3,4.1687,87.0,5220,0.02
3,4.1666,87.5,5250,0.02
3,4.1653,88.0,5280,0.02
3,4.1664,88.5,5310,0.02
3,4.1669,89.0,5340,0.02
3,4.1612,89.5,5370,0.02
3,4.1742,90.0,5400,0.02
3,4.1723,90.5,5430,0.02
3,4.1705,91.0,5460,0.02
3,4.1777,91.5,5490,0.02
3,4.176,92.0,5520,0.02
3,4.166,92.5,5550,0.02
3,4.1678,93.0,5580,0.02
3,4.1644,93.5,5610,0.02
3,4.1805,94.0,5640,0.02
3,4.1766,94.5,5670,0.02
3,4.1709,95.0,5700,0.02
3,4.1753,95.5,5730,0.02
3,4.1754,96.0,5760,0.02
3,4.1734,96.5,5790,0.02
3,4.1748,97.0,5820,0.02
3,4.177,97.5,5850,0.02
3,4.1803,98.0,5880,0.02
3,4.1697,98.5,5910,0.02
3,4.1728,99.0,5940,0.02
3,4.1708,99.5,5970,0.02
4,3.0,0.0,0,0.02
4,3.031,0.4987,30,0.02
4,3.0403,0.9975,60,0.02
4,3.0676,1.4962,90,0.02
4,3.0877,1.995,120,0.02
4,3.1151,2.4937,150,0.02
4,3.1415,2.9925,180,0.02
4,3.1576,3.4912,210,0.02
4,3.1734,3.9899,240,0.02
4,3.2065,4.4887,270,0.02
4,3.2192,4.9874,300,0.02
4,3.2336,5.4862,330,0.02
4,3.2562,5.9849,360,0.02
4,3.2737,6.4837,390,0.02
4,3.3016,6.9824,420,0.02
4,3.3062,7.4812,450,0.02
4,3.3347,7.9799,480,0.02
4,3.3409,8.4786,510,0.02
4,3.3595,8.9774,540,0.02
4,3.3789,9.4761,570,0.02
4,3.3914,9.9749,600,0.02
4,3.4125,10.4736,630,0.02
4,3.431,10.9724,660,0.02
4,3.4449,11.4711,690,0.02
4,3.4544,11.9698,720,0.02
4,3.4694,12.4686,750,0.02
4,3.4873,12.9673,780,0.02
4,3.5073,13.4661,810,0.02
4,3.5187,13.9648,840,0.02
4,3.5238,14.4636,870,0.02
4,3.5493,14.9623,900,0.02
4,3.5518,15.4611,930,0.02
4,3.5632,15.9598,960,0.02
4,3.581,16.4585,990,0.02
4,3.5923,16.9573,1020,0.02
4,3.6106,17.456,1050,0.02
4,3.6223,17.9548,1080,0.02
4,3.6221,18.4535,1110,0.02
4,3.6371,18.9523,1140,0.02
4,3.6553,19.451,1170,0.02
4,3.6682,19.9497,1200,0.02
4,3.6683,20.4485,1230,0.02
4,3.6898,20.9472,1260,0.02
4,3.6942,21.446,1290,0.02
4,3.6993,21.9447,1320,0.02
4,3.7223,22.4435,1350,0.02
4,3.7186,22.9422,1380,0.02
4,3.7379,23.441,1410,0.02
4,3.7378,23.9397,1440,0.02
4,3.7577,24.4384,1470,0.02
4,3.7574,24.9372,1500,0.02
4,3.7625,25.4359,1530,0.02
4,3.7853,25.9347,1560,0.02
4,3.7813,26.4334,1590,0.02
4,3.7934,26.9322,1620,0.02
4,3.8101,27.4309,1650,0.02
4,3.8162,27.9296,1680,0.02
4,3.8201,28.4284,1710,0.02
4,3.8259,28.9271,1740,0.02
4,3.8341,29.4259,1770,0.02
4,3.8404,29.9246,1800,0.02
4,3.8496,30.4234,1830,0.02
4,3.8624,30.9221,1860,0.02
4,3.862,31.4209,1890,0.02
4,3.8694,31.9196,1920,0.02
4,3.8685,32.4183,1950,0.02
4,3.8816,32.9171,1980,0.02
4,3.8829,33.4158,2010,0.02
4,3.8989,33.9146,2040,0.02
4,3.9064,34.4133,2070,0.02
4,3.9138,34.9121,2100,0.02
4,3.9104,35.4108,2130,0.02
4,3.9171,35.9095,2160,0.02
4,3.9264,36.4083,2190,0.02
4,3.93,36.907,2220,0.02
4,3.9388,37.4058,2250,0.02
4,3.9376,37.9045,2280,0.02
4,3.9407,38.4033,2310,0.02
4,3.9521,38.902,2340,0.02
4,3.9514,39.4008,2370,0.02
4,3.9541,39.8995,2400,0.02
4,3.9686,40.3982,2430,0.02
4,3.9623,40.897,2460,0.02
4,3.9765,41.3957,2490,0.02
4,3.9802,41.8945,2520,0.02
4,3.9755,42.3932,2550,0.02
4,3.9804,42.892,2580,0.02
4,3.9963,43.3907,2610,0.02
4,3.9948,43.8894,2640,0.02
4,4.0049,44.3882,2670,0.02
4,4.0,44.8869,2700,0.02
4,4.0104,45.3857,2730,0.02
4,4.0061,45.8844,2760,0.02
4,4.0225,46.3832,2790,0.02
4,4.0155,46.8819,2820,0.02
4,4.0165,47.3807,2850,0.02
4,4.0258,47.8794,2880,0.02
4,4.0303,48.3781,2910,0.02
4,4.0399,48.8769,2940,0.02
4,4.034,49.3756,2970,0.02
4,4.0413,49.8744,3000,0.02
4,4.0503,50.3731,3030,0.02
4,4.0425,50.8719,3060,0.02
4,4.0546,51.3706,3090,0.02
4,4.0478,51.8693,3120,0.02
4,4.0601,52.3681,3150,0.02
4,4.0506,52.8668,3180,0.02
4,4.0547,53.3656,3210,0.02
4,4.0592,53.8643,3240,0.02
4,4.0596,54.3631,3270,0.02
4,4.0667,54.8618,3300,0.02
4,4.0734,55.3606,3330,0.02
4,4.0693,55.8593,3360,0.02
4,4.0692,56.358,3390,0.02
4,4.0779,56.8568,3420,0.02
4,4.0796,57.3555,3450,0.02
4,4.0874,57.8543,3480,0.02
4,4.0916,58.353,3510,0.02
4,4.095,58.8518,3540,0.02
4,4.0981,59.3505,3570,0.02
4,4.0999,59.8492,3600,0.02
4,4.099,60.348,3630,0.02
4,4.0907,60.8467,3660,0.02
4,4.1041,61.3455,3690,0.02
4,4.0934,61.8442,3720,0.02
4,4.1103,62.343,3750,0.02
4,4.0991,62.8417,3780,0.02
4,4.1022,63.3405,3810,0.02
4,4.1149,63.8392,3840,0.02
4,4.1115,64.3379,3870,0.02
4,4.1195,64.8367,3900,0.02
4,4.1072,65.3354,3930,0.02
4,4.1218,65.8342,3960,0.02
4,4.1186,66.3329,3990,0.02
4,4.1201,66.8317,4020,0.02
4,4.1148,67.3304,4050,0.02
4,4.1276,67.8291,4080,0.02
4,4.1312,68.3279,4110,0.02
4,4.1255,68.8266,4140,0.02
4,4.1247,69.3254,4170,0.02
4,4.1354,69.8241,4200,0.02
4,4.1319,70.3229,4230,0.02
4,4.1334,70.8216,4260,0.02
4,4.1327,71.3204,4290,0.02
4,4.1281,71.8191,4320,0.02
4,4.1344,72.3178,4350,0.02
4,4.1418,72.8166,4380,0.02
4,4.1389,73.3153,4410,0.02
4,4.1456,73.8141,4440,0.02
4,4.137,74.3128,4470,0.02
4,4.1351,74.8116,4500,0.02
4,4.1412,75.3103,4530,0.02
4,4.1355,75.809,4560,0.02
4,4.1503,76.3078,4590,0.02
4,4.1487,76.8065,4620,0.02
4,4.1469,77.3053,4650,0.02
4,4.1503,77.804,4680,0.02
4,4.1448,78.3028,4710,0.02
4,4.1462,78.8015,4740,0.02
4,4.1545,79.3003,4770,0.02
4,4.1573,79.799,4800,0.02
4,4.1578,80.2977,4830,0.02
4,4.1589,80.7965,4860,0.02
4,4.1473,81.2952,4890,0.02
4,4.1567,81.794,4920,0.02
4,4.1514,82.2927,4950,0.02
4,4.1519,82.7915,4980,0.02
4,4.1626,83.2902,5010,0.02
4,4.1514,83.7889,5040,0.02
4,4.1533,84.2877,5070,0.02
4,4.1548,84.7864,5100,0.02
4,4.1574,85.2852,5130,0.02
4,4.162,85.7839,5160,0.02
4,4.1639,86.2827,5190,0.02
4,4.1714,86.7814,5220,0.02
4,4.1699,87.2802,5250,0.02
4,4.1662,87.7789,5280,0.02
4,4.1611,88.2776,5310,0.02
4,4.1708,88.7764,5340,0.02
4,4.1721,89.2751,5370,0.02
4,4.1683,89.7739,5400,0.02
4,4.1699,90.2726,5430,0.02
4,4.1621,90.7714,5460,0.02
4,4.1767,91.2701,5490,0.02
4,4.1712,91.7688,5520,0.02
4,4.1742,92.2676,5550,0.02
4,4.1683,92.7663,5580,0.02
4,4.1655,93.2651,5610,0.02
4,4.1803,93.7638,5640,0.02
4,4.1655,94.2626,5670,0.02
4,4.174,94.7613,5700,0.02
4,4.1745,95.2601,5730,0.02
4,4.1735,95.7588,5760,0.02
4,4.174,96.2575,5790,0.02
4,4.172,96.7563,5820,0.02
4,4.1727,97.255,5850,0.02
4,4.1749,97.7538,5880,0.02
4,4.1761,98.2525,5910,0.02
4,4.1711,98.7513,5940,0.02
4,4.1768,99.25,5970,0.02
5,3.0083,0.0,0,0.02
5,3.0437,0.4975,30,0.02
5,3.0731,0.995,60,0.02
5,3.1019,1.4925,90,0.02
5,3.1304,1.9899,120,0.02
5,3.1424,2.4874,150,0.02
5,3.176,2.9849,180,0.02
5,3.1737,3.4824,210,0.02
5,3.1853,3.9799,240,0.02
5,3.2139,4.4774,270,0.02
5,3.1972,4.9749,300,0.02
5,3.206,5.4724,330,0.02
5,3.2429,5.9698,360,0.02
5,3.2536,6.4673,390,0.02
5,3.2764,6.9648,420,0.02
5,3.3008,7.4623,450,0.02
5,3.2934,7.9598,480,0.02
5,3.3423,8.4573,510,0.02
5,3.3592,8.9548,540,0.02
5,3.3826,9.4523,570,0.02
5,3.4263,9.9497,600,0.02
5,3.4199,10.4472,630,0.02
5,3.4416,10.9447,660,0.02
5,3.4668,11.4422,690,0.02
5,3.5019,11.9397,720,0.02
5,3.5074,12.4372,750,0.02
5,3.5172,12.9347,780,0.02
5,3.5123,13.4322,810,0.02
5,3.5051,13.9296,840,0.02
5,3.5192,14.4271,870,0.02
5,3.5225,14.9246,900,0.02
5,3.5162,15.4221,930,0.02
5,3.5284,15.9196,960,0.02
5,3.548,16.4171,990,0.02
5,3.5595,16.9146,1020,0.02
5,3.5948,17.4121,1050,0.02
5,3.6091,17.9095,1080,0.02
5,3.6381,18.407,1110,0.02
5,3.6327,18.9045,1140,0.02
5,3.6817,19.402,1170,0.02
5,3.6709,19.8995,1200,0.02
5,3.7145,20.397,1230,0.02
5,3.7037,20.8945,1260,0.02
5,3.7039,21.392,1290,0.02
5,3.7397,21.8894,1320,0.02
5,3.7176,22.3869,1350,0.02
5,3.7491,22.8844,1380,0.02
5,3.7204,23.3819,1410,0.02
5,3.7419,23.8794,1440,0.02
5,3.7395,24.3769,1470,0.02
5,3.7201,24.8744,1500,0.02
5,3.7552,25.3719,1530,0.02
5,3.7349,25.8693,1560,0.02
5,3.7575,26.3668,1590,0.02
5,3.7563,26.8643,1620,0.02
5,3.8037,27.3618,1650,0.02
5,3.8224,27.8593,1680,0.02
5,3.8176,28.3568,1710,0.02
5,3.828,28.8543,1740,0.02
5,3.8748,29.3518,1770,0.02
5,3.8766,29.8492,1800,0.02
5,3.8653,30.3467,1830,0.02
5,3.8821,30.8442,1860,0.02
5,3.8813,31.3417,1890,0.02
5,3.8702,31.8392,1920,0.02
5,3.8822,32.3367,1950,0.02
5,3.8726,32.8342,1980,0.02
5,3.8758,33.3317,2010,0.02
5,3.8813,33.8291,2040,0.02
5,3.8867,34.3266,2070,0.02
5,3.868,34.8241,2100,0.02
5,3.8717,35.3216,2130,0.02
5,3.8959,35.8191,2160,0.02
5,3.8837,36.3166,2190,0.02
5,3.9074,36.8141,2220,0.02
5,3.9116,37.3116,2250,0.02
5,3.9352,37.809,2280,0.02
5,3.9607,38.3065,2310,0.02
5,3.9584,38.804,2340,0.02
5,3.9813,39.3015,2370,0.02
5,3.9721,39.799,2400,0.02
5,3.9902,40.2965,2430,0.02
5,3.9878,40.794,2460,0.02
5,4.0003,41.2915,2490,0.02
5,3.9848,41.7889,2520,0.02
5,4.0,42.2864,2550,0.02
5,3.9559,42.7839,2580,0.02
5,3.9752,43.2814,2610,0.02
5,3.9829,43.7789,2640,0.02
5,3.9526,44.2764,2670,0.02
5,3.9782,44.7739,2700,0.02
5,3.9932,45.2714,2730,0.02
5,4.005,45.7688,2760,0.02
5,4.0094,46.2663,2790,0.02
5,4.0325,46.7638,2820,0.02
5,4.0232,47.2613,2850,0.02
5,4.0519,47.7588,2880,0.02
5,4.0436,48.2563,2910,0.02
5,4.067,48.7538,2940,0.02
5,4.0681,49.2513,2970,0.02
5,4.0475,49.7487,3000,0.02
5,4.0827,50.2462,3030,0.02
5,4.0491,50.7437,3060,0.02
5,4.0414,51.2412,3090,0.02
5,4.0468,51.7387,3120,0.02
5,4.0233,52.2362,3150,0.02
5,4.0442,52.7337,3180,0.02
5,4.0492,53.2312,3210,0.02
5,4.0298,53.7286,3240,0.02
5,4.0392,54.2261,3270,0.02
5,4.0489,54.7236,3300,0.02
5,4.0354,55.2211,3330,0.02
5,4.075,55.7186,3360,0.02
5,4.0631,56.2161,3390,0.02
5,4.0731,56.7136,3420,0.02
5,4.1003,57.2111,3450,0.02
5,4.0912,57.7085,3480,0.02
5,4.1179,58.206,3510,0.02
5,4.1007,58.7035,3540,0.02
5,4.114,59.201,3570,0.02
5,4.1169,59.6985,3600,0.02
5,4.1041,60.196,3630,0.02
5,4.1108,60.6935,3660,0.02
5,4.1117,61.191,3690,0.02
5,4.0939,61.6884,3720,0.02
5,4.066,62.1859,3750,0.02
5,4.0701,62.6834,3780,0.02
5,4.0627,63.1809,3810,0.02
5,4.06,63.6784,3840,0.02
5,4.0734,64.1759,3870,0.02
5,4.0829,64.6734,3900,0.02
5,4.0883,65.1709,3930,0.02
5,4.1225,65.6683,3960,0.02
5,4.1281,66.1658,3990,0.02
5,4.1543,66.6633,4020,0.02
5,4.1295,67.1608,4050,0.02
5,4.1482,67.6583,4080,0.02
5,4.1517,68.1558,4110,0.02
5,4.1529,68.6533,4140,0.02
5,4.1407,69.1508,4170,0.02
5,4.1477,69.6482,4200,0.02
5,4.1244,70.1457,4230,0.02
5,4.1178,70.6432,4260,0.02
5,4.1234,71.1407,4290,0.02
5,4.1066,71.6382,4320,0.02
5,4.0985,72.1357,4350,0.02
5,4.1022,72.6332,4380,0.02
5,4.0994,73.1307,4410,0.02
5,4.1091,73.6281,4440,0.02
5,4.1288,74.1256,4470,0.02
5,4.1245,74.6231,4500,0.02
5,4.1495,75.1206,4530,0.02
5,4.1511,75.6181,4560,0.02
5,4.1575,76.1156,4590,0.02
5,4.1631,76.6131,4620,0.02
5,4.1806,77.1106,4650,0.02
5,4.1706,77.608,4680,0.02
5,4.1614,78.1055,4710,0.02
5,4.1537,78.603,4740,0.02
5,4.1552,79.1005,4770,0.02
5,4.1685,79.598,4800,0.02
5,4.1622,80.0955,4830,0.02
5,4.1286,80.593,4860,0.02
5,4.1287,81.0905,4890,0.02
5,4.1405,81.5879,4920,0.02
5,4.1318,82.0854,4950,0.02
5,4.1422,82.5829,4980,0.02
5,4.127,83.0804,5010,0.02
5,4.1486,83.5779,5040,0.02
5,4.1427,84.0754,5070,0.02
5,4.1746,84.5729,5100,0.02
5,4.1808,85.0704,5130,0.02
5,4.1804,85.5678,5160,0.02
5,4.2,86.0653,5190,0.02
5,4.1894,86.5628,5220,0.02
5,4.1746,87.0603,5250,0.02
5,4.189,87.5578,5280,0.02
5,4.1863,88.0553,5310,0.02
5,4.1604,88.5528,5340,0.02
5,4.1809,89.0503,5370,0.02
5,4.1647,89.5477,5400,0.02
5,4.1569,90.0452,5430,0.02
5,4.1378,90.5427,5460,0.02
5,4.1217,91.0402,5490,0.02
5,4.1303,91.5377,5520,0.02
5,4.1407,92.0352,5550,0.02
5,4.1626,92.5327,5580,0.02
5,4.1429,93.0302,5610,0.02
5,4.176,93.5276,5640,0.02
5,4.1956,94.0251,5670,0.02
5,4.2,94.5226,5700,0.02
5,4.1951,95.0201,5730,0.02
5,4.2,95.5176,5760,0.02
5,4.2,96.0151,5790,0.02
5,4.2,96.5126,5820,0.02
5,4.2,97.0101,5850,0.02
5,4.1969,97.5075,5880,0.02
5,4.1937,98.005,5910,0.02
5,4.1961,98.5025,5940,0.02
5,4.1845,99.0,5970,0.02
6,3.0,0.0,0,0.02
6,3.0272,0.4962,30,0.02
6,3.0464,0.9925,60,0.02
6,3.0699,1.4887,90,0.02
6,3.0967,1.9849,120,0.02
6,3.1198,2.4812,150,0.02
6,3.1411,2.9774,180,0.02
6,3.1599,3.4736,210,0.02
6,3.1836,3.9698,240,0.02
6,3.2015,4.4661,270,0.02
6,3.2134,4.9623,300,0.02
6,3.2426,5.4585,330,0.02
6,3.2554,5.9548,360,0.02
6,3.2711,6.451,390,0.02
6,3.2934,6.9472,420,0.02
6,3.3099,7.4435,450,0.02
6,3.333,7.9397,480,0.02
6,3.3412,8.4359,510,0.02
6,3.3564,8.9322,540,0.02
6,3.3864,9.4284,570,0.02
6,3.4049,9.9246,600,0.02
6,3.4054,10.4209,630,0.02
6,3.4274,10.9171,660,0.02
6,3.4499,11.4133,690,0.02
6,3.4621,11.9095,720,0.02
6,3.4775,12.4058,750,0.02
6,3.4824,12.902,780,0.02
6,3.5039,13.3982,810,0.02
6,3.5106,13.8945,840,0.02
6,3.5324,14.3907,870,0.02
6,3.5427,14.8869,900,0.02
6,3.5642,15.3832,930,0.02
6,3.5652,15.8794,960,0.02
6,3.5777,16.3756,990,0.02
6,3.5953,16.8719,1020,0.02
6,3.6082,17.3681,1050,0.02
6,3.6134,17.8643,1080,0.02
6,3.6281,18.3606,1110,0.02
6,3.6469,18.8568,1140,0.02
6,3.6592,19.353,1170,0.02
6,3.6629,19.8492,1200,0.02
6,3.6659,20.3455,1230,0.02
6,3.6777,20.8417,1260,0.02
6,3.6987,21.3379,1290,0.02
6,3.7041,21.8342,1320,0.02
6,3.7084,22.3304,1350,0.02
6,3.7203,22.8266,1380,0.02
6,3.7324,23.3229,1410,0.02
6,3.7446,23.8191,1440,0.02
6,3.7537,24.3153,1470,0.02
6,3.7622,24.8116,1500,0.02
6,3.7772,25.3078,1530,0.02
6,3.7785,25.804,1560,0.02
6,3.7841,26.3003,1590,0.02
6,3.7933,26.7965,1620,0.02
6,3.7981,27.2927,1650,0.02
6,3.8142,27.7889,1680,0.02
6,3.8123,28.2852,1710,0.02
6,3.8315,28.7814,1740,0.02
6,3.8261,29.2776,1770,0.02
6,3.8393,29.7739,1800,0.02
6,3.8399,30.2701,1830,0.02
6,3.8529,30.7663,1860,0.02
6,3.8652,31.2626,1890,0.02
6,3.8663,31.7588,1920,0.02
6,3.8745,32.255,1950,0.02
6,3.8839,32.7513,1980,0.02
6,3.886,33.2475,2010,0.02
6,3.899,33.7437,2040,0.02
6,3.9016,34.2399,2070,0.02
6,3.8993,34.7362,2100,0.02
6,3.9103,35.2324,2130,0.02
6,3.9119,35.7286,2160,0.02
6,3.9239,36.2249,2190,0.02
6,3.9221,36.7211,2220,0.02
6,3.9362,37.2173,2250,0.02
6,3.9336,37.7136,2280,0.02
6,3.9381,38.2098,2310,0.02
6,3.9507,38.706,2340,0.02
6,3.9545,39.2023,2370,0.02
6,3.9603,39.6985,2400,0.02
6,3.9626,40.1947,2430,0.02
6,3.9676,40.691,2460,0.02
6,3.9669,41.1872,2490,0.02
6,3.9833,41.6834,2520,0.02
6,3.9759,42.1796,2550,0.02
6,3.9875,42.6759,2580,0.02
6,3.9956,43.1721,2610,0.02
6,4.0033,43.6683,2640,0.02
6,3.9944,44.1646,2670,0.02
6,3.9967,44.6608,2700,0.02
6,4.0126,45.157,2730,0.02
6,4.0046,45.6533,2760,0.02
6,4.0217,46.1495,2790,0.02
6,4.015,46.6457,2820,0.02
6,4.0198,47.142,2850,0.02
6,4.0222,47.6382,2880,0.02
6,4.0251,48.1344,2910,0.02
6,4.0322,48.6307,2940,0.02
6,4.0369,49.1269,2970,0.02
6,4.0434,49.6231,3000,0.02
6,4.0422,50.1193,3030,0.02
6,4.0385,50.6156,3060,0.02
6,4.0513,51.1118,3090,0.02
6,4.0463,51.608,3120,0.02
6,4.0543,52.1043,3150,0.02
6,4.0645,52.6005,3180,0.02
6,4.0575,53.0967,3210,0.02
6,4.061,53.593,3240,0.02
6,4.0712,54.0892,3270,0.02
6,4.0667,54.5854,3300,0.02
6,4.0717,55.0817,3330,0.02
6,4.0681,55.5779,3360,0.02
6,4.0718,56.0741,3390,0.02
6,4.084,56.5704,3420,0.02
6,4.0879,57.0666,3450,0.02
6,4.0841,57.5628,3480,0.02
6,4.0782,58.059,3510,0.02
6,4.0817,58.5553,3540,0.02
6,4.0941,59.0515,3570,0.02
6,4.0876,59.5477,3600,0.02
6,4.0938,60.044,3630,0.02
6,4.1018,60.5402,3660,0.02
6,4.1029,61.0364,3690,0.02
6,4.102,61.5327,3720,0.02
6,4.1027,62.0289,3750,0.02
6,4.102,62.5251,3780,0.02
6,4.0999,63.0214,3810,0.02
6,4.1061,63.5176,3840,0.02
6,4.1096,64.0138,3870,0.02
6,4.1136,64.5101,3900,0.02
6,4.1141,65.0063,3930,0.02
6,4.1102,65.5025,3960,0.02
6,4.1236,65.9987,3990,0.02
6,4.1187,66.495,4020,0.02
6,4.1228,66.9912,4050,0.02
6,4.1166,67.4874,4080,0.02
6,4.1227,67.9837,4110,0.02
6,4.1246,68.4799,4140,0.02
6,4.1202,68.9761,4170,0.02
6,4.1289,69.4724,4200,0.02
6,4.1338,69.9686,4230,0.02
6,4.1377,70.4648,4260,0.02
6,4.1385,70.9611,4290,0.02
6,4.1385,71.4573,4320,0.02
6,4.1382,71.9535,4350,0.02
6,4.1382,72.4497,4380,0.02
6,4.1427,72.946,4410,0.02
6,4.1402,73.4422,4440,0.02
6,4.1458,73.9384,4470,0.02
6,4.1383,74.4347,4500,0.02
6,4.1451,74.9309,4530,0.02
6,4.1445,75.4271,4560,0.02
6,4.1451,75.9234,4590,0.02
6,4.1414,76.4196,4620,0.02
6,4.1396,76.9158,4650,0.02
6,4.1443,77.4121,4680,0.02
6,4.1455,77.9083,4710,0.02
6,4.148,78.4045,4740,0.02
6,4.1515,78.9008,4770,0.02
6,4.1511,79.397,4800,0.02
6,4.1562,79.8932,4830,0.02
6,4.1611,80.3894,4860,0.02
6,4.1516,80.8857,4890,0.02
6,4.1607,81.3819,4920,0.02
6,4.1522,81.8781,4950,0.02
6,4.1579,82.3744,4980,0.02
6,4.1544,82.8706,5010,0.02
6,4.1541,83.3668,5040,0.02
6,4.1656,83.8631,5070,0.02
6,4.1603,84.3593,5100,0.02
6,4.1551,84.8555,5130,0.02
6,4.1679,85.3518,5160,0.02
6,4.1618,85.848,5190,0.02
6,4.156,86.3442,5220,0.02
6,4.158,86.8405,5250,0.02
6,4.1708,87.3367,5280,0.02
6,4.165,87.8329,5310,0.02
6,4.159,88.3291,5340,0.02
6,4.1626,88.8254,5370,0.02
6,4.17,89.3216,5400,0.02
6,4.1612,89.8178,5430,0.02
6,4.1721,90.3141,5460,0.02
6,4.1657,90.8103,5490,0.02
6,4.1717,91.3065,5520,0.02
6,4.1649,91.8028,5550,0.02
6,4.1686,92.299,5580,0.02
6,4.1782,92.7952,5610,0.02
6,4.1718,93.2915,5640,0.02
6,4.1701,93.7877,5670,0.02
6,4.1723,94.2839,5700,0.02
6,4.1693,94.7802,5730,0.02
6,4.1768,95.2764,5760,0.02
6,4.1806,95.7726,5790,0.02
6,4.1694,96.2688,5820,0.02
6,4.1803,96.7651,5850,0.02
6,4.1735,97.2613,5880,0.02
6,4.1692,97.7575,5910,0.02
6,4.1831,98.2538,5940,0.02
6,4.1794,98.75,5970,0.02
7,3.0,0.0,0,0.02
7,3.0223,0.495,30,0.02
7,3.0431,0.9899,60,0.02
7,3.0643,1.4849,90,0.02
7,3.0924,1.9799,120,0.02
7,3.1104,2.4749,150,0.02
7,3.1443,2.9698,180,0.02
7,3.1652,3.4648,210,0.02
7,3.1849,3.9598,240,0.02
7,3.194,4.4548,270,0.02
7,3.2138,4.9497,300,0.02
7,3.2343,5.4447,330,0.02
7,3.252,5.9397,360,0.02
7,3.2771,6.4347,390,0.02
7,3.2897,6.9296,420,0.02
7,3.3052,7.4246,450,0.02
7,3.3331,7.9196,480,0.02
7,3.3393,8.4146,510,0.02
7,3.3572,8.9095,540,0.02
7,3.3788,9.4045,570,0.02
7,3.403,9.8995,600,0.02
7,3.4064,10.3945,630,0.02
7,3.4367,10.8894,660,0.02
7,3.4442,11.3844,690,0.02
7,3.452,11.8794,720,0.02
7,3.4744,12.3744,750,0.02
7,3.4962,12.8693,780,0.02
7,3.5002,13.3643,810,0.02
7,3.5228,13.8593,840,0.02
7,3.5242,14.3543,870,0.02
7,3.5488,14.8492,900,0.02
7,3.5575,15.3442,930,0.02
7,3.5684,15.8392,960,0.02
7,3.5778,16.3342,990,0.02
7,3.5864,16.8291,1020,0.02
7,3.6047,17.3241,1050,0.02
7,3.6198,17.8191,1080,0.02
7,3.6344,18.3141,1110,0.02
7,3.6462,18.809,1140,0.02
7,3.6587,19.304,1170,0.02
7,3.6574,19.799,1200,0.02
7,3.6705,20.294,1230,0.02
7,3.6881,20.7889,1260,0.02
7,3.7023,21.2839,1290,0.02
7,3.6996,21.7789,1320,0.02
7,3.7153,22.2739,1350,0.02
7,3.7233,22.7688,1380,0.02
7,3.7305,23.2638,1410,0.02
7,3.7498,23.7588,1440,0.02
7,3.7502,24.2538,1470,0.02
7,3.7575,24.7487,1500,0.02
7,3.7737,25.2437,1530,0.02
7,3.7796,25.7387,1560,0.02
7,3.7927,26.2337,1590,0.02
7,3.793,26.7286,1620,0.02
7,3.7954,27.2236,1650,0.02
7,3.8139,27.7186,1680,0.02
7,3.8159,28.2136,1710,0.02
7,3.8234,28.7085,1740,0.02
7,3.8256,29.2035,1770,0.02
7,3.8462,29.6985,1800,0.02
7,3.844,30.1935,1830,0.02
7,3.8627,30.6884,1860,0.02
7,3.8614,31.1834,1890,0.02
7,3.8724,31.6784,1920,0.02
7,3.8791,32.1734,1950,0.02
7,3.8825,32.6683,1980,0.02
7,3.8804,33.1633,2010,0.02
7,3.8942,33.6583,2040,0.02
7,3.895,34.1533,2070,0.02
7,3.8997,34.6482,2100,0.02
7,3.918,35.1432,2130,0.02
7,3.9112,35.6382,2160,0.02
7,3.9232,36.1332,2190,0.02
7,3.9281,36.6281,2220,0.02
7,3.9418,37.1231,2250,0.02
7,3.9379,37.6181,2280,0.02
7,3.951,38.1131,2310,0.02
7,3.9514,38.608,2340,0.02
7,3.962,39.103,2370,0.02
7,3.9635,39.598,2400,0.02
7,3.9665,40.093,2430,0.02
7,3.9646,40.5879,2460,0.02
7,3.9697,41.0829,2490,0.02
7,3.9703,41.5779,2520,0.02
7,3.9752,42.0729,2550,0.02
7,3.9828,42.5678,2580,0.02
7,3.9934,43.0628,2610,0.02
7,3.9897,43.5578,2640,0.02
7,3.9991,44.0528,2670,0.02
7,4.0019,44.5477,2700,0.02
7,4.0053,45.0427,2730,0.02
7,4.0144,45.5377,2760,0.02
7,4.0087,46.0327,2790,0.02
7,4.0231,46.5276,2820,0.02
7,4.0167,47.0226,2850,0.02
7,4.0315,47.5176,2880,0.02
7,4.0212,48.0126,2910,0.02
7,4.0271,48.5075,2940,0.02
7,4.0303,49.0025,2970,0.02
7,4.038,49.4975,3000,0.02
7,4.0353,49.9925,3030,0.02
7,4.0417,50.4874,3060,0.02
7,4.0537,50.9824,3090,0.02
7,4.0586,51.4774,3120,0.02
7,4.0508,51.9724,3150,0.02
7,4.0503,52.4673,3180,0.02
7,4.0577,52.9623,3210,0.02
7,4.0696,53.4573,3240,0.02
7,4.0626,53.9523,3270,0.02
7,4.0705,54.4472,3300,0.02
7,4.0677,54.9422,3330,0.02
7,4.0758,55.4372,3360,0.02
7,4.0786,55.9322,3390,0.02
7,4.0848,56.4271,3420,0.02
7,4.087,56.9221,3450,0.02
7,4.0772,57.4171,3480,0.02
7,4.0885,57.9121,3510,0.02
7,4.086,58.407,3540,0.02
7,4.0872,58.902,3570,0.02
7,4.0871,59.397,3600,0.02
7,4.0939,59.892,3630,0.02
7,4.1012,60.3869,3660,0.02
7,4.1007,60.8819,3690,0.02
7,4.0966,61.3769,3720,0.02
7,4.0982,61.8719,3750,0.02
7,4.1024,62.3668,3780,0.02
7,4.107,62.8618,3810,0.02
7,4.1075,63.3568,3840,0.02
7,4.1172,63.8518,3870,0.02
7,4.1198,64.3467,3900,0.02
7,4.1198,64.8417,3930,0.02
7,4.1132,65.3367,3960,0.02
7,4.1119,65.8317,3990,0.02
7,4.123,66.3266,4020,0.02
7,4.1181,66.8216,4050,0.02
7,4.128,67.3166,4080,0.02
7,4.1243,67.8116,4110,0.02
7,4.1188,68.3065,4140,0.02
7,4.1231,68.8015,4170,0.02
7,4.1259,69.2965,4200,0.02
7,4.1279,69.7915,4230,0.02
7,4.1258,70.2864,4260,0.02
7,4.1358,70.7814,4290,0.02
7,4.1402,71.2764,4320,0.02
7,4.1393,71.7714,4350,0.02
7,4.1354,72.2663,4380,0.02
7,4.136,72.7613,4410,0.02
7,4.1346,73.2563,4440,0.02
7,4.1323,73.7513,4470,0.02
7,4.1377,74.2462,4500,0.02
7,4.1501,74.7412,4530,0.02
7,4.1425,75.2362,4560,0.02
7,4.1508,75.7312,4590,0.02
7,4.1456,76.2261,4620,0.02
7,4.1501,76.7211,4650,0.02
7,4.1503,77.2161,4680,0.02
7,4.1523,77.7111,4710,0.02
7,4.1478,78.206,4740,0.02
7,4.1469,78.701,4770,0.02
7,4.1596,79.196,4800,0.02
7,4.1515,79.691,4830,0.02
7,4.1552,80.1859,4860,0.02
7,4.1539,80.6809,4890,0.02
7,4.155,81.1759,4920,0.02
7,4.1563,81.6709,4950,0.02
7,4.1574,82.1658,4980,0.02
7,4.1562,82.6608,5010,0.02
7,4.1535,83.1558,5040,0.02
7,4.1648,83.6508,5070,0.02
7,4.1529,84.1457,5100,0.02
7,4.1537,84.6407,5130,0.02
7,4.1699,85.1357,5160,0.02
7,4.1697,85.6307,5190,0.02
7,4.1638,86.1256,5220,0.02
7,4.1589,86.6206,5250,0.02
7,4.1593,87.1156,5280,0.02
7,4.1589,87.6106,5310,0.02
7,4.1684,88.1055,5340,0.02
7,4.1626,88.6005,5370,0.02
7,4.1606,89.0955,5400,0.02
7,4.1657,89.5905,5430,0.02
7,4.177,90.0854,5460,0.02
7,4.1699,90.5804,5490,0.02
7,4.1687,91.0754,5520,0.02
7,4.1772,91.5704,5550,0.02
7,4.1696,92.0653,5580,0.02
7,4.1652,92.5603,5610,0.02
7,4.1675,93.0553,5640,0.02
7,4.1745,93.5503,5670,0.02
7,4.1756,94.0452,5700,0.02
7,4.1691,94.5402,5730,0.02
7,4.1803,95.0352,5760,0.02
7,4.1774,95.5302,5790,0.02
7,4.1774,96.0251,5820,0.02
7,4.1688,96.5201,5850,0.02
7,4.177,97.0151,5880,0.02
7,4.1786,97.5101,5910,0.02
7,4.1853,98.005,5940,0.02
7,4.1721,98.5,5970,0.02
8,3.0012,0.0,0,0.02
8,3.0223,0.4937,30,0.02
8,3.0461,0.9874,60,0.02
8,3.0696,1.4812,90,0.02
8,3.0917,1.9749,120,0.02
8,3.1131,2.4686,150,0.02
8,3.1345,2.9623,180,0.02
8,3.1558,3.456,210,0.02
8,3.178,3.9497,240,0.02
8,3.1956,4.4435,270,0.02
8,3.219,4.9372,300,0.02
8,3.24,5.4309,330,0.02
8,3.2587,5.9246,360,0.02
8,3.275,6.4183,390,0.02
8,3.2928,6.9121,420,0.02
8,3.3094,7.4058,450,0.02
8,3.3322,7.8995,480,0.02
8,3.3451,8.3932,510,0.02
8,3.3631,8.8869,540,0.02
8,3.3831,9.3807,570,0.02
8,3.3964,9.8744,600,0.02
8,3.4142,10.3681,630,0.02
8,3.4298,10.8618,660,0.02
8,3.4416,11.3555,690,0.02
8,3.4598,11.8492,720,0.02
8,3.4737,12.343,750,0.02
8,3.4866,12.8367,780,0.02
8,3.5,13.3304,810,0.02
8,3.5171,13.8241,840,0.02
8,3.5309,14.3178,870,0.02
8,3.5455,14.8116,900,0.02
8,3.5551,15.3053,930,0.02
8,3.5692,15.799,960,0.02
8,3.5828,16.2927,990,0.02
8,3.5918,16.7864,1020,0.02
8,3.6035,17.2802,1050,0.02
8,3.6167,17.7739,1080,0.02
8,3.632,18.2676,1110,0.02
8,3.6381,18.7613,1140,0.02
8,3.6522,19.255,1170,0.02
8,3.6655,19.7487,1200,0.02
8,3.6739,20.2425,1230,0.02
8,3.6847,20.7362,1260,0.02
8,3.6967,21.2299,1290,0.02
8,3.7067,21.7236,1320,0.02
8,3.7129,22.2173,1350,0.02
8,3.7216,22.7111,1380,0.02
8,3.7313,23.2048,1410,0.02
8,3.7432,23.6985,1440,0.02
8,3.7505,24.1922,1470,0.02
8,3.7587,24.6859,1500,0.02
8,3.769,25.1796,1530,0.02
8,3.7776,25.6734,1560,0.02
8,3.7863,26.1671,1590,0.02
8,3.7922,26.6608,1620,0.02
8,3.8041,27.1545,1650,0.02
8,3.8133,27.6482,1680,0.02
8,3.8185,28.142,1710,0.02
8,3.8241,28.6357,1740,0.02
8,3.8307,29.1294,1770,0.02
8,3.8405,29.6231,1800,0.02
8,3.8505,30.1168,1830,0.02
8,3.8563,30.6106,1860,0.02
8,3.8642,31.1043,1890,0.02
8,3.8668,31.598,1920,0.02
8,3.8728,32.0917,1950,0.02
8,3.8827,32.5854,1980,0.02
8,3.8898,33.0791,2010,0.02
8,3.897,33.5729,2040,0.02
8,3.9029,34.0666,2070,0.02
8,3.9056,34.5603,2100,0.02
8,3.9141,35.054,2130,0.02
8,3.9198,35.5477,2160,0.02
8,3.922,36.0415,2190,0.02
8,3.9277,36.5352,2220,0.02
8,3.9336,37.0289,2250,0.02
8,3.9395,37.5226,2280,0.02
8,3.9441,38.0163,2310,0.02
8,3.9502,38.5101,2340,0.02
8,3.9537,39.0038,2370,0.02
8,3.9604,39.4975,2400,0.02
8,3.9623,39.9912,2430,0.02
8,3.9678,40.4849,2460,0.02
8,3.9744,40.9786,2490,0.02
8,3.9767,41.4724,2520,0.02
8,3.9823,41.9661,2550,0.02
8,3.9888,42.4598,2580,0.02
8,3.9935,42.9535,2610,0.02
8,3.9937,43.4472,2640,0.02
8,4.0003,43.941,2670,0.02
8,4.0024,44.4347,2700,0.02
8,4.0061,44.9284,2730,0.02
8,4.0112,45.4221,2760,0.02
8,4.0154,45.9158,2790,0.02
8,4.0216,46.4095,2820,0.02
8,4.0208,46.9033,2850,0.02
8,4.0284,47.397,2880,0.02
8,4.0281,47.8907,2910,0.02
8,4.0351,48.3844,2940,0.02
8,4.0379,48.8781,2970,0.02
8,4.0406,49.3719,3000,0.02
8,4.0403,49.8656,3030,0.02
8,4.0442,50.3593,3060,0.02
8,4.0481,50.853,3090,0.02
8,4.0489,51.3467,3120,0.02
8,4.0555,51.8405,3150,0.02
8,4.0551,52.3342,3180,0.02
8,4.0585,52.8279,3210,0.02
8,4.0628,53.3216,3240,0.02
8,4.0679,53.8153,3270,0.02
8,4.0656,54.309,3300,0.02
8,4.0727,54.8028,3330,0.02
8,4.0751,55.2965,3360,0.02
8,4.0778,55.7902,3390,0.02
8,4.0794,56.2839,3420,0.02
8,4.0814,56.7776,3450,0.02
8,4.0852,57.2714,3480,0.02
8,4.0878,57.7651,3510,0.02
8,4.0853,58.2588,3540,0.02
8,4.0914,58.7525,3570,0.02
8,4.0922,59.2462,3600,0.02
8,4.092,59.7399,3630,0.02
8,4.0957,60.2337,3660,0.02
8,4.1011,60.7274,3690,0.02
8,4.1037,61.2211,3720,0.02
8,4.1018,61.7148,3750,0.02
8,4.1047,62.2085,3780,0.02
8,4.1079,62.7023,3810,0.02
8,4.1068,63.196,3840,0.02
8,4.1124,63.6897,3870,0.02
8,4.1098,64.1834,3900,0.02
8,4.1127,64.6771,3930,0.02
8,4.114,65.1709,3960,0.02
8,4.1153,65.6646,3990,0.02
8,4.1215,66.1583,4020,0.02
8,4.1185,66.652,4050,0.02
8,4.1249,67.1457,4080,0.02
8,4.1256,67.6394,4110,0.02
8,4.1261,68.1332,4140,0.02
8,4.127,68.6269,4170,0.02
8,4.128,69.1206,4200,0.02
8,4.1282,69.6143,4230,0.02
8,4.1281,70.108,4260,0.02
8,4.1343,70.6018,4290,0.02
8,4.1321,71.0955,4320,0.02
8,4.1351,71.5892,4350,0.02
8,4.1373,72.0829,4380,0.02
8,4.1379,72.5766,4410,0.02
8,4.1373,73.0704,4440,0.02
8,4.1372,73.5641,4470,0.02
8,4.1384,74.0578,4500,0.02
8,4.1424,74.5515,4530,0.02
8,4.144,75.0452,4560,0.02
8,4.1446,75.5389,4590,0.02
8,4.1445,76.0327,4620,0.02
8,4.1446,76.5264,4650,0.02
8,4.1504,77.0201,4680,0.02
8,4.1496,77.5138,4710,0.02
8,4.1493,78.0075,4740,0.02
8,4.1495,78.5013,4770,0.02
8,4.1495,78.995,4800,0.02
8,4.1504,79.4887,4830,0.02
8,4.1549,79.9824,4860,0.02
8,4.1542,80.4761,4890,0.02
8,4.1531,80.9698,4920,0.02
8,4.1542,81.4636,4950,0.02
8,4.1587,81.9573,4980,0.02
8,4.1562,82.451,5010,0.02
8,4.1609,82.9447,5040,0.02
8,4.1593,83.4384,5070,0.02
8,4.1581,83.9322,5100,0.02
8,4.1591,84.4259,5130,0.02
8,4.1632,84.9196,5160,0.02
8,4.1653,85.4133,5190,0.02
8,4.1633,85.907,5220,0.02
8,4.1646,86.4008,5250,0.02
8,4.1623,86.8945,5280,0.02
8,4.1644,87.3882,5310,0.02
8,4.168,87.8819,5340,0.02
8,4.1675,88.3756,5370,0.02
8,4.1695,88.8693,5400,0.02
8,4.1655,89.3631,5430,0.02
8,4.1692,89.8568,5460,0.02
8,4.1676,90.3505,5490,0.02
8,4.1729,90.8442,5520,0.02
8,4.1703,91.3379,5550,0.02
8,4.1725,91.8317,5580,0.02
8,4.1723,92.3254,5610,0.02
8,4.1743,92.8191,5640,0.02
8,4.1722,93.3128,5670,0.02
8,4.173,93.8065,5700,0.02
8,4.1761,94.3003,5730,0.02
8,4.1746,94.794,5760,0.02
8,4.175,95.2877,5790,0.02
8,4.1733,95.7814,5820,0.02
8,4.1767,96.2751,5850,0.02
8,4.1784,96.7688,5880,0.02
8,4.176,97.2626,5910,0.02
8,4.1774,97.7563,5940,0.02
8,4.1792,98.25,5970,0.02
9,3.0,0.0,0,0.02
9,3.0276,0.4925,30,0.02
9,3.0515,0.9849,60,0.02
9,3.0636,1.4774,90,0.02
9,3.1007,1.9698,120,0.02
9,3.1156,2.4623,150,0.02
9,3.1389,2.9548,180,0.02
9,3.1573,3.4472,210,0.02
9,3.1726,3.9397,240,0.02
9,3.2,4.4322,270,0.02
9,3.2143,4.9246,300,0.02
9,3.2318,5.4171,330,0.02
9,3.2567,5.9095,360,0.02
9,3.2744,6.402,390,0.02
9,3.2961,6.8945,420,0.02
9,3.3127,7.3869,450,0.02
9,3.3318,7.8794,480,0.02
9,3.3492,8.3719,510,0.02
9,3.3637,8.8643,540,0.02
9,3.376,9.3568,570,0.02
9,3.4024,9.8492,600,0.02
9,3.4164,10.3417,630,0.02
9,3.4273,10.8342,660,0.02
9,3.4458,11.3266,690,0.02
9,3.4557,11.8191,720,0.02
9,3.4716,12.3116,750,0.02
9,3.4934,12.804,780,0.02
9,3.4951,13.2965,810,0.02
9,3.514,13.7889,840,0.02
9,3.5273,14.2814,870,0.02
9,3.5361,14.7739,900,0.02
9,3.5496,15.2663,930,0.02
9,3.5723,15.7588,960,0.02
9,3.577,16.2513,990,0.02
9,3.5892,16.7437,1020,0.02
9,3.6097,17.2362,1050,0.02
9,3.6121,17.7286,1080,0.02
9,3.6318,18.2211,1110,0.02
9,3.6381,18.7136,1140,0.02
9,3.6546,19.206,1170,0.02
9,3.6697,19.6985,1200,0.02
9,3.6685,20.191,1230,0.02
9,3.6766,20.6834,1260,0.02
9,3.7018,21.1759,1290,0.02
9,3.7016,21.6683,1320,0.02
9,3.721,22.1608,1350,0.02
9,3.7291,22.6533,1380,0.02
9,3.7273,23.1457,1410,0.02
9,3.741,23.6382,1440,0.02
9,3.7494,24.1307,1470,0.02
9,3.7534,24.6231,1500,0.02
9,3.7775,25.1156,1530,0.02
9,3.7769,25.608,1560,0.02
9,3.7867,26.1005,1590,0.02
9,3.7907,26.593,1620,0.02
9,3.8027,27.0854,1650,0.02
9,3.8165,27.5779,1680,0.02
9,3.8232,28.0704,1710,0.02
9,3.8323,28.5628,1740,0.02
9,3.8295,29.0553,1770,0.02
9,3.8478,29.5477,1800,0.02
9,3.8491,30.0402,1830,0.02
9,3.8508,30.5327,1860,0.02
9,3.8626,31.0251,1890,0.02
9,3.874,31.5176,1920,0.02
9,3.8766,32.0101,1950,0.02
9,3.8858,32.5025,1980,0.02
9,3.8853,32.995,2010,0.02
9,3.8934,33.4874,2040,0.02
9,3.8959,33.9799,2070,0.02
9,3.9109,34.4724,2100,0.02
9,3.915,34.9648,2130,0.02
9,3.9222,35.4573,2160,0.02
9,3.92,35.9497,2190,0.02
9,3.9253,36.4422,2220,0.02
9,3.9344,36.9347,2250,0.02
9,3.937,37.4271,2280,0.02
9,3.9475,37.9196,2310,0.02
9,3.9443,38.4121,2340,0.02
9,3.9475,38.9045,2370,0.02
9,3.9537,39.397,2400,0.02
9,3.961,39.8894,2430,0.02
9,3.9755,40.3819,2460,0.02
9,3.9728,40.8744,2490,0.02
9,3.98,41.3668,2520,0.02
9,3.9875,41.8593,2550,0.02
9,3.9829,42.3518,2580,0.02
9,3.9894,42.8442,2610,0.02
9,3.9881,43.3367,2640,0.02
9,4.0072,43.8291,2670,0.02
9,4.008,44.3216,2700,0.02
9,4.0055,44.8141,2730,0.02
9,4.0098,45.3065,2760,0.02
9,4.0173,45.799,2790,0.02
9,4.0191,46.2915,2820,0.02
9,4.0293,46.7839,2850,0.02
9,4.0299,47.2764,2880,0.02
9,4.0311,47.7688,2910,0.02
9,4.0268,48.2613,2940,0.02
9,4.0435,48.7538,2970,0.02
9,4.0332,49.2462,3000,0.02
9,4.0502,49.7387,3030,0.02
9,4.0427,50.2312,3060,0.02
9,4.0557,50.7236,3090,0.02
9,4.044,51.2161,3120,0.02
9,4.0547,51.7085,3150,0.02
9,4.0564,52.201,3180,0.02
9,4.0609,52.6935,3210,0.02
9,4.0668,53.1859,3240,0.02
9,4.063,53.6784,3270,0.02
9,4.0611,54.1709,3300,0.02
9,4.0786,54.6633,3330,0.02
9,4.068,55.1558,3360,0.02
9,4.0804,55.6482,3390,0.02
9,4.0823,56.1407,3420,0.02
9,4.0844,56.6332,3450,0.02
9,4.0846,57.1256,3480,0.02
9,4.0923,57.6181,3510,0.02
9,4.081,58.1106,3540,0.02
9,4.087,58.603,3570,0.02
9,4.098,59.0955,3600,0.02
9,4.0887,59.5879,3630,0.02
9,4.0907,60.0804,3660,0.02
9,4.092,60.5729,3690,0.02
9,4.1065,61.0653,3720,0.02
9,4.1035,61.5578,3750,0.02
9,4.1045,62.0503,3780,0.02
9,4.1134,62.5427,3810,0.02
9,4.1123,63.0352,3840,0.02
9,4.1044,63.5276,3870,0.02
9,4.1093,64.0201,3900,0.02
9,4.1138,64.5126,3930,0.02
9,4.1135,65.005,3960,0.02
9,4.1165,65.4975,3990,0.02
9,4.1142,65.9899,4020,0.02
9,4.1192,66.4824,4050,0.02
9,4.1283,66.9749,4080,0.02
9,4.1175,67.4673,4110,0.02
9,4.1219,67.9598,4140,0.02
9,4.1321,68.4523,4170,0.02
9,4.1279,68.9447,4200,0.02
9,4.1228,69.4372,4230,0.02
9,4.1296,69.9296,4260,0.02
9,4.1391,70.4221,4290,0.02
9,4.1395,70.9146,4320,0.02
9,4.132,71.407,4350,0.02
9,4.1331,71.8995,4380,0.02
9,4.1426,72.392,4410,0.02
9,4.139,72.8844,4440,0.02
9,4.1376,73.3769,4470,0.02
9,4.1445,73.8693,4500,0.02
9,4.1416,74.3618,4530,0.02
9,4.151,74.8543,4560,0.02
9,4.1433,75.3467,4590,0.02
9,4.1437,75.8392,4620,0.02
9,4.1511,76.3317,4650,0.02
9,4.1481,76.8241,4680,0.02
9,4.1566,77.3166,4710,0.02
9,4.1548,77.809,4740,0.02
9,4.1551,78.3015,4770,0.02
9,4.1576,78.794,4800,0.02
9,4.1482,79.2864,4830,0.02
9,4.1538,79.7789,4860,0.02
9,4.1562,80.2714,4890,0.02
9,4.1588,80.7638,4920,0.02
9,4.1611,81.2563,4950,0.02
9,4.1509,81.7487,4980,0.02
9,4.1539,82.2412,5010,0.02
9,4.1547,82.7337,5040,0.02
9,4.1595,83.2261,5070,0.02
9,4.1608,83.7186,5100,0.02
9,4.1606,84.2111,5130,0.02
9,4.1584,84.7035,5160,0.02
9,4.1664,85.196,5190,0.02
9,4.1625,85.6884,5220,0.02
9,4.1648,86.1809,5250,0.02
9,4.1596,86.6734,5280,0.02
9,4.1608,87.1658,5310,0.02
9,4.1601,87.6583,5340,0.02
9,4.1599,88.1508,5370,0.02
9,4.1698,88.6432,5400,0.02
9,4.1633,89.1357,5430,0.02
9,4.1704,89.6281,5460,0.02
9,4.1646,90.1206,5490,0.02
9,4.1739,90.6131,5520,0.02
9,4.1695,91.1055,5550,0.02
9,4.1784,91.598,5580,0.02
9,4.179,92.0905,5610,0.02
9,4.1729,92.5829,5640,0.02
9,4.1715,93.0754,5670,0.02
9,4.1745,93.5678,5700,0.02
9,4.1797,94.0603,5730,0.02
9,4.1677,94.5528,5760,0.02
9,4.1733,95.0452,5790,0.02
9,4.1699,95.5377,5820,0.02
9,4.1821,96.0302,5850,0.02
9,4.1772,96.5226,5880,0.02
9,4.1711,97.0151,5910,0.02
9,4.176,97.5075,5940,0.02
9,4.1841,98.0,5970,0.02
10,3.0059,0.0,0,0.02
10,3.0285,0.4912,30,0.02
10,3.0499,0.9824,60,0.02
10,3.0638,1.4736,90,0.02
10,3.0923,1.9648,120,0.02
10,3.1128,2.456,150,0.02
10,3.1292,2.9472,180,0.02
10,3.1551,3.4384,210,0.02
10,3.1862,3.9296,240,0.02
10,3.1922,4.4209,270,0.02
10,3.2113,4.9121,300,0.02
10,3.2392,5.4033,330,0.02
10,3.2555,5.8945,360,0.02
10,3.2783,6.3857,390,0.02
10,3.2993,6.8769,420,0.02
10,3.3182,7.3681,450,0.02
10,3.3359,7.8593,480,0.02
10,3.3516,8.3505,510,0.02
10,3.3617,8.8417,540,0.02
10,3.3748,9.3329,570,0.02
10,3.4009,9.8241,600,0.02
10,3.4156,10.3153,630,0.02
10,3.4214,10.8065,660,0.02
10,3.4434,11.2977,690,0.02
10,3.4636,11.7889,720,0.02
10,3.4725,12.2802,750,0.02
10,3.494,12.7714,780,0.02
10,3.5046,13.2626,810,0.02
10,3.5141,13.7538,840,0.02
10,3.5275,14.245,870,0.02
10,3.5414,14.7362,900,0.02
10,3.5501,15.2274,930,0.02
10,3.576,15.7186,960,0.02
10,3.5757,16.2098,990,0.02
10,3.5911,16.701,1020,0.02
10,3.601,17.1922,1050,0.02
10,3.6185,17.6834,1080,0.02
10,3.6292,18.1746,1110,0.02
10,3.6477,18.6658,1140,0.02
10,3.6593,19.157,1170,0.02
10,3.6708,19.6482,1200,0.02
10,3.6733,20.1394,1230,0.02
10,3.6791,20.6307,1260,0.02
10,3.6878,21.1219,1290,0.02
10,3.7083,21.6131,1320,0.02
10,3.7149,22.1043,1350,0.02
10,3.7311,22.5955,1380,0.02
10,3.7353,23.0867,1410,0.02
10,3.7504,23.5779,1440,0.02
10,3.7597,24.0691,1470,0.02
10,3.7598,24.5603,1500,0.02
10,3.7761,25.0515,1530,0.02
10,3.7734,25.5427,1560,0.02
10,3.789,26.0339,1590,0.02
10,3.7999,26.5251,1620,0.02
10,3.8031,27.0163,1650,0.02
10,3.8154,27.5075,1680,0.02
10,3.8166,27.9987,1710,0.02
10,3.8273,28.4899,1740,0.02
10,3.8327,28.9812,1770,0.02
10,3.8372,29.4724,1800,0.02
10,3.8512,29.9636,1830,0.02
10,3.8473,30.4548,1860,0.02
10,3.8634,30.946,1890,0.02
10,3.8645,31.4372,1920,0.02
10,3.8791,31.9284,1950,0.02
10,3.8877,32.4196,1980,0.02
10,3.8849,32.9108,2010,0.02
10,3.9005,33.402,2040,0.02
10,3.9042,33.8932,2070,0.02
10,3.8982,34.3844,2100,0.02
10,3.912,34.8756,2130,0.02
10,3.9238,35.3668,2160,0.02
10,3.9185,35.858,2190,0.02
10,3.9333,36.3492,2220,0.02
10,3.9399,36.8405,2250,0.02
10,3.9421,37.3317,2280,0.02
10,3.9407,37.8229,2310,0.02
10,3.9504,38.3141,2340,0.02
10,3.9568,38.8053,2370,0.02
10,3.9524,39.2965,2400,0.02
10,3.9629,39.7877,2430,0.02
10,3.9717,40.2789,2460,0.02
10,3.9757,40.7701,2490,0.02
10,3.9847,41.2613,2520,0.02
10,3.9783,41.7525,2550,0.02
10,3.982,42.2437,2580,0.02
10,3.9845,42.7349,2610,0.02
10,4.0016,43.2261,2640,0.02
10,4.0011,43.7173,2670,0.02
10,3.9987,44.2085,2700,0.02
10,4.0011,44.6997,2730,0.02
10,4.0134,45.191,2760,0.02
10,4.0205,45.6822,2790,0.02
10,4.0143,46.1734,2820,0.02
10,4.0219,46.6646,2850,0.02
10,4.0331,47.1558,2880,0.02
10,4.0262,47.647,2910,0.02
10,4.0348,48.1382,2940,0.02
10,4.0436,48.6294,2970,0.02
10,4.0455,49.1206,3000,0.02
10,4.0464,49.6118,3030,0.02
10,4.048,50.103,3060,0.02
10,4.0513,50.5942,3090,0.02
10,4.0539,51.0854,3120,0.02
10,4.0477,51.5766,3150,0.02
10,4.0593,52.0678,3180,0.02
10,4.0631,52.559,3210,0.02
10,4.0647,53.0503,3240,0.02
10,4.0609,53.5415,3270,0.02
10,4.0659,54.0327,3300,0.02
10,4.0789,54.5239,3330,0.02
10,4.0695,55.0151,3360,0.02
10,4.0818,55.5063,3390,0.02
10,4.0728,55.9975,3420,0.02
10,4.0732,56.4887,3450,0.02
10,4.0808,56.9799,3480,0.02
10,4.0899,57.4711,3510,0.02
10,4.0921,57.9623,3540,0.02
10,4.0864,58.4535,3570,0.02
10,4.1001,58.9447,3600,0.02
10,4.0958,59.4359,3630,0.02
10,4.099,59.9271,3660,0.02
10,4.0938,60.4183,3690,0.02
10,4.1053,60.9095,3720,0.02
10,4.0959,61.4008,3750,0.02
10,4.1018,61.892,3780,0.02
10,4.1048,62.3832,3810,0.02
10,4.1161,62.8744,3840,0.02
10,4.1116,63.3656,3870,0.02
10,4.1191,63.8568,3900,0.02
10,4.1103,64.348,3930,0.02
10,4.1174,64.8392,3960,0.02
10,4.1162,65.3304,3990,0.02
10,4.1219,65.8216,4020,0.02
10,4.1181,66.3128,4050,0.02
10,4.1251,66.804,4080,0.02
10,4.1269,67.2952,4110,0.02
10,4.1237,67.7864,4140,0.02
10,4.1245,68.2776,4170,0.02
10,4.1332,68.7688,4200,0.02
10,4.1285,69.2601,4230,0.02
10,4.1256,69.7513,4260,0.02
10,4.1345,70.2425,4290,0.02
10,4.1287,70.7337,4320,0.02
10,4.1357,71.2249,4350,0.02
10,4.13,71.7161,4380,0.02
10,4.1354,72.2073,4410,0.02
10,4.133,72.6985,4440,0.02
10,4.1448,73.1897,4470,0.02
10,4.1413,73.6809,4500,0.02
10,4.1435,74.1721,4530,0.02
10,4.1458,74.6633,4560,0.02
10,4.1411,75.1545,4590,0.02
10,4.153,75.6457,4620,0.02
10,4.1392,76.1369,4650,0.02
10,4.1402,76.6281,4680,0.02
10,4.1547,77.1193,4710,0.02
10,4.1526,77.6106,4740,0.02
10,4.1492,78.1018,4770,0.02
10,4.1584,78.593,4800,0.02
10,4.1602,79.0842,4830,0.02
10,4.1544,79.5754,4860,0.02
10,4.1476,80.0666,4890,0.02
10,4.1602,80.5578,4920,0.02
10,4.1634,81.049,4950,0.02
10,4.1597,81.5402,4980,0.02
10,4.1541,82.0314,5010,0.02
10,4.1577,82.5226,5040,0.02
10,4.163,83.0138,5070,0.02
10,4.1564,83.505,5100,0.02
10,4.1671,83.9962,5130,0.02
10,4.1638,84.4874,5160,0.02
10,4.1613,84.9786,5190,0.02
10,4.1612,85.4698,5220,0.02
10,4.1634,85.9611,5250,0.02
10,4.1683,86.4523,5280,0.02
10,4.1661,86.9435,5310,0.02
10,4.1586,87.4347,5340,0.02
10,4.1676,87.9259,5370,0.02
10,4.1697,88.4171,5400,0.02
10,4.1656,88.9083,5430,0.02
10,4.1635,89.3995,5460,0.02
10,4.1682,89.8907,5490,0.02
10,4.1663,90.3819,5520,0.02
10,4.1699,90.8731,5550,0.02
10,4.1682,91.3643,5580,0.02
10,4.1784,91.8555,5610,0.02
10,4.1647,92.3467,5640,0.02
10,4.1741,92.8379,5670,0.02
10,4.1711,93.3291,5700,0.02
10,4.1708,93.8204,5730,0.02
10,4.1685,94.3116,5760,0.02
10,4.1779,94.8028,5790,0.02
10,4.1677,95.294,5820,0.02
10,4.1703,95.7852,5850,0.02
10,4.1697,96.2764,5880,0.02
10,4.1709,96.7676,5910,0.02
10,4.1775,97.2588,5940,0.02
10,4.184,97.75,5970,0.02
11,3.0035,0.0,0,0.02
11,3.0191,0.4899,30,0.02
11,3.0791,0.9799,60,0.02
11,3.0946,1.4698,90,0.02
11,3.1417,1.9598,120,0.02
11,3.1503,2.4497,150,0.02
11,3.1447,2.9397,180,0.02
11,3.1669,3.4296,210,0.02
11,3.1882,3.9196,240,0.02
11,3.1831,4.4095,270,0.02
11,3.224,4.8995,300,0.02
11,3.206,5.3894,330,0.02
11,3.2542,5.8794,360,0.02
11,3.2334,6.3693,390,0.02
11,3.2659,6.8593,420,0.02
11,3.2858,7.3492,450,0.02
11,3.3118,7.8392,480,0.02
11,3.3417,8.3291,510,0.02
11,3.345,8.8191,540,0.02
11,3.3928,9.309,570,0.02
11,3.4223,9.799,600,0.02
11,3.4249,10.2889,630,0.02
11,3.469,10.7789,660,0.02
11,3.4575,11.2688,690,0.02
11,3.4879,11.7588,720,0.02
11,3.4855,12.2487,750,0.02
11,3.5059,12.7387,780,0.02
11,3.5226,13.2286,810,0.02
11,3.5279,13.7186,840,0.02
11,3.539,14.2085,870,0.02
11,3.5225,14.6985,900,0.02
11,3.5218,15.1884,930,0.02
11,3.5575,15.6784,960,0.02
11,3.547,16.1683,990,0.02
11,3.5516,16.6583,1020,0.02
11,3.5784,17.1482,1050,0.02
11,3.6197,17.6382,1080,0.02
11,3.6051,18.1281,1110,0.02
11,3.6533,18.6181,1140,0.02
11,3.6627,19.108,1170,0.02
11,3.6959,19.598,1200,0.02
11,3.6966,20.0879,1230,0.02
11,3.7005,20.5779,1260,0.02
11,3.7358,21.0678,1290,0.02
11,3.7349,21.5578,1320,0.02
11,3.7381,22.0477,1350,0.02
11,3.7504,22.5377,1380,0.02
11,3.753,23.0276,1410,0.02
11,3.7405,23.5176,1440,0.02
11,3.7423,24.0075,1470,0.02
11,3.7435,24.4975,1500,0.02
11,3.7539,24.9874,1530,0.02
11,3.7635,25.4774,1560,0.02
11,3.7705,25.9673,1590,0.02
11,3.7643,26.4573,1620,0.02
11,3.7948,26.9472,1650,0.02
11,3.8218,27.4372,1680,0.02
11,3.819,27.9271,1710,0.02
11,3.8269,28.4171,1740,0.02
11,3.8746,28.907,1770,0.02
11,3.8648,29.397,1800,0.02
11,3.8762,29.8869,1830,0.02
11,3.8721,30.3769,1860,0.02
11,3.8698,30.8668,1890,0.02
11,3.8716,31.3568,1920,0.02
11,3.8884,31.8467,1950,0.02
11,3.884,32.3367,1980,0.02
11,3.8873,32.8266,2010,0.02
11,3.8826,33.3166,2040,0.02
11,3.8821,33.8065,2070,0.02
11,3.8619,34.2965,2100,0.02
11,3.8639,34.7864,2130,0.02
11,3.9083,35.2764,2160,0.02
11,3.9141,35.7663,2190,0.02
11,3.9224,36.2563,2220,0.02
11,3.9356,36.7462,2250,0.02
11,3.9435,37.2362,2280,0.02
11,3.9693,37.7261,2310,0.02
11,3.9621,38.2161,2340,0.02
11,3.9784,38.706,2370,0.02
11,3.9996,39.196,2400,0.02
11,3.9758,39.6859,2430,0.02
11,3.9884,40.1759,2460,0.02
11,4.0075,40.6658,2490,0.02
11,4.0007,41.1558,2520,0.02
11,3.9852,41.6457,2550,0.02
11,3.9873,42.1357,2580,0.02
11,3.9743,42.6256,2610,0.02
11,3.9613,43.1156,2640,0.02
11,3.9734,43.6055,2670,0.02
11,3.9733,44.0955,2700,0.02
11,3.9729,44.5854,2730,0.02
11,3.9973,45.0754,2760,0.02
11,3.9898,45.5653,2790,0.02
11,4.0027,46.0553,2820,0.02
11,4.0219,46.5452,2850,0.02
11,4.0305,47.0352,2880,0.02
11,4.0623,47.5251,2910,0.02
11,4.0539,48.0151,2940,0.02
11,4.0518,48.505,2970,0.02
11,4.0821,48.995,3000,0.02
11,4.0601,49.4849,3030,0.02
11,4.044,49.9749,3060,0.02
11,4.0616,50.4648,3090,0.02
11,4.0376,50.9548,3120,0.02
11,4.0552,51.4447,3150,0.02
11,4.0513,51.9347,3180,0.02
11,4.0171,52.4246,3210,0.02
11,4.0414,52.9146,3240,0.02
11,4.0427,53.4045,3270,0.02
11,4.0321,53.8945,3300,0.02
11,4.0493,54.3844,3330,0.02
11,4.0792,54.8744,3360,0.02
11,4.0564,55.3643,3390,0.02
11,4.0769,55.8543,3420,0.02
11,4.0922,56.3442,3450,0.02
11,4.0951,56.8342,3480,0.02
11,4.1042,57.3241,3510,0.02
11,4.1119,57.8141,3540,0.02
11,4.122,58.304,3570,0.02
11,4.1284,58.794,3600,0.02
11,4.1273,59.2839,3630,0.02
11,4.094,59.7739,3660,0.02
11,4.0858,60.2638,3690,0.02
11,4.0968,60.7538,3720,0.02
11,4.0924,61.2437,3750,0.02
11,4.0758,61.7337,3780,0.02
11,4.0952,62.2236,3810,0.02
11,4.0946,62.7136,3840,0.02
11,4.0833,63.2035,3870,0.02
11,4.1024,63.6935,3900,0.02
11,4.1079,64.1834,3930,0.02
11,4.1138,64.6734,3960,0.02
11,4.1426,65.1633,3990,0.02
11,4.1292,65.6533,4020,0.02
11,4.15,66.1432,4050,0.02
11,4.1346,66.6332,4080,0.02
11,4.1351,67.1231,4110,0.02
11,4.1701,67.6131,4140,0.02
11,4.1498,68.103,4170,0.02
11,4.1455,68.593,4200,0.02
11,4.1247,69.0829,4230,0.02
11,4.1427,69.5729,4260,0.02
11,4.136,70.0628,4290,0.02
11,4.1092,70.5528,4320,0.02
11,4.0898,71.0427,4350,0.02
11,4.1089,71.5327,4380,0.02
11,4.0992,72.0226,4410,0.02
11,4.1235,72.5126,4440,0.02
11,4.1034,73.0025,4470,0.02
11,4.1459,73.4925,4500,0.02
11,4.1343,73.9824,4530,0.02
11,4.1444,74.4724,4560,0.02
11,4.1826,74.9623,4590,0.02
11,4.1903,75.4523,4620,0.02
11,4.1963,75.9422,4650,0.02
11,4.1599,76.4322,4680,0.02
11,4.1943,76.9221,4710,0.02
11,4.1577,77.4121,4740,0.02
11,4.1445,77.902,4770,0.02
11,4.1627,78.392,4800,0.02
11,4.1324,78.8819,4830,0.02
11,4.156,79.3719,4860,0.02
11,4.1213,79.8618,4890,0.02
11,4.1296,80.3518,4920,0.02
11,4.1389,80.8417,4950,0.02
11,4.1159,81.3317,4980,0.02
11,4.1267,81.8216,5010,0.02
11,4.127,82.3116,5040,0.02
11,4.1693,82.8015,5070,0.02
11,4.1785,83.2915,5100,0.02
11,4.1547,83.7814,5130,0.02
11,4.1992,84.2714,5160,0.02
11,4.1725,84.7613,5190,0.02
11,4.2,85.2513,5220,0.02
11,4.1737,85.7412,5250,0.02
11,4.1803,86.2312,5280,0.02
11,4.1696,86.7211,5310,0.02
11,4.165,87.2111,5340,0.02
11,4.1614,87.701,5370,0.02
11,4.148,88.191,5400,0.02
11,4.1409,88.6809,5430,0.02
11,4.1431,89.1709,5460,0.02
11,4.1358,89.6608,5490,0.02
11,4.1555,90.1508,5520,0.02
11,4.1395,90.6407,5550,0.02
11,4.1306,91.1307,5580,0.02
11,4.1407,91.6206,5610,0.02
11,4.1624,92.1106,5640,0.02
11,4.1642,92.6005,5670,0.02
11,4.2,93.0905,5700,0.02
11,4.196,93.5804,5730,0.02
11,4.1958,94.0704,5760,0.02
11,4.2,94.5603,5790,0.02
11,4.1946,95.0503,5820,0.02
11,4.2,95.5402,5850,0.02
11,4.2,96.0302,5880,0.02
11,4.168,96.5201,5910,0.02
11,4.1736,97.0101,5940,0.02
11,4.1826,97.5,5970,0.02
12,3.0,0.0,0,0.02
12,3.0296,0.4887,30,0.02
12,3.0522,0.9774,60,0.02
12,3.0768,1.4661,90,0.02
12,3.0859,1.9548,120,0.02
12,3.1151,2.4435,150,0.02
12,3.13,2.9322,180,0.02
12,3.152,3.4209,210,0.02
12,3.1764,3.9095,240,0.02
12,3.2065,4.3982,270,0.02
12,3.226,4.8869,300,0.02
12,3.2399,5.3756,330,0.02
12,3.2635,5.8643,360,0.02
12,3.2755,6.353,390,0.02
12,3.2901,6.8417,420,0.02
12,3.3086,7.3304,450,0.02
12,3.3353,7.8191,480,0.02
12,3.3489,8.3078,510,0.02
12,3.3601,8.7965,540,0.02
12,3.3797,9.2852,570,0.02
12,3.3995,9.7739,600,0.02
12,3.4203,10.2626,630,0.02
12,3.4231,10.7513,660,0.02
12,3.4487,11.2399,690,0.02
12,3.4658,11.7286,720,0.02
12,3.4708,12.2173,750,0.02
12,3.4832,12.706,780,0.02
12,3.5042,13.1947,810,0.02
12,3.515,13.6834,840,0.02
12,3.5329,14.1721,870,0.02
12,3.5382,14.6608,900,0.02
12,3.5524,15.1495,930,0.02
12,3.5648,15.6382,960,0.02
12,3.5752,16.1269,990,0.02
12,3.5921,16.6156,1020,0.02
12,3.6015,17.1043,1050,0.02
12,3.6214,17.593,1080,0.02
12,3.6376,18.0817,1110,0.02
12,3.6375,18.5704,1140,0.02
12,3.6447,19.059,1170,0.02
12,3.6605,19.5477,1200,0.02
12,3.666,20.0364,1230,0.02
12,3.692,20.5251,1260,0.02
12,3.6965,21.0138,1290,0.02
12,3.7101,21.5025,1320,0.02
12,3.7201,21.9912,1350,0.02
12,3.7314,22.4799,1380,0.02
12,3.7303,22.9686,1410,0.02
12,3.7386,23.4573,1440,0.02
12,3.7484,23.946,1470,0.02
12,3.7616,24.4347,1500,0.02
12,3.7747,24.9234,1530,0.02
12,3.7779,25.4121,1560,0.02
12,3.7883,25.9008,1590,0.02
12,3.7972,26.3894,1620,0.02
12,3.8009,26.8781,1650,0.02
12,3.8162,27.3668,1680,0.02
12,3.8187,27.8555,1710,0.02
12,3.8232,28.3442,1740,0.02
12,3.8396,28.8329,1770,0.02
12,3.8349,29.3216,1800,0.02
12,3.8544,29.8103,1830,0.02
12,3.8501,30.299,1860,0.02
12,3.8619,30.7877,1890,0.02
12,3.8687,31.2764,1920,0.02
12,3.872,31.7651,1950,0.02
12,3.8793,32.2538,1980,0.02
12,3.8928,32.7425,2010,0.02
12,3.8963,33.2312,2040,0.02
12,3.901,33.7198,2070,0.02
12,3.9049,34.2085,2100,0.02
12,3.9142,34.6972,2130,0.02
12,3.9207,35.1859,2160,0.02
12,3.9164,35.6746,2190,0.02
12,3.9252,36.1633,2220,0.02
12,3.9284,36.652,2250,0.02
12,3.9456,37.1407,2280,0.02
12,3.9388,37.6294,2310,0.02
12,3.9425,38.1181,2340,0.02
12,3.9538,38.6068,2370,0.02
12,3.9634,39.0955,2400,0.02
12,3.9578,39.5842,2430,0.02
12,3.9705,40.0729,2460,0.02
12,3.9767,40.5616,2490,0.02
12,3.9811,41.0503,2520,0.02
12,3.9752,41.5389,2550,0.02
12,3.9876,42.0276,2580,0.02
12,3.9934,42.5163,2610,0.02
12,3.9899,43.005,2640,0.02
12,4.0072,43.4937,2670,0.02
12,4.0049,43.9824,2700,0.02
12,4.0055,44.4711,2730,0.02
12,4.0113,44.9598,2760,0.02
12,4.0205,45.4485,2790,0.02
12,4.0229,45.9372,2820,0.02
12,4.0204,46.4259,2850,0.02
12,4.0221,46.9146,2880,0.02
12,4.0366,47.4033,2910,0.02
12,4.0369,47.892,2940,0.02
12,4.0439,48.3807,2970,0.02
12,4.0313,48.8693,3000,0.02
12,4.0387,49.358,3030,0.02
12,4.0392,49.8467,3060,0.02
12,4.0503,50.3354,3090,0.02
12,4.0546,50.8241,3120,0.02
12,4.0539,51.3128,3150,0.02
12,4.0561,51.8015,3180,0.02
12,4.0651,52.2902,3210,0.02
12,4.063,52.7789,3240,0.02
12,4.0609,53.2676,3270,0.02
12,4.0673,53.7563,3300,0.02
12,4.0783,54.245,3330,0.02
12,4.0772,54.7337,3360,0.02
12,4.076,55.2224,3390,0.02
12,4.082,55.7111,3420,0.02
12,4.0847,56.1997,3450,0.02
12,4.0874,56.6884,3480,0.02
12,4.089,57.1771,3510,0.02
12,4.0849,57.6658,3540,0.02
12,4.0884,58.1545,3570,0.02
12,4.097,58.6432,3600,0.02
12,4.0883,59.1319,3630,0.02
12,4.1038,59.6206,3660,0.02
12,4.1041,60.1093,3690,0.02
12,4.1029,60.598,3720,0.02
12,4.1089,61.0867,3750,0.02
12,4.1065,61.5754,3780,0.02
12,4.1047,62.0641,3810,0.02
12,4.1047,62.5528,3840,0.02
12,4.1169,63.0415,3870,0.02
12,4.1188,63.5302,3900,0.02
12,4.113,64.0188,3930,0.02
12,4.1202,64.5075,3960,0.02
12,4.1215,64.9962,3990,0.02
12,4.1165,65.4849,4020,0.02
12,4.1127,65.9736,4050,0.02
12,4.1148,66.4623,4080,0.02
12,4.1287,66.951,4110,0.02
12,4.1264,67.4397,4140,0.02
12,4.1335,67.9284,4170,0.02
12,4.1288,68.4171,4200,0.02
12,4.1316,68.9058,4230,0.02
12,4.1311,69.3945,4260,0.02
12,4.1292,69.8832,4290,0.02
12,4.1265,70.3719,4320,0.02
12,4.1319,70.8606,4350,0.02
12,4.1352,71.3492,4380,0.02
12,4.1431,71.8379,4410,0.02
12,4.1359,72.3266,4440,0.02
12,4.1457,72.8153,4470,0.02
12,4.1429,73.304,4500,0.02
12,4.1399,73.7927,4530,0.02
12,4.1391,74.2814,4560,0.02
12,4.1484,74.7701,4590,0.02
12,4.1458,75.2588,4620,0.02
12,4.1446,75.7475,4650,0.02
12,4.1435,76.2362,4680,0.02
12,4.144,76.7249,4710,0.02
12,4.1539,77.2136,4740,0.02
12,4.1532,77.7023,4770,0.02
12,4.1444,78.191,4800,0.02
12,4.1561,78.6796,4830,0.02
12,4.1603,79.1683,4860,0.02
12,4.1566,79.657,4890,0.02
12,4.1626,80.1457,4920,0.02
12,4.1505,80.6344,4950,0.02
12,4.1597,81.1231,4980,0.02
12,4.1579,81.6118,5010,0.02
12,4.1626,82.1005,5040,0.02
12,4.1601,82.5892,5070,0.02
12,4.1639,83.0779,5100,0.02
12,4.1607,83.5666,5130,0.02
12,4.1668,84.0553,5160,0.02
12,4.159,84.544,5190,0.02
12,4.1707,85.0327,5220,0.02
12,4.1677,85.5214,5250,0.02
12,4.1605,86.0101,5280,0.02
12,4.1696,86.4987,5310,0.02
12,4.1641,86.9874,5340,0.02
12,4.1707,87.4761,5370,0.02
12,4.1725,87.9648,5400,0.02
12,4.1711,88.4535,5430,0.02
12,4.1747,88.9422,5460,0.02
12,4.1699,89.4309,5490,0.02
12,4.1626,89.9196,5520,0.02
12,4.1764,90.4083,5550,0.02
12,4.1758,90.897,5580,0.02
12,4.1647,91.3857,5610,0.02
12,4.1806,91.8744,5640,0.02
12,4.1661,92.3631,5670,0.02
12,4.175,92.8518,5700,0.02
12,4.1739,93.3405,5730,0.02
12,4.1752,93.8291,5760,0.02
12,4.1785,94.3178,5790,0.02
12,4.1802,94.8065,5820,0.02
12,4.1714,95.2952,5850,0.02
12,4.1827,95.7839,5880,0.02
12,4.1811,96.2726,5910,0.02
12,4.1806,96.7613,5940,0.02
12,4.1777,97.25,5970,0.02
13,3.0067,0.0,0,0.02
13,3.0316,0.4874,30,0.02
13,3.0446,0.9749,60,0.02
13,3.0682,1.4623,90,0.02
13,3.1007,1.9497,120,0.02
13,3.1144,2.4372,150,0.02
13,3.1356,2.9246,180,0.02
13,3.1596,3.4121,210,0.02
13,3.1854,3.8995,240,0.02
13,3.1922,4.3869,270,0.02
13,3.2169,4.8744,300,0.02
13,3.2418,5.3618,330,0.02
13,3.2649,5.8492,360,0.02
13,3.2716,6.3367,390,0.02
13,3.2901,6.8241,420,0.02
13,3.3069,7.3116,450,0.02
13,3.3224,7.799,480,0.02
13,3.3472,8.2864,510,0.02
13,3.3639,8.7739,540,0.02
13,3.3886,9.2613,570,0.02
13,3.3965,9.7487,600,0.02
13,3.4089,10.2362,630,0.02
13,3.4214,10.7236,660,0.02
13,3.4434,11.2111,690,0.02
13,3.4644,11.6985,720,0.02
13,3.4662,12.1859,750,0.02
13,3.4865,12.6734,780,0.02
13,3.4967,13.1608,810,0.02
13,3.5206,13.6482,840,0.02
13,3.5265,14.1357,870,0.02
13,3.5416,14.6231,900,0.02
13,3.5499,15.1106,930,0.02
13,3.5715,15.598,960,0.02
13,3.583,16.0854,990,0.02
13,3.5965,16.5729,1020,0.02
13,3.6001,17.0603,1050,0.02
13,3.6136,17.5477,1080,0.02
13,3.6325,18.0352,1110,0.02
13,3.6433,18.5226,1140,0.02
13,3.6583,19.0101,1170,0.02
13,3.6553,19.4975,1200,0.02
13,3.6664,19.9849,1230,0.02
13,3.6841,20.4724,1260,0.02
13,3.6961,20.9598,1290,0.02
13,3.7001,21.4472,1320,0.02
13,3.7076,21.9347,1350,0.02
13,3.7213,22.4221,1380,0.02
13,3.7391,22.9095,1410,0.02
13,3.7416,23.397,1440,0.02
13,3.7516,23.8844,1470,0.02
13,3.767,24.3719,1500,0.02
13,3.7773,24.8593,1530,0.02
13,3.7722,25.3467,1560,0.02
13,3.7827,25.8342,1590,0.02
13,3.7998,26.3216,1620,0.02
13,3.8,26.809,1650,0.02
13,3.8147,27.2965,1680,0.02
13,3.8108,27.7839,1710,0.02
13,3.8199,28.2714,1740,0.02
13,3.8272,28.7588,1770,0.02
13,3.8373,29.2462,1800,0.02
13,3.8416,29.7337,1830,0.02
13,3.8543,30.2211,1860,0.02
13,3.8688,30.7085,1890,0.02
13,3.8664,31.196,1920,0.02
13,3.8687,31.6834,1950,0.02
13,3.8765,32.1709,1980,0.02
13,3.892,32.6583,2010,0.02
13,3.8904,33.1457,2040,0.02
13,3.898,33.6332,2070,0.02
13,3.9125,34.1206,2100,0.02
13,3.9138,34.608,2130,0.02
13,3.9227,35.0955,2160,0.02
13,3.9299,35.5829,2190,0.02
13,3.9216,36.0704,2220,0.02
13,3.9417,36.5578,2250,0.02
13,3.9365,37.0452,2280,0.02
13,3.9375,37.5327,2310,0.02
13,3.9434,38.0201,2340,0.02
13,3.9615,38.5075,2370,0.02
13,3.9531,38.995,2400,0.02
13,3.957,39.4824,2430,0.02
13,3.9678,39.9698,2460,0.02
13,3.9666,40.4573,2490,0.02
13,3.9813,40.9447,2520,0.02
13,3.9772,41.4322,2550,0.02
13,3.9924,41.9196,2580,0.02
13,3.9908,42.407,2610,0.02
13,3.9951,42.8945,2640,0.02
13,4.002,43.3819,2670,0.02
13,3.9993,43.8693,2700,0.02
13,4.0101,44.3568,2730,0.02
13,4.0059,44.8442,2760,0.02
13,4.0222,45.3317,2790,0.02
13,4.0232,45.8191,2820,0.02
13,4.0205,46.3065,2850,0.02
13,4.0294,46.794,2880,0.02
13,4.0286,47.2814,2910,0.02
13,4.0254,47.7688,2940,0.02
13,4.0397,48.2563,2970,0.02
13,4.0323,48.7437,3000,0.02
13,4.0419,49.2312,3030,0.02
13,4.0522,49.7186,3060,0.02
13,4.0482,50.206,3090,0.02
13,4.0568,50.6935,3120,0.02
13,4.0539,51.1809,3150,0.02
13,4.0621,51.6683,3180,0.02
13,4.0551,52.1558,3210,0.02
13,4.0597,52.6432,3240,0.02
13,4.0625,53.1307,3270,0.02
13,4.0675,53.6181,3300,0.02
13,4.0754,54.1055,3330,0.02
13,4.0666,54.593,3360,0.02
13,4.0797,55.0804,3390,0.02
13,4.0804,55.5678,3420,0.02
13,4.0786,56.0553,3450,0.02
13,4.0779,56.5427,3480,0.02
13,4.081,57.0302,3510,0.02
13,4.0909,57.5176,3540,0.02
13,4.0967,58.005,3570,0.02
13,4.089,58.4925,3600,0.02
13,4.0904,58.9799,3630,0.02
13,4.1016,59.4673,3660,0.02
13,4.0919,59.9548,3690,0.02
13,4.1073,60.4422,3720,0.02
13,4.1001,60.9296,3750,0.02
13,4.0991,61.4171,3780,0.02
13,4.1055,61.9045,3810,0.02
13,4.103,62.392,3840,0.02
13,4.1125,62.8794,3870,0.02
13,4.1096,63.3668,3900,0.02
13,4.1111,63.8543,3930,0.02
13,4.1189,64.3417,3960,0.02
13,4.1135,64.8291,3990,0.02
13,4.1211,65.3166,4020,0.02
13,4.1186,65.804,4050,0.02
13,4.1237,66.2915,4080,0.02
13,4.1288,66.7789,4110,0.02
13,4.1274,67.2663,4140,0.02
13,4.1335,67.7538,4170,0.02
13,4.1244,68.2412,4200,0.02
13,4.1242,68.7286,4230,0.02
13,4.1332,69.2161,4260,0.02
13,4.1261,69.7035,4290,0.02
13,4.1404,70.191,4320,0.02
13,4.1413,70.6784,4350,0.02
13,4.1392,71.1658,4380,0.02
13,4.1426,71.6533,4410,0.02
13,4.1394,72.1407,4440,0.02
13,4.1478,72.6281,4470,0.02
13,4.143,73.1156,4500,0.02
13,4.1437,73.603,4530,0.02
13,4.1381,74.0905,4560,0.02
13,4.1436,74.5779,4590,0.02
13,4.1401,75.0653,4620,0.02
13,4.1428,75.5528,4650,0.02
13,4.1553,76.0402,4680,0.02
13,4.1537,76.5276,4710,0.02
13,4.1483,77.0151,4740,0.02
13,4.1574,77.5025,4770,0.02
13,4.1467,77.9899,4800,0.02
13,4.1482,78.4774,4830,0.02
13,4.1532,78.9648,4860,0.02
13,4.1518,79.4523,4890,0.02
13,4.1538,79.9397,4920,0.02
13,4.152,80.4271,4950,0.02
13,4.1632,80.9146,4980,0.02
13,4.1555,81.402,5010,0.02
13,4.1527,81.8894,5040,0.02
13,4.1557,82.3769,5070,0.02
13,4.1646,82.8643,5100,0.02
13,4.1563,83.3518,5130,0.02
13,4.1689,83.8392,5160,0.02
13,4.1653,84.3266,5190,0.02
13,4.1695,84.8141,5220,0.02
13,4.17,85.3015,5250,0.02
13,4.1622,85.7889,5280,0.02
13,4.1619,86.2764,5310,0.02
13,4.168,86.7638,5340,0.02
13,4.1688,87.2513,5370,0.02
13,4.1708,87.7387,5400,0.02
13,4.1755,88.2261,5430,0.02
13,4.1611,88.7136,5460,0.02
13,4.1621,89.201,5490,0.02
13,4.1651,89.6884,5520,0.02
13,4.1645,90.1759,5550,0.02
13,4.1704,90.6633,5580,0.02
13,4.1786,91.1508,5610,0.02
13,4.1659,91.6382,5640,0.02
13,4.1719,92.1256,5670,0.02
13,4.1737,92.6131,5700,0.02
13,4.1812,93.1005,5730,0.02
13,4.1706,93.5879,5760,0.02
13,4.1772,94.0754,5790,0.02
13,4.1708,94.5628,5820,0.02
13,4.1731,95.0503,5850,0.02
13,4.1694,95.5377,5880,0.02
13,4.1713,96.0251,5910,0.02
13,4.175,96.5126,5940,0.02
13,4.1702,97.0,5970,0.02
14,3.0142,0.0,0,0.02
14,3.018,0.4862,30,0.02
14,3.0724,0.9724,60,0.02
14,3.0868,1.4585,90,0.02
14,3.1082,1.9447,120,0.02
14,3.1559,2.4309,150,0.02
14,3.1546,2.9171,180,0.02
14,3.16,3.4033,210,0.02
14,3.1976,3.8894,240,0.02
14,3.1858,4.3756,270,0.02
14,3.201,4.8618,300,0.02
14,3.2172,5.348,330,0.02
14,3.2178,5.8342,360,0.02
14,3.2415,6.3204,390,0.02
14,3.2708,6.8065,420,0.02
14,3.2807,7.2927,450,0.02
14,3.3057,7.7789,480,0.02
14,3.3482,8.2651,510,0.02
14,3.3664,8.7513,540,0.02
14,3.3999,9.2374,570,0.02
14,3.3968,9.7236,600,0.02
14,3.4199,10.2098,630,0.02
14,3.4745,10.696,660,0.02
14,3.4661,11.1822,690,0.02
14,3.4907,11.6683,720,0.02
14,3.5087,12.1545,750,0.02
14,3.5054,12.6407,780,0.02
14,3.51,13.1269,810,0.02
14,3.5337,13.6131,840,0.02
14,3.5327,14.0992,870,0.02
14,3.5416,14.5854,900,0.02
14,3.521,15.0716,930,0.02
14,3.536,15.5578,960,0.02
14,3.5663,16.044,990,0.02
14,3.5674,16.5302,1020,0.02
14,3.5713,17.0163,1050,0.02
14,3.6034,17.5025,1080,0.02
14,3.6329,17.9887,1110,0.02
14,3.6592,18.4749,1140,0.02
14,3.6636,18.9611,1170,0.02
14,3.6903,19.4472,1200,0.02
14,3.6977,19.9334,1230,0.02
14,3.6991,20.4196,1260,0.02
14,3.7196,20.9058,1290,0.02
14,3.7105,21.392,1320,0.02
14,3.7248,21.8781,1350,0.02
14,3.7319,22.3643,1380,0.02
14,3.744,22.8505,1410,0.02
14,3.747,23.3367,1440,0.02
14,3.7491,23.8229,1470,0.02
14,3.7418,24.309,1500,0.02
14,3.7449,24.7952,1530,0.02
14,3.74,25.2814,1560,0.02
14,3.7733,25.7676,1590,0.02
14,3.767,26.2538,1620,0.02
14,3.7795,26.7399,1650,0.02
14,3.8068,27.2261,1680,0.02
14,3.8367,27.7123,1710,0.02
14,3.8363,28.1985,1740,0.02
14,3.8616,28.6847,1770,0.02
14,3.8874,29.1709,1800,0.02
14,3.892,29.657,1830,0.02
14,3.886,30.1432,1860,0.02
14,3.9057,30.6294,1890,0.02
14,3.8987,31.1156,1920,0.02
14,3.8667,31.6018,1950,0.02
14,3.869,32.0879,1980,0.02
14,3.8844,32.5741,2010,0.02
14,3.8799,33.0603,2040,0.02
14,3.8681,33.5465,2070,0.02
14,3.874,34.0327,2100,0.02
14,3.8663,34.5188,2130,0.02
14,3.9093,35.005,2160,0.02
14,3.8869,35.4912,2190,0.02
14,3.8989,35.9774,2220,0.02
14,3.9241,36.4636,2250,0.02
14,3.9483,36.9497,2280,0.02
14,3.9782,37.4359,2310,0.02
14,3.9895,37.9221,2340,0.02
14,3.9835,38.4083,2370,0.02
14,4.0005,38.8945,2400,0.02
14,3.9895,39.3807,2430,0.02
14,3.9818,39.8668,2460,0.02
14,3.9877,40.353,2490,0.02
14,3.9693,40.8392,2520,0.02
14,3.9662,41.3254,2550,0.02
14,3.9788,41.8116,2580,0.02
14,3.9774,42.2977,2610,0.02
14,3.974,42.7839,2640,0.02
14,3.9864,43.2701,2670,0.02
14,3.9813,43.7563,2700,0.02
14,3.98,44.2425,2730,0.02
14,3.9733,44.7286,2760,0.02
14,4.0003,45.2148,2790,0.02
14,4.0011,45.701,2820,0.02
14,4.0473,46.1872,2850,0.02
14,4.0372,46.6734,2880,0.02
14,4.0446,47.1595,2910,0.02
14,4.0427,47.6457,2940,0.02
14,4.063,48.1319,2970,0.02
14,4.0519,48.6181,3000,0.02
14,4.0569,49.1043,3030,0.02
14,4.0495,49.5905,3060,0.02
14,4.047,50.0766,3090,0.02
14,4.0677,50.5628,3120,0.02
14,4.0334,51.049,3150,0.02
14,4.044,51.5352,3180,0.02
14,4.0357,52.0214,3210,0.02
14,4.0355,52.5075,3240,0.02
14,4.0453,52.9937,3270,0.02
14,4.0583,53.4799,3300,0.02
14,4.0486,53.9661,3330,0.02
14,4.0716,54.4523,3360,0.02
14,4.0882,54.9384,3390,0.02
14,4.092,55.4246,3420,0.02
14,4.114,55.9108,3450,0.02
14,4.1196,56.397,3480,0.02
14,4.1289,56.8832,3510,0.02
14,4.1339,57.3693,3540,0.02
14,4.1134,57.8555,3570,0.02
14,4.1038,58.3417,3600,0.02
14,4.1099,58.8279,3630,0.02
14,4.098,59.3141,3660,0.02
14,4.0891,59.8003,3690,0.02
14,4.0812,60.2864,3720,0.02
14,4.084,60.7726,3750,0.02
14,4.059,61.2588,3780,0.02
14,4.0589,61.745,3810,0.02
14,4.0851,62.2312,3840,0.02
14,4.0759,62.7173,3870,0.02
14,4.0942,63.2035,3900,0.02
14,4.1107,63.6897,3930,0.02
14,4.1325,64.1759,3960,0.02
14,4.1229,64.6621,3990,0.02
14,4.1225,65.1482,4020,0.02
14,4.1333,65.6344,4050,0.02
14,4.1436,66.1206,4080,0.02
14,4.158,66.6068,4110,0.02
14,4.1376,67.093,4140,0.02
14,4.1333,67.5791,4170,0.02
14,4.1303,68.0653,4200,0.02
14,4.1501,68.5515,4230,0.02
14,4.1418,69.0377,4260,0.02
14,4.136,69.5239,4290,0.02
14,4.0987,70.0101,4320,0.02
14,4.1124,70.4962,4350,0.02
14,4.1239,70.9824,4380,0.02
14,4.0996,71.4686,4410,0.02
14,4.1066,71.9548,4440,0.02
14,4.1367,72.441,4470,0.02
14,4.128,72.9271,4500,0.02
14,4.1371,73.4133,4530,0.02
14,4.1378,73.8995,4560,0.02
14,4.156,74.3857,4590,0.02
14,4.1862,74.8719,4620,0.02
14,4.1699,75.358,4650,0.02
14,4.1832,75.8442,4680,0.02
14,4.1679,76.3304,4710,0.02
14,4.182,76.8166,4740,0.02
14,4.1515,77.3028,4770,0.02
14,4.1396,77.7889,4800,0.02
14,4.127,78.2751,4830,0.02
14,4.1274,78.7613,4860,0.02
14,4.1222,79.2475,4890,0.02
14,4.1274,79.7337,4920,0.02
14,4.1388,80.2198,4950,0.02
14,4.1408,80.706,4980,0.02
14,4.1173,81.1922,5010,0.02
14,4.1392,81.6784,5040,0.02
14,4.1729,82.1646,5070,0.02
14,4.1577,82.6508,5100,0.02
14,4.1643,83.1369,5130,0.02
14,4.186,83.6231,5160,0.02
14,4.2,84.1093,5190,0.02
14,4.1977,84.5955,5220,0.02
14,4.1797,85.0817,5250,0.02
14,4.2,85.5678,5280,0.02
14,4.1756,86.054,5310,0.02
14,4.1847,86.5402,5340,0.02
14,4.1538,87.0264,5370,0.02
14,4.1444,87.5126,5400,0.02
14,4.1416,87.9987,5430,0.02
14,4.1285,88.4849,5460,0.02
14,4.1531,88.9711,5490,0.02
14,4.1376,89.4573,5520,0.02
14,4.162,89.9435,5550,0.02
14,4.1463,90.4296,5580,0.02
14,4.1381,90.9158,5610,0.02
14,4.173,91.402,5640,0.02
14,4.1817,91.8882,5670,0.02
14,4.1783,92.3744,5700,0.02
14,4.1864,92.8606,5730,0.02
14,4.2,93.3467,5760,0.02
14,4.1984,93.8329,5790,0.02
14,4.2,94.3191,5820,0.02
14,4.1827,94.8053,5850,0.02
14,4.2,95.2915,5880,0.02
14,4.1939,95.7776,5910,0.02
14,4.1595,96.2638,5940,0.02
14,4.1708,96.75,5970,0.02
15,3.0,0.0,0,0.02
15,3.018,0.4849,30,0.02
15,3.048,0.9698,60,0.02
15,3.0764,1.4548,90,0.02
15,3.0894,1.9397,120,0.02
15,3.1112,2.4246,150,0.02
15,3.1382,2.9095,180,0.02
15,3.1621,3.3945,210,0.02
15,3.1712,3.8794,240,0.02
15,3.2047,4.3643,270,0.02
15,3.2155,4.8492,300,0.02
15,3.2361,5.3342,330,0.02
15,3.2623,5.8191,360,0.02
15,3.2791,6.304,390,0.02
15,3.2981,6.7889,420,0.02
15,3.318,7.2739,450,0.02
15,3.325,7.7588,480,0.02
15,3.3503,8.2437,510,0.02
15,3.3592,8.7286,540,0.02
15,3.3747,9.2136,570,0.02
15,3.3985,9.6985,600,0.02
15,3.4076,10.1834,630,0.02
15,3.4286,10.6683,660,0.02
15,3.4449,11.1533,690,0.02
15,3.4594,11.6382,720,0.02
15,3.4758,12.1231,750,0.02
15,3.4916,12.608,780,0.02
15,3.507,13.093,810,0.02
15,3.5212,13.5779,840,0.02
15,3.5363,14.0628,870,0.02
15,3.541,14.5477,900,0.02
15,3.5615,15.0327,930,0.02
15,3.5714,15.5176,960,0.02
15,3.5854,16.0025,990,0.02
15,3.5963,16.4874,1020,0.02
15,3.6015,16.9724,1050,0.02
15,3.6215,17.4573,1080,0.02
15,3.6308,17.9422,1110,0.02
15,3.6345,18.4271,1140,0.02
15,3.646,18.9121,1170,0.02
15,3.6662,19.397,1200,0.02
15,3.68,19.8819,1230,0.02
15,3.6869,20.3668,1260,0.02
15,3.691,20.8518,1290,0.02
15,3.6967,21.3367,1320,0.02
15,3.7092,21.8216,1350,0.02
15,3.723,22.3065,1380,0.02
15,3.7397,22.7915,1410,0.02
15,3.7351,23.2764,1440,0.02
15,3.7589,23.7613,1470,0.02
15,3.7651,24.2462,1500,0.02
15,3.7634,24.7312,1530,0.02
15,3.7732,25.2161,1560,0.02
15,3.782,25.701,1590,0.02
15,3.7968,26.1859,1620,0.02
15,3.8037,26.6709,1650,0.02
15,3.8093,27.1558,1680,0.02
15,3.8218,27.6407,1710,0.02
15,3.8186,28.1256,1740,0.02
15,3.8287,28.6106,1770,0.02
15,3.8351,29.0955,1800,0.02
15,3.8439,29.5804,1830,0.02
15,3.8508,30.0653,1860,0.02
15,3.8585,30.5503,1890,0.02
15,3.8638,31.0352,1920,0.02
15,3.8769,31.5201,1950,0.02
15,3.8854,32.005,1980,0.02
15,3.881,32.4899,2010,0.02
15,3.892,32.9749,2040,0.02
15,3.8947,33.4598,2070,0.02
15,3.9003,33.9447,2100,0.02
15,3.909,34.4296,2130,0.02
15,3.9115,34.9146,2160,0.02
15,3.9185,35.3995,2190,0.02
15,3.9235,35.8844,2220,0.02
15,3.9271,36.3693,2250,0.02
15,3.9351,36.8543,2280,0.02
15,3.9371,37.3392,2310,0.02
15,3.9543,37.8241,2340,0.02
15,3.948,38.309,2370,0.02
15,3.9524,38.794,2400,0.02
15,3.9687,39.2789,2430,0.02
15,3.969,39.7638,2460,0.02
15,3.9659,40.2487,2490,0.02
15,3.9786,40.7337,2520,0.02
15,3.985,41.2186,2550,0.02
15,3.9791,41.7035,2580,0.02
15,3.9849,42.1884,2610,0.02
15,4.0023,42.6734,2640,0.02
15,3.9986,43.1583,2670,0.02
15,3.9988,43.6432,2700,0.02
15,4.0061,44.1281,2730,0.02
15,4.0048,44.6131,2760,0.02
15,4.017,45.098,2790,0.02
15,4.0227,45.5829,2820,0.02
15,4.0272,46.0678,2850,0.02
15,4.0238,46.5528,2880,0.02
15,4.0342,47.0377,2910,0.02
15,4.0295,47.5226,2940,0.02
15,4.0353,48.0075,2970,0.02
15,4.0373,48.4925,3000,0.02
15,4.0424,48.9774,3030,0.02
15,4.0497,49.4623,3060,0.02
15,4.049,49.9472,3090,0.02
15,4.0526,50.4322,3120,0.02
15,4.0512,50.9171,3150,0.02
15,4.0583,51.402,3180,0.02
15,4.0577,51.8869,3210,0.02
15,4.056,52.3719,3240,0.02
15,4.0717,52.8568,3270,0.02
15,4.0714,53.3417,3300,0.02
15,4.0738,53.8266,3330,0.02
15,4.0663,54.3116,3360,0.02
15,4.0695,54.7965,3390,0.02
15,4.0757,55.2814,3420,0.02
15,4.0847,55.7663,3450,0.02
15,4.0832,56.2513,3480,0.02
15,4.0833,56.7362,3510,0.02
15,4.0912,57.2211,3540,0.02
15,4.0916,57.706,3570,0.02
15,4.0987,58.191,3600,0.02
15,4.0953,58.6759,3630,0.02
15,4.1024,59.1608,3660,0.02
15,4.1061,59.6457,3690,0.02
15,4.0975,60.1307,3720,0.02
15,4.1017,60.6156,3750,0.02
15,4.1013,61.1005,3780,0.02
15,4.1044,61.5854,3810,0.02
15,4.1077,62.0704,3840,0.02
15,4.1081,62.5553,3870,0.02
15,4.1043,63.0402,3900,0.02
15,4.1167,63.5251,3930,0.02
15,4.1208,64.0101,3960,0.02
15,4.1117,64.495,3990,0.02
15,4.1109,64.9799,4020,0.02
15,4.1274,65.4648,4050,0.02
15,4.1202,65.9497,4080,0.02
15,4.1281,66.4347,4110,0.02
15,4.1228,66.9196,4140,0.02
15,4.1221,67.4045,4170,0.02
15,4.1247,67.8894,4200,0.02
15,4.136,68.3744,4230,0.02
15,4.1388,68.8593,4260,0.02
15,4.127,69.3442,4290,0.02
15,4.1332,69.8291,4320,0.02
15,4.1326,70.3141,4350,0.02
15,4.1322,70.799,4380,0.02
15,4.1338,71.2839,4410,0.02
15,4.1357,71.7688,4440,0.02
15,4.1357,72.2538,4470,0.02
15,4.14,72.7387,4500,0.02
15,4.1461,73.2236,4530,0.02
15,4.1445,73.7085,4560,0.02
15,4.1377,74.1935,4590,0.02
15,4.1431,74.6784,4620,0.02
15,4.1454,75.1633,4650,0.02
15,4.1532,75.6482,4680,0.02
15,4.1451,76.1332,4710,0.02
15,4.1424,76.6181,4740,0.02
15,4.149,77.103,4770,0.02
15,4.146,77.5879,4800,0.02
15,4.1558,78.0729,4830,0.02
15,4.1555,78.5578,4860,0.02
15,4.1528,79.0427,4890,0.02
15,4.1554,79.5276,4920,0.02
15,4.1585,80.0126,4950,0.02
15,4.1615,80.4975,4980,0.02
15,4.1525,80.9824,5010,0.02
15,4.1655,81.4673,5040,0.02
15,4.1614,81.9523,5070,0.02
15,4.1586,82.4372,5100,0.02
15,4.1618,82.9221,5130,0.02
15,4.1665,83.407,5160,0.02
15,4.1687,83.892,5190,0.02
15,4.1686,84.3769,5220,0.02
15,4.1583,84.8618,5250,0.02
15,4.1633,85.3467,5280,0.02
15,4.1711,85.8317,5310,0.02
15,4.1739,86.3166,5340,0.02
15,4.1723,86.8015,5370,0.02
15,4.1678,87.2864,5400,0.02
15,4.1659,87.7714,5430,0.02
15,4.1626,88.2563,5460,0.02
15,4.1769,88.7412,5490,0.02
15,4.1635,89.2261,5520,0.02
15,4.1645,89.7111,5550,0.02
15,4.1686,90.196,5580,0.02
15,4.1749,90.6809,5610,0.02
15,4.1658,91.1658,5640,0.02
15,4.18,91.6508,5670,0.02
15,4.1663,92.1357,5700,0.02
15,4.1815,92.6206,5730,0.02
15,4.1729,93.1055,5760,0.02
15,4.18,93.5905,5790,0.02
15,4.1798,94.0754,5820,0.02
15,4.1774,94.5603,5850,0.02
15,4.1772,95.0452,5880,0.02
15,4.1708,95.5302,5910,0.02
15,4.1814,96.0151,5940,0.02
15,4.1706,96.5,5970,0.02
16,3.0,0.0,0,0.02
16,3.0305,0.4837,30,0.02
16,3.0511,0.9673,60,0.02
16,3.0642,1.451,90,0.02
16,3.0994,1.9347,120,0.02
16,3.1137,2.4183,150,0.02
16,3.136,2.902,180,0.02
16,3.1646,3.3857,210,0.02
16,3.1844,3.8693,240,0.02
16,3.1973,4.353,270,0.02
16,3.2111,4.8367,300,0.02
16,3.2364,5.3204,330,0.02
16,3.2635,5.804,360,0.02
16,3.2806,6.2877,390,0.02
16,3.2962,6.7714,420,0.02
16,3.3194,7.255,450,0.02
16,3.337,7.7387,480,0.02
16,3.35,8.2224,510,0.02
16,3.364,8.706,540,0.02
16,3.3797,9.1897,570,0.02
16,3.4016,9.6734,600,0.02
16,3.4153,10.157,630,0.02
16,3.4218,10.6407,660,0.02
16,3.437,11.1244,690,0.02
16,3.462,11.608,720,0.02
16,3.4681,12.0917,750,0.02
16,3.489,12.5754,780,0.02
16,3.495,13.059,810,0.02
16,3.5201,13.5427,840,0.02
16,3.5237,14.0264,870,0.02
16,3.5364,14.5101,900,0.02
16,3.5617,14.9937,930,0.02
16,3.567,15.4774,960,0.02
16,3.5831,15.9611,990,0.02
16,3.5989,16.4447,1020,0.02
16,3.6129,16.9284,1050,0.02
16,3.6173,17.4121,1080,0.02
16,3.6365,17.8957,1110,0.02
16,3.6406,18.3794,1140,0.02
16,3.6577,18.8631,1170,0.02
16,3.6643,19.3467,1200,0.02
16,3.6673,19.8304,1230,0.02
16,3.6909,20.3141,1260,0.02
16,3.6919,20.7977,1290,0.02
16,3.7,21.2814,1320,0.02
16,3.7121,21.7651,1350,0.02
16,3.7256,22.2487,1380,0.02
16,3.7279,22.7324,1410,0.02
16,3.7359,23.2161,1440,0.02
16,3.7444,23.6997,1470,0.02
16,3.7574,24.1834,1500,0.02
16,3.7639,24.6671,1530,0.02
16,3.7734,25.1508,1560,0.02
16,3.7857,25.6344,1590,0.02
16,3.7901,26.1181,1620,0.02
16,3.8085,26.6018,1650,0.02
16,3.8047,27.0854,1680,0.02
16,3.8202,27.5691,1710,0.02
16,3.8334,28.0528,1740,0.02
16,3.8283,28.5364,1770,0.02
16,3.836,29.0201,1800,0.02
16,3.8533,29.5038,1830,0.02
16,3.8566,29.9874,1860,0.02
16,3.8677,30.4711,1890,0.02
16,3.8662,30.9548,1920,0.02
16,3.8791,31.4384,1950,0.02
16,3.8888,31.9221,1980,0.02
16,3.8856,32.4058,2010,0.02
16,3.8925,32.8894,2040,0.02
16,3.896,33.3731,2070,0.02
16,3.9007,33.8568,2100,0.02
16,3.92,34.3405,2130,0.02
16,3.9222,34.8241,2160,0.02
16,3.9237,35.3078,2190,0.02
16,3.9229,35.7915,2220,0.02
16,3.9406,36.2751,2250,0.02
16,3.9475,36.7588,2280,0.02
16,3.9521,37.2425,2310,0.02
16,3.9484,37.7261,2340,0.02
16,3.9516,38.2098,2370,0.02
16,3.9623,38.6935,2400,0.02
16,3.9596,39.1771,2430,0.02
16,3.9696,39.6608,2460,0.02
16,3.9727,40.1445,2490,0.02
16,3.9773,40.6281,2520,0.02
16,3.9807,41.1118,2550,0.02
16,3.9917,41.5955,2580,0.02
16,3.997,42.0791,2610,0.02
16,4.0002,42.5628,2640,0.02
16,4.0074,43.0465,2670,0.02
16,4.0061,43.5302,2700,0.02
16,4.004,44.0138,2730,0.02
16,4.0172,44.4975,2760,0.02
16,4.0086,44.9812,2790,0.02
16,4.0154,45.4648,2820,0.02
16,4.0259,45.9485,2850,0.02
16,4.0218,46.4322,2880,0.02
16,4.0265,46.9158,2910,0.02
16,4.0386,47.3995,2940,0.02
16,4.04,47.8832,2970,0.02
16,4.0336,48.3668,3000,0.02
16,4.0394,48.8505,3030,0.02
16,4.0503,49.3342,3060,0.02
16,4.0499,49.8178,3090,0.02
16,4.0494,50.3015,3120,0.02
16,4.0509,50.7852,3150,0.02
16,4.0649,51.2688,3180,0.02
16,4.0524,51.7525,3210,0.02
16,4.0696,52.2362,3240,0.02
16,4.0723,52.7198,3270,0.02
16,4.072,53.2035,3300,0.02
16,4.0655,53.6872,3330,0.02
16,4.0692,54.1709,3360,0.02
16,4.0777,54.6545,3390,0.02
16,4.0736,55.1382,3420,0.02
16,4.0777,55.6219,3450,0.02
16,4.0806,56.1055,3480,0.02
16,4.0867,56.5892,3510,0.02
16,4.0813,57.0729,3540,0.02
16,4.0928,57.5565,3570,0.02
16,4.0982,58.0402,3600,0.02
16,4.0948,58.5239,3630,0.02
16,4.0904,59.0075,3660,0.02
16,4.1052,59.4912,3690,0.02
16,4.1041,59.9749,3720,0.02
16,4.0954,60.4585,3750,0.02
16,4.108,60.9422,3780,0.02
16,4.1107,61.4259,3810,0.02
16,4.1015,61.9095,3840,0.02
16,4.107,62.3932,3870,0.02
16,4.1159,62.8769,3900,0.02
16,4.1111,63.3606,3930,0.02
16,4.1136,63.8442,3960,0.02
16,4.119,64.3279,3990,0.02
16,4.1141,64.8116,4020,0.02
16,4.1202,65.2952,4050,0.02
16,4.1289,65.7789,4080,0.02
16,4.119,66.2626,4110,0.02
16,4.1204,66.7462,4140,0.02
16,4.1225,67.2299,4170,0.02
16,4.1243,67.7136,4200,0.02
16,4.1367,68.1972,4230,0.02
16,4.1295,68.6809,4260,0.02
16,4.1311,69.1646,4290,0.02
16,4.14,69.6482,4320,0.02
16,4.1325,70.1319,4350,0.02
16,4.143,70.6156,4380,0.02
16,4.14,71.0992,4410,0.02
16,4.1325,71.5829,4440,0.02
16,4.1389,72.0666,4470,0.02
16,4.1482,72.5503,4500,0.02
16,4.1456,73.0339,4530,0.02
16,4.1505,73.5176,4560,0.02
16,4.1449,74.0013,4590,0.02
16,4.1405,74.4849,4620,0.02
16,4.1491,74.9686,4650,0.02
16,4.1446,75.4523,4680,0.02
16,4.1492,75.9359,4710,0.02
16,4.151,76.4196,4740,0.02
16,4.1576,76.9033,4770,0.02
16,4.1443,77.3869,4800,0.02
16,4.1472,77.8706,4830,0.02
16,4.1579,78.3543,4860,0.02
16,4.1585,78.8379,4890,0.02
16,4.1596,79.3216,4920,0.02
16,4.1522,79.8053,4950,0.02
16,4.1599,80.2889,4980,0.02
16,4.1646,80.7726,5010,0.02
16,4.1627,81.2563,5040,0.02
16,4.1647,81.7399,5070,0.02
16,4.1613,82.2236,5100,0.02
16,4.1619,82.7073,5130,0.02
16,4.16,83.191,5160,0.02
16,4.1551,83.6746,5190,0.02
16,4.1643,84.1583,5220,0.02
16,4.1573,84.642,5250,0.02
16,4.1615,85.1256,5280,0.02
16,4.1718,85.6093,5310,0.02
16,4.1595,86.093,5340,0.02
16,4.1652,86.5766,5370,0.02
16,4.1617,87.0603,5400,0.02
16,4.1722,87.544,5430,0.02
16,4.1675,88.0276,5460,0.02
16,4.1772,88.5113,5490,0.02
16,4.1631,88.995,5520,0.02
16,4.1739,89.4786,5550,0.02
16,4.1716,89.9623,5580,0.02
16,4.1723,90.446,5610,0.02
16,4.1734,90.9296,5640,0.02
16,4.1652,91.4133,5670,0.02
16,4.1691,91.897,5700,0.02
16,4.1748,92.3807,5730,0.02
16,4.1727,92.8643,5760,0.02
16,4.176,93.348,5790,0.02
16,4.1768,93.8317,5820,0.02
16,4.1735,94.3153,5850,0.02
16,4.1825,94.799,5880,0.02
16,4.1805,95.2827,5910,0.02
16,4.1742,95.7663,5940,0.02
16,4.1704,96.25,5970,0.02
17,3.0027,0.0,0,0.02
17,3.0318,0.4824,30,0.02
17,3.0404,0.9648,60,0.02
17,3.0659,1.4472,90,0.02
17,3.0922,1.9296,120,0.02
17,3.1191,2.4121,150,0.02
17,3.136,2.8945,180,0.02
17,3.1654,3.3769,210,0.02
17,3.1802,3.8593,240,0.02
17,3.1949,4.3417,270,0.02
17,3.2165,4.8241,300,0.02
17,3.2441,5.3065,330,0.02
17,3.2556,5.7889,360,0.02
17,3.2716,6.2714,390,0.02
17,3.2886,6.7538,420,0.02
17,3.3158,7.2362,450,0.02
17,3.324,7.7186,480,0.02
17,3.3443,8.201,510,0.02
17,3.36,8.6834,540,0.02
17,3.374,9.1658,570,0.02
17,3.404,9.6482,600,0.02
17,3.4163,10.1307,630,0.02
17,3.4294,10.6131,660,0.02
17,3.4394,11.0955,690,0.02
17,3.4557,11.5779,720,0.02
17,3.4799,12.0603,750,0.02
17,3.4922,12.5427,780,0.02
17,3.5004,13.0251,810,0.02
17,3.5179,13.5075,840,0.02
17,3.5319,13.9899,870,0.02
17,3.5369,14.4724,900,0.02
17,3.5564,14.9548,930,0.02
17,3.576,15.4372,960,0.02
17,3.5797,15.9196,990,0.02
17,3.5876,16.402,1020,0.02
17,3.6127,16.8844,1050,0.02
17,3.6198,17.3668,1080,0.02
17,3.6272,17.8492,1110,0.02
17,3.6429,18.3317,1140,0.02
17,3.657,18.8141,1170,0.02
17,3.6612,19.2965,1200,0.02
17,3.6719,19.7789,1230,0.02
17,3.6846,20.2613,1260,0.02
17,3.7013,20.7437,1290,0.02
17,3.7034,21.2261,1320,0.02
17,3.722,21.7085,1350,0.02
17,3.724,22.191,1380,0.02
17,3.7317,22.6734,1410,0.02
17,3.7447,23.1558,1440,0.02
17,3.7593,23.6382,1470,0.02
17,3.7534,24.1206,1500,0.02
17,3.7673,24.603,1530,0.02
17,3.7716,25.0854,1560,0.02
17,3.7921,25.5678,1590,0.02
17,3.7889,26.0503,1620,0.02
17,3.7948,26.5327,1650,0.02
17,3.8076,27.0151,1680,0.02
17,3.8229,27.4975,1710,0.02
17,3.8213,27.9799,1740,0.02
17,3.838,28.4623,1770,0.02
17,3.8466,28.9447,1800,0.02
17,3.8451,29.4271,1830,0.02
17,3.8547,29.9095,1860,0.02
17,3.8622,30.392,1890,0.02
17,3.8634,30.8744,1920,0.02
17,3.8823,31.3568,1950,0.02
17,3.8737,31.8392,1980,0.02
17,3.8817,32.3216,2010,0.02
17,3.8867,32.804,2040,0.02
17,3.8971,33.2864,2070,0.02
17,3.9038,33.7688,2100,0.02
17,3.9183,34.2513,2130,0.02
17,3.9112,34.7337,2160,0.02
17,3.9229,35.2161,2190,0.02
17,3.9268,35.6985,2220,0.02
17,3.9306,36.1809,2250,0.02
17,3.9466,36.6633,2280,0.02
17,3.9491,37.1457,2310,0.02
17,3.9527,37.6281,2340,0.02
17,3.9521,38.1106,2370,0.02
17,3.9537,38.593,2400,0.02
17,3.9695,39.0754,2430,0.02
17,3.9623,39.5578,2460,0.02
17,3.9798,40.0402,2490,0.02
17,3.9852,40.5226,2520,0.02
17,3.9851,41.005,2550,0.02
17,3.9912,41.4874,2580,0.02
17,3.9939,41.9698,2610,0.02
17,3.9897,42.4523,2640,0.02
17,4.0052,42.9347,2670,0.02
17,4.0091,43.4171,2700,0.02
17,4.0034,43.8995,2730,0.02
17,4.0101,44.3819,2760,0.02
17,4.0088,44.8643,2790,0.02
17,4.025,45.3467,2820,0.02
17,4.0289,45.8291,2850,0.02
17,4.0316,46.3116,2880,0.02
17,4.0264,46.794,2910,0.02
17,4.0278,47.2764,2940,0.02
17,4.0294,47.7588,2970,0.02
17,4.0403,48.2412,3000,0.02
17,4.0384,48.7236,3030,0.02
17,4.0526,49.206,3060,0.02
17,4.052,49.6884,3090,0.02
17,4.0492,50.1709,3120,0.02
17,4.0474,50.6533,3150,0.02
17,4.0625,51.1357,3180,0.02
17,4.0663,51.6181,3210,0.02
17,4.0683,52.1005,3240,0.02
17,4.0735,52.5829,3270,0.02
17,4.0743,53.0653,3300,0.02
17,4.0766,53.5477,3330,0.02
17,4.0724,54.0302,3360,0.02
17,4.0817,54.5126,3390,0.02
17,4.0862,54.995,3420,0.02
17,4.0826,55.4774,3450,0.02
17,4.0872,55.9598,3480,0.02
17,4.0881,56.4422,3510,0.02
17,4.0875,56.9246,3540,0.02
17,4.09,57.407,3570,0.02
17,4.0888,57.8894,3600,0.02
17,4.102,58.3719,3630,0.02
17,4.0888,58.8543,3660,0.02
17,4.1053,59.3367,3690,0.02
17,4.0977,59.8191,3720,0.02
17,4.106,60.3015,3750,0.02
17,4.1014,60.7839,3780,0.02
17,4.0993,61.2663,3810,0.02
17,4.1011,61.7487,3840,0.02
17,4.1031,62.2312,3870,0.02
17,4.1185,62.7136,3900,0.02
17,4.1095,63.196,3930,0.02
17,4.1222,63.6784,3960,0.02
17,4.1185,64.1608,3990,0.02
17,4.1251,64.6432,4020,0.02
17,4.126,65.1256,4050,0.02
17,4.115,65.608,4080,0.02
17,4.127,66.0905,4110,0.02
17,4.1304,66.5729,4140,0.02
17,4.1291,67.0553,4170,0.02
17,4.1288,67.5377,4200,0.02
17,4.1282,68.0201,4230,0.02
17,4.1247,68.5025,4260,0.02
17,4.1344,68.9849,4290,0.02
17,4.1378,69.4673,4320,0.02
17,4.1278,69.9497,4350,0.02
17,4.1348,70.4322,4380,0.02
17,4.1295,70.9146,4410,0.02
17,4.1458,71.397,4440,0.02
17,4.1322,71.8794,4470,0.02
17,4.1406,72.3618,4500,0.02
17,4.1346,72.8442,4530,0.02
17,4.1484,73.3266,4560,0.02
17,4.1383,73.809,4590,0.02
17,4.1499,74.2915,4620,0.02
17,4.1477,74.7739,4650,0.02
17,4.1456,75.2563,4680,0.02
17,4.1494,75.7387,4710,0.02
17,4.1516,76.2211,4740,0.02
17,4.1474,76.7035,4770,0.02
17,4.1548,77.1859,4800,0.02
17,4.1569,77.6683,4830,0.02
17,4.1562,78.1508,4860,0.02
17,4.1622,78.6332,4890,0.02
17,4.1577,79.1156,4920,0.02
17,4.1513,79.598,4950,0.02
17,4.151,80.0804,4980,0.02
17,4.1523,80.5628,5010,0.02
17,4.1557,81.0452,5040,0.02
17,4.1628,81.5276,5070,0.02
17,4.166,82.0101,5100,0.02
17,4.1588,82.4925,5130,0.02
17,4.1571,82.9749,5160,0.02
17,4.1708,83.4573,5190,0.02
17,4.1595,83.9397,5220,0.02
17,4.1668,84.4221,5250,0.02
17,4.1608,84.9045,5280,0.02
17,4.1584,85.3869,5310,0.02
17,4.1615,85.8693,5340,0.02
17,4.162,86.3518,5370,0.02
17,4.1716,86.8342,5400,0.02
17,4.1667,87.3166,5430,0.02
17,4.1655,87.799,5460,0.02
17,4.175,88.2814,5490,0.02
17,4.1629,88.7638,5520,0.02
17,4.1676,89.2462,5550,0.02
17,4.1792,89.7286,5580,0.02
17,4.1739,90.2111,5610,0.02
17,4.1781,90.6935,5640,0.02
17,4.1799,91.1759,5670,0.02
17,4.1781,91.6583,5700,0.02
17,4.1664,92.1407,5730,0.02
17,4.1827,92.6231,5760,0.02
17,4.1725,93.1055,5790,0.02
17,4.1835,93.5879,5820,0.02
17,4.1744,94.0704,5850,0.02
17,4.1785,94.5528,5880,0.02
17,4.1775,95.0352,5910,0.02
17,4.1704,95.5176,5940,0.02
17,4.1828,96.0,5970,0.02
18,3.0007,0.0,0,0.02
18,3.0282,0.4812,30,0.02
18,3.0449,0.9623,60,0.02
18,3.0729,1.4435,90,0.02
18,3.0861,1.9246,120,0.02
18,3.116,2.4058,150,0.02
18,3.1402,2.8869,180,0.02
18,3.1518,3.3681,210,0.02
18,3.1846,3.8492,240,0.02
18,3.1975,4.3304,270,0.02
18,3.2262,4.8116,300,0.02
18,3.2435,5.2927,330,0.02
18,3.2568,5.7739,360,0.02
18,3.2738,6.255,390,0.02
18,3.2972,6.7362,420,0.02
18,3.3164,7.2173,450,0.02
18,3.3269,7.6985,480,0.02
18,3.3409,8.1796,510,0.02
18,3.3633,8.6608,540,0.02
18,3.3806,9.142,570,0.02
18,3.391,9.6231,600,0.02
18,3.4167,10.1043,630,0.02
18,3.4237,10.5854,660,0.02
18,3.449,11.0666,690,0.02
18,3.4625,11.5477,720,0.02
18,3.4768,12.0289,750,0.02
18,3.492,12.5101,780,0.02
18,3.4975,12.9912,810,0.02
18,3.5091,13.4724,840,0.02
18,3.5317,13.9535,870,0.02
18,3.5356,14.4347,900,0.02
18,3.5496,14.9158,930,0.02
18,3.5691,15.397,960,0.02
18,3.5778,15.8781,990,0.02
18,3.5974,16.3593,1020,0.02
18,3.6094,16.8405,1050,0.02
18,3.6142,17.3216,1080,0.02
18,3.6298,17.8028,1110,0.02
18,3.6453,18.2839,1140,0.02
18,3.646,18.7651,1170,0.02
18,3.6689,19.2462,1200,0.02
18,3.6779,19.7274,1230,0.02
18,3.6845,20.2085,1260,0.02
18,3.6944,20.6897,1290,0.02
18,3.7045,21.1709,1320,0.02
18,3.7197,21.652,1350,0.02
18,3.7233,22.1332,1380,0.02
18,3.7256,22.6143,1410,0.02
18,3.7449,23.0955,1440,0.02
18,3.7462,23.5766,1470,0.02
18,3.7611,24.0578,1500,0.02
18,3.7623,24.5389,1530,0.02
18,3.7804,25.0201,1560,0.02
18,3.7791,25.5013,1590,0.02
18,3.7921,25.9824,1620,0.02
18,3.8043,26.4636,1650,0.02
18,3.8172,26.9447,1680,0.02
18,3.8132,27.4259,1710,0.02
18,3.8319,27.907,1740,0.02
18,3.8272,28.3882,1770,0.02
18,3.8454,28.8693,1800,0.02
18,3.8509,29.3505,1830,0.02
18,3.8582,29.8317,1860,0.02
18,3.8623,30.3128,1890,0.02
18,3.8678,30.794,1920,0.02
18,3.8697,31.2751,1950,0.02
18,3.8862,31.7563,1980,0.02
18,3.8898,32.2374,2010,0.02
18,3.8935,32.7186,2040,0.02
18,3.8983,33.1997,2070,0.02
18,3.904,33.6809,2100,0.02
18,3.9153,34.1621,2130,0.02
18,3.9141,34.6432,2160,0.02
18,3.9234,35.1244,2190,0.02
18,3.9246,35.6055,2220,0.02
18,3.9321,36.0867,2250,0.02
18,3.9384,36.5678,2280,0.02
18,3.9455,37.049,2310,0.02
18,3.9426,37.5302,2340,0.02
18,3.9545,38.0113,2370,0.02
18,3.9588,38.4925,2400,0.02
18,3.9581,38.9736,2430,0.02
18,3.9674,39.4548,2460,0.02
18,3.9693,39.9359,2490,0.02
18,3.9728,40.4171,2520,0.02
18,3.98,40.8982,2550,0.02
18,3.9933,41.3794,2580,0.02
18,3.998,41.8606,2610,0.02
18,4.0006,42.3417,2640,0.02
18,3.9995,42.8229,2670,0.02
18,3.9989,43.304,2700,0.02
18,4.01,43.7852,2730,0.02
18,4.0084,44.2663,2760,0.02
18,4.0229,44.7475,2790,0.02
18,4.014,45.2286,2820,0.02
18,4.0222,45.7098,2850,0.02
18,4.0322,46.191,2880,0.02
18,4.0243,46.6721,2910,0.02
18,4.0357,47.1533,2940,0.02
18,4.0325,47.6344,2970,0.02
18,4.0404,48.1156,3000,0.02
18,4.0483,48.5967,3030,0.02
18,4.0535,49.0779,3060,0.02
18,4.0481,49.559,3090,0.02
18,4.0454,50.0402,3120,0.02
18,4.0615,50.5214,3150,0.02
18,4.0619,51.0025,3180,0.02
18,4.0526,51.4837,3210,0.02
18,4.0569,51.9648,3240,0.02
18,4.0732,52.446,3270,0.02
18,4.0674,52.9271,3300,0.02
18,4.0707,53.4083,3330,0.02
18,4.0773,53.8894,3360,0.02
18,4.0771,54.3706,3390,0.02
18,4.0733,54.8518,3420,0.02
18,4.079,55.3329,3450,0.02
18,4.0912,55.8141,3480,0.02
18,4.0825,56.2952,3510,0.02
18,4.0947,56.7764,3540,0.02
18,4.0901,57.2575,3570,0.02
18,4.0977,57.7387,3600,0.02
18,4.0897,58.2198,3630,0.02
18,4.0943,58.701,3660,0.02
18,4.0931,59.1822,3690,0.02
18,4.1019,59.6633,3720,0.02
18,4.1076,60.1445,3750,0.02
18,4.1123,60.6256,3780,0.02
18,4.1067,61.1068,3810,0.02
18,4.1095,61.5879,3840,0.02
18,4.1054,62.0691,3870,0.02
18,4.113,62.5503,3900,0.02
18,4.118,63.0314,3930,0.02
18,4.117,63.5126,3960,0.02
18,4.1116,63.9937,3990,0.02
18,4.1138,64.4749,4020,0.02
18,4.113,64.956,4050,0.02
18,4.1256,65.4372,4080,0.02
18,4.1265,65.9183,4110,0.02
18,4.1179,66.3995,4140,0.02
18,4.1254,66.8807,4170,0.02
18,4.1357,67.3618,4200,0.02
18,4.1239,67.843,4230,0.02
18,4.1349,68.3241,4260,0.02
18,4.1356,68.8053,4290,0.02
18,4.1375,69.2864,4320,0.02
18,4.1378,69.7676,4350,0.02
18,4.139,70.2487,4380,0.02
18,4.1434,70.7299,4410,0.02
18,4.1315,71.2111,4440,0.02
18,4.1324,71.6922,4470,0.02
18,4.1435,72.1734,4500,0.02
18,4.1345,72.6545,4530,0.02
18,4.1443,73.1357,4560,0.02
18,4.1482,73.6168,4590,0.02
18,4.1467,74.098,4620,0.02
18,4.1441,74.5791,4650,0.02
18,4.1434,75.0603,4680,0.02
18,4.1423,75.5415,4710,0.02
18,4.1448,76.0226,4740,0.02
18,4.1484,76.5038,4770,0.02
18,4.1441,76.9849,4800,0.02
18,4.1481,77.4661,4830,0.02
18,4.1526,77.9472,4860,0.02
18,4.1472,78.4284,4890,0.02
18,4.1478,78.9095,4920,0.02
18,4.1546,79.3907,4950,0.02
18,4.1513,79.8719,4980,0.02
18,4.165,80.353,5010,0.02
18,4.1606,80.8342,5040,0.02
18,4.1653,81.3153,5070,0.02
18,4.1555,81.7965,5100,0.02
18,4.1597,82.2776,5130,0.02
18,4.1652,82.7588,5160,0.02
18,4.1693,83.2399,5190,0.02
18,4.1645,83.7211,5220,0.02
18,4.1681,84.2023,5250,0.02
18,4.1683,84.6834,5280,0.02
18,4.1587,85.1646,5310,0.02
18,4.1643,85.6457,5340,0.02
18,4.175,86.1269,5370,0.02
18,4.1703,86.608,5400,0.02
18,4.172,87.0892,5430,0.02
18,4.1748,87.5704,5460,0.02
18,4.1624,88.0515,5490,0.02
18,4.1683,88.5327,5520,0.02
18,4.1718,89.0138,5550,0.02
18,4.1657,89.495,5580,0.02
18,4.1774,89.9761,5610,0.02
18,4.1704,90.4573,5640,0.02
18,4.1742,90.9384,5670,0.02
18,4.1734,91.4196,5700,0.02
18,4.1797,91.9008,5730,0.02
18,4.1794,92.3819,5760,0.02
18,4.1819,92.8631,5790,0.02
18,4.1759,93.3442,5820,0.02
18,4.1825,93.8254,5850,0.02
18,4.1768,94.3065,5880,0.02
18,4.1776,94.7877,5910,0.02
18,4.1823,95.2688,5940,0.02
18,4.1789,95.75,5970,0.02
19,3.0037,0.0,0,0.02
19,3.0262,0.4799,30,0.02
19,3.0413,0.9598,60,0.02
19,3.0643,1.4397,90,0.02
19,3.0865,1.9196,120,0.02
19,3.1149,2.3995,150,0.02
19,3.1328,2.8794,180,0.02
19,3.1648,3.3593,210,0.02
19,3.1813,3.8392,240,0.02
19,3.205,4.3191,270,0.02
19,3.2119,4.799,300,0.02
19,3.2338,5.2789,330,0.02
19,3.253,5.7588,360,0.02
19,3.2732,6.2387,390,0.02
19,3.293,6.7186,420,0.02
19,3.3052,7.1985,450,0.02
19,3.3257,7.6784,480,0.02
19,3.3511,8.1583,510,0.02
19,3.3642,8.6382,540,0.02
19,3.3885,9.1181,570,0.02
19,3.4028,9.598,600,0.02
19,3.4177,10.0779,630,0.02
19,3.4328,10.5578,660,0.02
19,3.4381,11.0377,690,0.02
19,3.4533,11.5176,720,0.02
19,3.4818,11.9975,750,0.02
19,3.4832,12.4774,780,0.02
19,3.5103,12.9573,810,0.02
19,3.5102,13.4372,840,0.02
19,3.5318,13.9171,870,0.02
19,3.5423,14.397,900,0.02
19,3.5536,14.8769,930,0.02
19,3.565,15.3568,960,0.02
19,3.5894,15.8367,990,0.02
19,3.5953,16.3166,1020,0.02
19,3.6059,16.7965,1050,0.02
19,3.6196,17.2764,1080,0.02
19,3.6283,17.7563,1110,0.02
19,3.6341,18.2362,1140,0.02
19,3.6476,18.7161,1170,0.02
19,3.6669,19.196,1200,0.02
19,3.6768,19.6759,1230,0.02
19,3.6902,20.1558,1260,0.02
19,3.6946,20.6357,1290,0.02
19,3.7046,21.1156,1320,0.02
19,3.7086,21.5955,1350,0.02
19,3.728,22.0754,1380,0.02
19,3.7265,22.5553,1410,0.02
19,3.7395,23.0352,1440,0.02
19,3.754,23.5151,1470,0.02
19,3.7554,23.995,1500,0.02
19,3.77,24.4749,1530,0.02
19,3.7788,24.9548,1560,0.02
19,3.7933,25.4347,1590,0.02
19,3.7885,25.9146,1620,0.02
19,3.8063,26.3945,1650,0.02
19,3.8087,26.8744,1680,0.02
19,3.8227,27.3543,1710,0.02
19,3.8316,27.8342,1740,0.02
19,3.8354,28.3141,1770,0.02
19,3.848,28.794,1800,0.02
19,3.8507,29.2739,1830,0.02
19,3.8489,29.7538,1860,0.02
19,3.8542,30.2337,1890,0.02
19,3.8743,30.7136,1920,0.02
19,3.883,31.1935,1950,0.02
19,3.8767,31.6734,1980,0.02
19,3.8907,32.1533,2010,0.02
19,3.9,32.6332,2040,0.02
19,3.9027,33.1131,2070,0.02
19,3.8989,33.593,2100,0.02
19,3.9086,34.0729,2130,0.02
19,3.9184,34.5528,2160,0.02
19,3.9276,35.0327,2190,0.02
19,3.9337,35.5126,2220,0.02
19,3.939,35.9925,2250,0.02
19,3.9361,36.4724,2280,0.02
19,3.9484,36.9523,2310,0.02
19,3.9552,37.4322,2340,0.02
19,3.9539,37.9121,2370,0.02
19,3.9558,38.392,2400,0.02
19,3.9668,38.8719,2430,0.02
19,3.9649,39.3518,2460,0.02
19,3.9756,39.8317,2490,0.02
19,3.9825,40.3116,2520,0.02
19,3.9823,40.7915,2550,0.02
19,3.9875,41.2714,2580,0.02
19,3.985,41.7513,2610,0.02
19,3.9967,42.2312,2640,0.02
19,4.0055,42.7111,2670,0.02
19,3.999,43.191,2700,0.02
19,4.0085,43.6709,2730,0.02
19,4.0072,44.1508,2760,0.02
19,4.0093,44.6307,2790,0.02
19,4.0195,45.1106,2820,0.02
19,4.015,45.5905,2850,0.02
19,4.0206,46.0704,2880,0.02
19,4.0315,46.5503,2910,0.02
19,4.0259,47.0302,2940,0.02
19,4.0379,47.5101,2970,0.02
19,4.0392,47.9899,3000,0.02
19,4.0462,48.4698,3030,0.02
19,4.0497,48.9497,3060,0.02
19,4.0424,49.4296,3090,0.02
19,4.0524,49.9095,3120,0.02
19,4.0503,50.3894,3150,0.02
19,4.0578,50.8693,3180,0.02
19,4.0612,51.3492,3210,0.02
19,4.0557,51.8291,3240,0.02
19,4.0644,52.309,3270,0.02
19,4.0649,52.7889,3300,0.02
19,4.0694,53.2688,3330,0.02
19,4.0679,53.7487,3360,0.02
19,4.081,54.2286,3390,0.02
19,4.0817,54.7085,3420,0.02
19,4.0862,55.1884,3450,0.02
19,4.0828,55.6683,3480,0.02
19,4.0805,56.1482,3510,0.02
19,4.0947,56.6281,3540,0.02
19,4.0921,57.108,3570,0.02
19,4.0964,57.5879,3600,0.02
19,4.0969,58.0678,3630,0.02
19,4.09,58.5477,3660,0.02
19,4.1035,59.0276,3690,0.02
19,4.0948,59.5075,3720,0.02
19,4.097,59.9874,3750,0.02
19,4.1022,60.4673,3780,0.02
19,4.1034,60.9472,3810,0.02
19,4.1024,61.4271,3840,0.02
19,4.1177,61.907,3870,0.02
19,4.1151,62.3869,3900,0.02
19,4.117,62.8668,3930,0.02
19,4.1095,63.3467,3960,0.02
19,4.118,63.8266,3990,0.02
19,4.1224,64.3065,4020,0.02
19,4.1246,64.7864,4050,0.02
19,4.1164,65.2663,4080,0.02
19,4.1255,65.7462,4110,0.02
19,4.1177,66.2261,4140,0.02
19,4.1222,66.706,4170,0.02
19,4.1309,67.1859,4200,0.02
19,4.1268,67.6658,4230,0.02
19,4.1291,68.1457,4260,0.02
19,4.1254,68.6256,4290,0.02
19,4.1286,69.1055,4320,0.02
19,4.1288,69.5854,4350,0.02
19,4.1325,70.0653,4380,0.02
19,4.1383,70.5452,4410,0.02
19,4.1443,71.0251,4440,0.02
19,4.1406,71.505,4470,0.02
19,4.1444,71.9849,4500,0.02
19,4.1386,72.4648,4530,0.02
19,4.1422,72.9447,4560,0.02
19,4.1372,73.4246,4590,0.02
19,4.1529,73.9045,4620,0.02
19,4.1513,74.3844,4650,0.02
19,4.1418,74.8643,4680,0.02
19,4.1467,75.3442,4710,0.02
19,4.1524,75.8241,4740,0.02
19,4.1542,76.304,4770,0.02
19,4.1486,76.7839,4800,0.02
19,4.1596,77.2638,4830,0.02
19,4.1589,77.7437,4860,0.02
19,4.1566,78.2236,4890,0.02
19,4.1549,78.7035,4920,0.02
19,4.1577,79.1834,4950,0.02
19,4.1581,79.6633,4980,0.02
19,4.1604,80.1432,5010,0.02
19,4.1619,80.6231,5040,0.02
19,4.1543,81.103,5070,0.02
19,4.1581,81.5829,5100,0.02
19,4.1636,82.0628,5130,0.02
19,4.1562,82.5427,5160,0.02
19,4.1706,83.0226,5190,0.02
19,4.1597,83.5025,5220,0.02
19,4.1703,83.9824,5250,0.02
19,4.165,84.4623,5280,0.02
19,4.1608,84.9422,5310,0.02
19,4.1644,85.4221,5340,0.02
19,4.165,85.902,5370,0.02
19,4.165,86.3819,5400,0.02
19,4.1681,86.8618,5430,0.02
19,4.1621,87.3417,5460,0.02
19,4.1721,87.8216,5490,0.02
19,4.1647,88.3015,5520,0.02
19,4.1726,88.7814,5550,0.02
19,4.1778,89.2613,5580,0.02
19,4.1758,89.7412,5610,0.02
19,4.1717,90.2211,5640,0.02
19,4.1749,90.701,5670,0.02
19,4.1731,91.1809,5700,0.02
19,4.1745,91.6608,5730,0.02
19,4.171,92.1407,5760,0.02
19,4.1789,92.6206,5790,0.02
19,4.1723,93.1005,5820,0.02
19,4.1741,93.5804,5850,0.02
19,4.1776,94.0603,5880,0.02
19,4.1773,94.5402,5910,0.02
19,4.1832,95.0201,5940,0.02
19,4.1707,95.5,5970,0.02
20,3.0,0.0,0,0.02
20,3.0234,0.4786,30,0.02
20,3.0723,0.9573,60,0.02
20,3.0764,1.4359,90,0.02
20,3.1023,1.9146,120,0.02
20,3.1611,2.3932,150,0.02
20,3.1566,2.8719,180,0.02
20,3.1971,3.3505,210,0.02
20,3.208,3.8291,240,0.02
20,3.22,4.3078,270,0.02
20,3.2036,4.7864,300,0.02
20,3.2109,5.2651,330,0.02
20,3.2313,5.7437,360,0.02
20,3.2675,6.2224,390,0.02
20,3.264,6.701,420,0.02
20,3.3025,7.1796,450,0.02
20,3.3203,7.6583,480,0.02
20,3.3232,8.1369,510,0.02
20,3.3496,8.6156,540,0.02
20,3.3638,9.0942,570,0.02
20,3.4259,9.5729,600,0.02
20,3.444,10.0515,630,0.02
20,3.465,10.5302,660,0.02
20,3.4718,11.0088,690,0.02
20,3.499,11.4874,720,0.02
20,3.4836,11.9661,750,0.02
20,3.5044,12.4447,780,0.02
20,3.5064,12.9234,810,0.02
20,3.5346,13.402,840,0.02
20,3.5226,13.8807,870,0.02
20,3.5461,14.3593,900,0.02
20,3.5235,14.8379,930,0.02
20,3.5391,15.3166,960,0.02
20,3.5513,15.7952,990,0.02
20,3.5777,16.2739,1020,0.02
20,3.5802,16.7525,1050,0.02
20,3.607,17.2312,1080,0.02
20,3.6107,17.7098,1110,0.02
20,3.6255,18.1884,1140,0.02
20,3.6716,18.6671,1170,0.02
20,3.665,19.1457,1200,0.02
20,3.7149,19.6244,1230,0.02
20,3.7322,20.103,1260,0.02
20,3.7407,20.5817,1290,0.02
20,3.7399,21.0603,1320,0.02
20,3.7267,21.5389,1350,0.02
20,3.7151,22.0176,1380,0.02
20,3.7431,22.4962,1410,0.02
20,3.7347,22.9749,1440,0.02
20,3.7408,23.4535,1470,0.02
20,3.7347,23.9322,1500,0.02
20,3.7506,24.4108,1530,0.02
20,3.7302,24.8894,1560,0.02
20,3.765,25.3681,1590,0.02
20,3.7666,25.8467,1620,0.02
20,3.7932,26.3254,1650,0.02
20,3.8229,26.804,1680,0.02
20,3.8204,27.2827,1710,0.02
20,3.8515,27.7613,1740,0.02
20,3.8383,28.2399,1770,0.02
20,3.8503,28.7186,1800,0.02
20,3.8966,29.1972,1830,0.02
20,3.893,29.6759,1860,0.02
20,3.8997,30.1545,1890,0.02
20,3.8904,30.6332,1920,0.02
20,3.8893,31.1118,1950,0.02
20,3.898,31.5905,1980,0.02
20,3.871,32.0691,2010,0.02
20,3.8919,32.5477,2040,0.02
20,3.8833,33.0264,2070,0.02
20,3.8955,33.505,2100,0.02
20,3.8653,33.9837,2130,0.02
20,3.9085,34.4623,2160,0.02
20,3.8819,34.941,2190,0.02
20,3.9293,35.4196,2220,0.02
20,3.9485,35.8982,2250,0.02
20,3.9301,36.3769,2280,0.02
20,3.9531,36.8555,2310,0.02
20,3.978,37.3342,2340,0.02
20,4.0007,37.8128,2370,0.02
20,4.0019,38.2915,2400,0.02
20,3.9762,38.7701,2430,0.02
20,3.9959,39.2487,2460,0.02
20,3.999,39.7274,2490,0.02
20,4.0026,40.206,2520,0.02
20,3.9746,40.6847,2550,0.02
20,3.9606,41.1633,2580,0.02
20,3.99,41.642,2610,0.02
20,3.9557,42.1206,2640,0.02
20,3.9665,42.5992,2670,0.02
20,3.9938,43.0779,2700,0.02
20,3.9719,43.5565,2730,0.02
20,3.9856,44.0352,2760,0.02
20,3.986,44.5138,2790,0.02
20,4.0273,44.9925,2820,0.02
20,4.0154,45.4711,2850,0.02
20,4.048,45.9497,2880,0.02
20,4.046,46.4284,2910,0.02
20,4.0708,46.907,2940,0.02
20,4.0847,47.3857,2970,0.02
20,4.0702,47.8643,3000,0.02
20,4.07,48.343,3030,0.02
20,4.081,48.8216,3060,0.02
20,4.0582,49.3003,3090,0.02
20,4.0388,49.7789,3120,0.02
20,4.0581,50.2575,3150,0.02
20,4.0431,50.7362,3180,0.02
20,4.0194,51.2148,3210,0.02
20,4.0312,51.6935,3240,0.02
20,4.0432,52.1721,3270,0.02
20,4.0286,52.6508,3300,0.02
20,4.0693,53.1294,3330,0.02
20,4.0516,53.608,3360,0.02
20,4.0784,54.0867,3390,0.02
20,4.0856,54.5653,3420,0.02
20,4.1058,55.044,3450,0.02
20,4.1006,55.5226,3480,0.02
20,4.1056,56.0013,3510,0.02
20,4.1107,56.4799,3540,0.02
20,4.1265,56.9585,3570,0.02
20,4.1254,57.4372,3600,0.02
20,4.107,57.9158,3630,0.02
20,4.0985,58.3945,3660,0.02
20,4.092,58.8731,3690,0.02
20,4.0891,59.3518,3720,0.02
20,4.087,59.8304,3750,0.02
20,4.0737,60.309,3780,0.02
20,4.0574,60.7877,3810,0.02
20,4.0609,61.2663,3840,0.02
20,4.085,61.745,3870,0.02
20,4.0825,62.2236,3900,0.02
20,4.1225,62.7023,3930,0.02
20,4.1346,63.1809,3960,0.02
20,4.1326,63.6595,3990,0.02
20,4.1345,64.1382,4020,0.02
20,4.1323,64.6168,4050,0.02
20,4.159,65.0955,4080,0.02
20,4.1715,65.5741,4110,0.02
20,4.1339,66.0528,4140,0.02
20,4.1496,66.5314,4170,0.02
20,4.159,67.0101,4200,0.02
20,4.1335,67.4887,4230,0.02
20,4.1076,67.9673,4260,0.02
20,4.1302,68.446,4290,0.02
20,4.1025,68.9246,4320,0.02
20,4.0994,69.4033,4350,0.02
20,4.09,69.8819,4380,0.02
20,4.1111,70.3606,4410,0.02
20,4.1176,70.8392,4440,0.02
20,4.1302,71.3178,4470,0.02
20,4.1322,71.7965,4500,0.02
20,4.1355,72.2751,4530,0.02
20,4.1488,72.7538,4560,0.02
20,4.1591,73.2324,4590,0.02
20,4.1539,73.7111,4620,0.02
20,4.1949,74.1897,4650,0.02
20,4.1765,74.6683,4680,0.02
20,4.1832,75.147,4710,0.02
20,4.1794,75.6256,4740,0.02
20,4.1704,76.1043,4770,0.02
20,4.1557,76.5829,4800,0.02
20,4.148,77.0616,4830,0.02
20,4.1189,77.5402,4860,0.02
20,4.1375,78.0188,4890,0.02
20,4.1254,78.4975,4920,0.02
20,4.1412,78.9761,4950,0.02
20,4.1464,79.4548,4980,0.02
20,4.1503,79.9334,5010,0.02
20,4.155,80.4121,5040,0.02
20,4.1667,80.8907,5070,0.02
20,4.1532,81.3693,5100,0.02
20,4.191,81.848,5130,0.02
20,4.1826,82.3266,5160,0.02
20,4.1801,82.8053,5190,0.02
20,4.1835,83.2839,5220,0.02
20,4.2,83.7626,5250,0.02
20,4.1728,84.2412,5280,0.02
20,4.2,84.7198,5310,0.02
20,4.1936,85.1985,5340,0.02
20,4.148,85.6771,5370,0.02
20,4.1537,86.1558,5400,0.02
20,4.16,86.6344,5430,0.02
20,4.1588,87.1131,5460,0.02
20,4.1384,87.5917,5490,0.02
20,4.1227,88.0704,5520,0.02
20,4.1366,88.549,5550,0.02
20,4.1599,89.0276,5580,0.02
20,4.1702,89.5063,5610,0.02
20,4.167,89.9849,5640,0.02
20,4.1875,90.4636,5670,0.02
20,4.176,90.9422,5700,0.02
20,4.1812,91.4209,5730,0.02
20,4.2,91.8995,5760,0.02
20,4.1858,92.3781,5790,0.02
20,4.2,92.8568,5820,0.02
20,4.1979,93.3354,5850,0.02
20,4.2,93.8141,5880,0.02
20,4.1746,94.2927,5910,0.02
20,4.1825,94.7714,5940,0.02
20,4.1638,95.25,5970,0.02
21,3.0002,0.0,0,0.02
21,3.022,0.4774,30,0.02
21,3.0446,0.9548,60,0.02
21,3.0697,1.4322,90,0.02
21,3.0946,1.9095,120,0.02
21,3.1121,2.3869,150,0.02
21,3.1392,2.8643,180,0.02
21,3.1576,3.3417,210,0.02
21,3.1766,3.8191,240,0.02
21,3.1996,4.2965,270,0.02
21,3.2207,4.7739,300,0.02
21,3.2378,5.2513,330,0.02
21,3.2582,5.7286,360,0.02
21,3.2744,6.206,390,0.02
21,3.2944,6.6834,420,0.02
21,3.3125,7.1608,450,0.02
21,3.3316,7.6382,480,0.02
21,3.347,8.1156,510,0.02
21,3.3641,8.593,540,0.02
21,3.3823,9.0704,570,0.02
21,3.3961,9.5477,600,0.02
21,3.4143,10.0251,630,0.02
21,3.4309,10.5025,660,0.02
21,3.442,10.9799,690,0.02
21,3.4589,11.4573,720,0.02
21,3.4735,11.9347,750,0.02
21,3.4893,12.4121,780,0.02
21,3.503,12.8894,810,0.02
21,3.5183,13.3668,840,0.02
21,3.5298,13.8442,870,0.02
21,3.5428,14.3216,900,0.02
21,3.557,14.799,930,0.02
21,3.5696,15.2764,960,0.02
21,3.5814,15.7538,990,0.02
21,3.5951,16.2312,1020,0.02
21,3.6072,16.7085,1050,0.02
21,3.619,17.1859,1080,0.02
21,3.6291,17.6633,1110,0.02
21,3.6435,18.1407,1140,0.02
21,3.6549,18.6181,1170,0.02
21,3.6644,19.0955,1200,0.02
21,3.6755,19.5729,1230,0.02
21,3.6823,20.0503,1260,0.02
21,3.6962,20.5276,1290,0.02
21,3.7038,21.005,1320,0.02
21,3.717,21.4824,1350,0.02
21,3.7232,21.9598,1380,0.02
21,3.7307,22.4372,1410,0.02
21,3.7406,22.9146,1440,0.02
21,3.7513,23.392,1470,0.02
21,3.7588,23.8693,1500,0.02
21,3.7723,24.3467,1530,0.02
21,3.7769,24.8241,1560,0.02
21,3.7855,25.3015,1590,0.02
21,3.7931,25.7789,1620,0.02
21,3.7998,26.2563,1650,0.02
21,3.8101,26.7337,1680,0.02
21,3.8201,27.2111,1710,0.02
21,3.8248,27.6884,1740,0.02
21,3.8364,28.1658,1770,0.02
21,3.8417,28.6432,1800,0.02
21,3.8457,29.1206,1830,0.02
21,3.8554,29.598,1860,0.02
21,3.8595,30.0754,1890,0.02
21,3.8714,30.5528,1920,0.02
21,3.873,31.0302,1950,0.02
21,3.8795,31.5075,1980,0.02
21,3.8906,31.9849,2010,0.02
21,3.8955,32.4623,2040,0.02
21,3.9016,32.9397,2070,0.02
21,3.9053,33.4171,2100,0.02
21,3.9118,33.8945,2130,0.02
21,3.9153,34.3719,2160,0.02
21,3.9207,34.8492,2190,0.02
21,3.9259,35.3266,2220,0.02
21,3.9322,35.804,2250,0.02
21,3.9379,36.2814,2280,0.02
21,3.9476,36.7588,2310,0.02
21,3.9493,37.2362,2340,0.02
21,3.9563,37.7136,2370,0.02
21,3.9608,38.191,2400,0.02
21,3.9623,38.6683,2430,0.02
21,3.9664,39.1457,2460,0.02
21,3.9737,39.6231,2490,0.02
21,3.9769,40.1005,2520,0.02
21,3.9798,40.5779,2550,0.02
21,3.9866,41.0553,2580,0.02
21,3.9935,41.5327,2610,0.02
21,3.995,42.0101,2640,0.02
21,3.9991,42.4874,2670,0.02
21,4.001,42.9648,2700,0.02
21,4.0064,43.4422,2730,0.02
21,4.0103,43.9196,2760,0.02
21,4.0161,44.397,2790,0.02
21,4.0161,44.8744,2820,0.02
21,4.0241,45.3518,2850,0.02
21,4.0248,45.8291,2880,0.02
21,4.0286,46.3065,2910,0.02
21,4.0312,46.7839,2940,0.02
21,4.0344,47.2613,2970,0.02
21,4.0416,47.7387,3000,0.02
21,4.0438,48.2161,3030,0.02
21,4.0449,48.6935,3060,0.02
21,4.046,49.1709,3090,0.02
21,4.0523,49.6482,3120,0.02
21,4.056,50.1256,3150,0.02
21,4.0587,50.603,3180,0.02
21,4.0592,51.0804,3210,0.02
21,4.0658,51.5578,3240,0.02
21,4.0651,52.0352,3270,0.02
21,4.0713,52.5126,3300,0.02
21,4.0726,52.9899,3330,0.02
21,4.0751,53.4673,3360,0.02
21,4.0759,53.9447,3390,0.02
21,4.0771,54.4221,3420,0.02
21,4.0839,54.8995,3450,0.02
21,4.0844,55.3769,3480,0.02
21,4.0869,55.8543,3510,0.02
21,4.0886,56.3317,3540,0.02
21,4.0913,56.809,3570,0.02
21,4.0898,57.2864,3600,0.02
21,4.0953,57.7638,3630,0.02
21,4.0966,58.2412,3660,0.02
21,4.0965,58.7186,3690,0.02
21,4.0981,59.196,3720,0.02
21,4.1008,59.6734,3750,0.02
21,4.1019,60.1508,3780,0.02
21,4.1089,60.6281,3810,0.02
21,4.1056,61.1055,3840,0.02
21,4.1103,61.5829,3870,0.02
21,4.1135,62.0603,3900,0.02
21,4.1125,62.5377,3930,0.02
21,4.1156,63.0151,3960,0.02
21,4.1194,63.4925,3990,0.02
21,4.1217,63.9698,4020,0.02
21,4.1185,64.4472,4050,0.02
21,4.1208,64.9246,4080,0.02
21,4.123,65.402,4110,0.02
21,4.1276,65.8794,4140,0.02
21,4.1279,66.3568,4170,0.02
21,4.1267,66.8342,4200,0.02
21,4.1313,67.3116,4230,0.02
21,4.128,67.7889,4260,0.02
21,4.1315,68.2663,4290,0.02
21,4.1333,68.7437,4320,0.02
21,4.1336,69.2211,4350,0.02
21,4.1381,69.6985,4380,0.02
21,4.14,70.1759,4410,0.02
21,4.1408,70.6533,4440,0.02
21,4.1397,71.1307,4470,0.02
21,4.1399,71.608,4500,0.02
21,4.1412,72.0854,4530,0.02
21,4.1423,72.5628,4560,0.02
21,4.1431,73.0402,4590,0.02
21,4.1441,73.5176,4620,0.02
21,4.1459,73.995,4650,0.02
21,4.1488,74.4724,4680,0.02
21,4.1515,74.9497,4710,0.02
21,4.1501,75.4271,4740,0.02
21,4.1507,75.9045,4770,0.02
21,4.1526,76.3819,4800,0.02
21,4.1521,76.8593,4830,0.02
21,4.1522,77.3367,4860,0.02
21,4.155,77.8141,4890,0.02
21,4.1561,78.2915,4920,0.02
21,4.1582,78.7688,4950,0.02
21,4.1595,79.2462,4980,0.02
21,4.1583,79.7236,5010,0.02
21,4.1594,80.201,5040,0.02
21,4.1588,80.6784,5070,0.02
21,4.1623,81.1558,5100,0.02
21,4.1643,81.6332,5130,0.02
21,4.1614,82.1106,5160,0.02
21,4.162,82.5879,5190,0.02
21,4.1623,83.0653,5220,0.02
21,4.1659,83.5427,5250,0.02
21,4.1664,84.0201,5280,0.02
21,4.1672,84.4975,5310,0.02
21,4.1655,84.9749,5340,0.02
21,4.1673,85.4523,5370,0.02
21,4.1667,85.9296,5400,0.02
21,4.1664,86.407,5430,0.02
21,4.1662,86.8844,5460,0.02
21,4.1716,87.3618,5490,0.02
21,4.1688,87.8392,5520,0.02
21,4.171,88.3166,5550,0.02
21,4.1697,88.794,5580,0.02
21,4.1698,89.2714,5610,0.02
21,4.1752,89.7487,5640,0.02
21,4.1714,90.2261,5670,0.02
21,4.1717,90.7035,5700,0.02
21,4.1719,91.1809,5730,0.02
21,4.1766,91.6583,5760,0.02
21,4.1762,92.1357,5790,0.02
21,4.1782,92.6131,5820,0.02
21,4.1735,93.0905,5850,0.02
21,4.1754,93.5678,5880,0.02
21,4.1779,94.0452,5910,0.02
21,4.1784,94.5226,5940,0.02
21,4.1752,95.0,5970,0.02
22,3.0021,0.0,0,0.02
22,3.0316,0.4761,30,0.02
22,3.0439,0.9523,60,0.02
22,3.0757,1.4284,90,0.02
22,3.0877,1.9045,120,0.02
22,3.1083,2.3807,150,0.02
22,3.1423,2.8568,180,0.02
22,3.161,3.3329,210,0.02
22,3.1717,3.809,240,0.02
22,3.2035,4.2852,270,0.02
22,3.2203,4.7613,300,0.02
22,3.2397,5.2374,330,0.02
22,3.2542,5.7136,360,0.02
22,3.2757,6.1897,390,0.02
22,3.2952,6.6658,420,0.02
22,3.3198,7.142,450,0.02
22,3.3237,7.6181,480,0.02
22,3.3438,8.0942,510,0.02
22,3.3675,8.5704,540,0.02
22,3.3829,9.0465,570,0.02
22,3.3931,9.5226,600,0.02
22,3.4201,9.9987,630,0.02
22,3.4327,10.4749,660,0.02
22,3.4438,10.951,690,0.02
22,3.4528,11.4271,720,0.02
22,3.4697,11.9033,750,0.02
22,3.4923,12.3794,780,0.02
22,3.5056,12.8555,810,0.02
22,3.5086,13.3317,840,0.02
22,3.5346,13.8078,870,0.02
22,3.5506,14.2839,900,0.02
22,3.555,14.7601,930,0.02
22,3.5695,15.2362,960,0.02
22,3.5878,15.7123,990,0.02
22,3.589,16.1884,1020,0.02
22,3.6001,16.6646,1050,0.02
22,3.6107,17.1407,1080,0.02
22,3.6326,17.6168,1110,0.02
22,3.6477,18.093,1140,0.02
22,3.647,18.5691,1170,0.02
22,3.6636,19.0452,1200,0.02
22,3.6699,19.5214,1230,0.02
22,3.6858,19.9975,1260,0.02
22,3.6921,20.4736,1290,0.02
22,3.7073,20.9497,1320,0.02
22,3.7148,21.4259,1350,0.02
22,3.7192,21.902,1380,0.02
22,3.7376,22.3781,1410,0.02
22,3.7397,22.8543,1440,0.02
22,3.7584,23.3304,1470,0.02
22,3.7578,23.8065,1500,0.02
22,3.7718,24.2827,1530,0.02
22,3.771,24.7588,1560,0.02
22,3.7854,25.2349,1590,0.02
22,3.7953,25.7111,1620,0.02
22,3.8043,26.1872,1650,0.02
22,3.8089,26.6633,1680,0.02
22,3.811,27.1394,1710,0.02
22,3.8299,27.6156,1740,0.02
22,3.8357,28.0917,1770,0.02
22,3.843,28.5678,1800,0.02
22,3.8531,29.044,1830,0.02
22,3.8604,29.5201,1860,0.02
22,3.8629,29.9962,1890,0.02
22,3.8632,30.4724,1920,0.02
22,3.8675,30.9485,1950,0.02
22,3.8762,31.4246,1980,0.02
22,3.8944,31.9008,2010,0.02
22,3.8977,32.3769,2040,0.02
22,3.9067,32.853,2070,0.02
22,3.913,33.3291,2100,0.02
22,3.9167,33.8053,2130,0.02
22,3.913,34.2814,2160,0.02
22,3.9262,34.7575,2190,0.02
22,3.9304,35.2337,2220,0.02
22,3.9269,35.7098,2250,0.02
22,3.9355,36.1859,2280,0.02
22,3.9509,36.6621,2310,0.02
22,3.956,37.1382,2340,0.02
22,3.9621,37.6143,2370,0.02
22,3.9534,38.0905,2400,0.02
22,3.969,38.5666,2430,0.02
22,3.9735,39.0427,2460,0.02
22,3.9721,39.5188,2490,0.02
22,3.9808,39.995,2520,0.02
22,3.9808,40.4711,2550,0.02
22,3.9807,40.9472,2580,0.02
22,3.9848,41.4234,2610,0.02
22,3.9951,41.8995,2640,0.02
22,3.9922,42.3756,2670,0.02
22,4.001,42.8518,2700,0.02
22,4.0007,43.3279,2730,0.02
22,4.008,43.804,2760,0.02
22,4.0148,44.2802,2790,0.02
22,4.0149,44.7563,2820,0.02
22,4.0253,45.2324,2850,0.02
22,4.0266,45.7085,2880,0.02
22,4.0271,46.1847,2910,0.02
22,4.0345,46.6608,2940,0.02
22,4.036,47.1369,2970,0.02
22,4.0413,47.6131,3000,0.02
22,4.0378,48.0892,3030,0.02
22,4.0457,48.5653,3060,0.02
22,4.0562,49.0415,3090,0.02
22,4.0501,49.5176,3120,0.02
22,4.0517,49.9937,3150,0.02
22,4.0522,50.4698,3180,0.02
22,4.054,50.946,3210,0.02
22,4.066,51.4221,3240,0.02
22,4.071,51.8982,3270,0.02
22,4.0633,52.3744,3300,0.02
22,4.0746,52.8505,3330,0.02
22,4.0809,53.3266,3360,0.02
22,4.0804,53.8028,3390,0.02
22,4.0803,54.2789,3420,0.02
22,4.0759,54.755,3450,0.02
22,4.0911,55.2312,3480,0.02
22,4.0919,55.7073,3510,0.02
22,4.0809,56.1834,3540,0.02
22,4.0977,56.6595,3570,0.02
22,4.0959,57.1357,3600,0.02
22,4.0956,57.6118,3630,0.02
22,4.1037,58.0879,3660,0.02
22,4.097,58.5641,3690,0.02
22,4.0964,59.0402,3720,0.02
22,4.0995,59.5163,3750,0.02
22,4.1068,59.9925,3780,0.02
22,4.1129,60.4686,3810,0.02
22,4.102,60.9447,3840,0.02
22,4.1175,61.4209,3870,0.02
22,4.1161,61.897,3900,0.02
22,4.1075,62.3731,3930,0.02
22,4.1205,62.8492,3960,0.02
22,4.1129,63.3254,3990,0.02
22,4.1146,63.8015,4020,0.02
22,4.1181,64.2776,4050,0.02
22,4.1177,64.7538,4080,0.02
22,4.1194,65.2299,4110,0.02
22,4.1268,65.706,4140,0.02
22,4.1229,66.1822,4170,0.02
22,4.1267,66.6583,4200,0.02
22,4.135,67.1344,4230,0.02
22,4.1264,67.6106,4260,0.02
22,4.1246,68.0867,4290,0.02
22,4.1368,68.5628,4320,0.02
22,4.1345,69.0389,4350,0.02
22,4.1348,69.5151,4380,0.02
22,4.1391,69.9912,4410,0.02
22,4.1362,70.4673,4440,0.02
22,4.1408,70.9435,4470,0.02
22,4.134,71.4196,4500,0.02
22,4.1483,71.8957,4530,0.02
22,4.1399,72.3719,4560,0.02
22,4.1429,72.848,4590,0.02
22,4.1451,73.3241,4620,0.02
22,4.1431,73.8003,4650,0.02
22,4.1416,74.2764,4680,0.02
22,4.1539,74.7525,4710,0.02
22,4.1481,75.2286,4740,0.02
22,4.1437,75.7048,4770,0.02
22,4.1521,76.1809,4800,0.02
22,4.146,76.657,4830,0.02
22,4.1517,77.1332,4860,0.02
22,4.1594,77.6093,4890,0.02
22,4.1576,78.0854,4920,0.02
22,4.153,78.5616,4950,0.02
22,4.1502,79.0377,4980,0.02
22,4.1562,79.5138,5010,0.02
22,4.1597,79.9899,5040,0.02
22,4.1671,80.4661,5070,0.02
22,4.1654,80.9422,5100,0.02
22,4.1593,81.4183,5130,0.02
22,4.1565,81.8945,5160,0.02
22,4.1641,82.3706,5190,0.02
22,4.1669,82.8467,5220,0.02
22,4.1717,83.3229,5250,0.02
22,4.1601,83.799,5280,0.02
22,4.161,84.2751,5310,0.02
22,4.1739,84.7513,5340,0.02
22,4.168,85.2274,5370,0.02
22,4.1705,85.7035,5400,0.02
22,4.1708,86.1796,5430,0.02
22,4.177,86.6558,5460,0.02
22,4.1654,87.1319,5490,0.02
22,4.1713,87.608,5520,0.02
22,4.1767,88.0842,5550,0.02
22,4.1765,88.5603,5580,0.02
22,4.1733,89.0364,5610,0.02
22,4.1708,89.5126,5640,0.02
22,4.1732,89.9887,5670,0.02
22,4.1788,90.4648,5700,0.02
22,4.1769,90.941,5730,0.02
22,4.178,91.4171,5760,0.02
22,4.1688,91.8932,5790,0.02
22,4.1819,92.3693,5820,0.02
22,4.1771,92.8455,5850,0.02
22,4.1764,93.3216,5880,0.02
22,4.1765,93.7977,5910,0.02
22,4.1853,94.2739,5940,0.02
22,4.172,94.75,5970,0.02
23,3.0,0.0,0,0.02
23,3.0332,0.4749,30,0.02
23,3.0624,0.9497,60,0.02
23,3.0762,1.4246,90,0.02
23,3.1137,1.8995,120,0.02
23,3.1526,2.3744,150,0.02
23,3.1509,2.8492,180,0.02
23,3.1861,3.3241,210,0.02
23,3.174,3.799,240,0.02
23,3.1913,4.2739,270,0.02
23,3.2071,4.7487,300,0.02
23,3.2379,5.2236,330,0.02
23,3.2234,5.6985,360,0.02
23,3.2376,6.1734,390,0.02
23,3.2444,6.6482,420,0.02
23,3.3022,7.1231,450,0.02
23,3.31,7.598,480,0.02
23,3.3257,8.0729,510,0.02
23,3.3633,8.5477,540,0.02
23,3.3697,9.0226,570,0.02
23,3.3911,9.4975,600,0.02
23,3.4254,9.9724,630,0.02
23,3.4439,10.4472,660,0.02
23,3.4845,10.9221,690,0.02
23,3.4836,11.397,720,0.02
23,3.5131,11.8719,750,0.02
23,3.5223,12.3467,780,0.02
23,3.4961,12.8216,810,0.02
23,3.5098,13.2965,840,0.02
23,3.5046,13.7714,870,0.02
23,3.5408,14.2462,900,0.02
23,3.5408,14.7211,930,0.02
23,3.5292,15.196,960,0.02
23,3.5507,15.6709,990,0.02
23,3.5656,16.1457,1020,0.02
23,3.5762,16.6206,1050,0.02
23,3.6108,17.0955,1080,0.02
23,3.628,17.5704,1110,0.02
23,3.6534,18.0452,1140,0.02
23,3.6665,18.5201,1170,0.02
23,3.698,18.995,1200,0.02
23,3.6832,19.4698,1230,0.02
23,3.7149,19.9447,1260,0.02
23,3.7223,20.4196,1290,0.02
23,3.7279,20.8945,1320,0.02
23,3.7429,21.3693,1350,0.02
23,3.7356,21.8442,1380,0.02
23,3.7388,22.3191,1410,0.02
23,3.7284,22.794,1440,0.02
23,3.7433,23.2688,1470,0.02
23,3.7326,23.7437,1500,0.02
23,3.745,24.2186,1530,0.02
23,3.7387,24.6935,1560,0.02
23,3.7411,25.1683,1590,0.02
23,3.7617,25.6432,1620,0.02
23,3.7771,26.1181,1650,0.02
23,3.8235,26.593,1680,0.02
23,3.821,27.0678,1710,0.02
23,3.8558,27.5427,1740,0.02
23,3.842,28.0176,1770,0.02
23,3.8755,28.4925,1800,0.02
23,3.884,28.9673,1830,0.02
23,3.8989,29.4422,1860,0.02
23,3.8847,29.9171,1890,0.02
23,3.8884,30.392,1920,0.02
23,3.8751,30.8668,1950,0.02
23,3.8947,31.3417,1980,0.02
23,3.8807,31.8166,2010,0.02
23,3.8565,32.2915,2040,0.02
23,3.8577,32.7663,2070,0.02
23,3.8729,33.2412,2100,0.02
23,3.8733,33.7161,2130,0.02
23,3.8795,34.191,2160,0.02
23,3.9027,34.6658,2190,0.02
23,3.9286,35.1407,2220,0.02
23,3.9325,35.6156,2250,0.02
23,3.9331,36.0905,2280,0.02
23,3.9796,36.5653,2310,0.02
23,3.9574,37.0402,2340,0.02
23,3.9773,37.5151,2370,0.02
23,3.9832,37.9899,2400,0.02
23,3.9999,38.4648,2430,0.02
23,3.9909,38.9397,2460,0.02
23,3.993,39.4146,2490,0.02
23,3.9957,39.8894,2520,0.02
23,3.9753,40.3643,2550,0.02
23,3.9658,40.8392,2580,0.02
23,3.9606,41.3141,2610,0.02
23,3.986,41.7889,2640,0.02
23,3.9527,42.2638,2670,0.02
23,3.9562,42.7387,2700,0.02
23,3.9955,43.2136,2730,0.02
23,4.0003,43.6884,2760,0.02
23,3.9983,44.1633,2790,0.02
23,4.018,44.6382,2820,0.02
23,4.0207,45.1131,2850,0.02
23,4.0224,45.5879,2880,0.02
23,4.0456,46.0628,2910,0.02
23,4.0735,46.5377,2940,0.02
23,4.0537,47.0126,2970,0.02
23,4.0475,47.4874,3000,0.02
23,4.0762,47.9623,3030,0.02
23,4.0689,48.4372,3060,0.02
23,4.0704,48.9121,3090,0.02
23,4.0604,49.3869,3120,0.02
23,4.0264,49.8618,3150,0.02
23,4.0445,50.3367,3180,0.02
23,4.0291,50.8116,3210,0.02
23,4.0149,51.2864,3240,0.02
23,4.0208,51.7613,3270,0.02
23,4.0384,52.2362,3300,0.02
23,4.045,52.7111,3330,0.02
23,4.081,53.1859,3360,0.02
23,4.0569,53.6608,3390,0.02
23,4.1072,54.1357,3420,0.02
23,4.098,54.6106,3450,0.02
23,4.0989,55.0854,3480,0.02
23,4.1344,55.5603,3510,0.02
23,4.121,56.0352,3540,0.02
23,4.1292,56.5101,3570,0.02
23,4.1118,56.9849,3600,0.02
23,4.109,57.4598,3630,0.02
23,4.1075,57.9347,3660,0.02
23,4.1106,58.4095,3690,0.02
23,4.0791,58.8844,3720,0.02
23,4.0969,59.3593,3750,0.02
23,4.0842,59.8342,3780,0.02
23,4.0751,60.309,3810,0.02
23,4.0782,60.7839,3840,0.02
23,4.0965,61.2588,3870,0.02
23,4.0776,61.7337,3900,0.02
23,4.1078,62.2085,3930,0.02
23,4.1041,62.6834,3960,0.02
23,4.1281,63.1583,3990,0.02
23,4.1359,63.6332,4020,0.02
23,4.1528,64.108,4050,0.02
23,4.1367,64.5829,4080,0.02
23,4.1402,65.0578,4110,0.02
23,4.1391,65.5327,4140,0.02
23,4.16,66.0075,4170,0.02
23,4.1248,66.4824,4200,0.02
23,4.1172,66.9573,4230,0.02
23,4.1058,67.4322,4260,0.02
23,4.1051,67.907,4290,0.02
23,4.1236,68.3819,4320,0.02
23,4.1215,68.8568,4350,0.02
23,4.1244,69.3317,4380,0.02
23,4.1265,69.8065,4410,0.02
23,4.1055,70.2814,4440,0.02
23,4.1182,70.7563,4470,0.02
23,4.1329,71.2312,4500,0.02
23,4.1255,71.706,4530,0.02
23,4.1398,72.1809,4560,0.02
23,4.1717,72.6558,4590,0.02
23,4.1521,73.1307,4620,0.02
23,4.1866,73.6055,4650,0.02
23,4.1667,74.0804,4680,0.02
23,4.1828,74.5553,4710,0.02
23,4.1836,75.0302,4740,0.02
23,4.1469,75.505,4770,0.02
23,4.1714,75.9799,4800,0.02
23,4.1486,76.4548,4830,0.02
23,4.1512,76.9296,4860,0.02
23,4.1186,77.4045,4890,0.02
23,4.146,77.8794,4920,0.02
23,4.1414,78.3543,4950,0.02
23,4.1426,78.8291,4980,0.02
23,4.1325,79.304,5010,0.02
23,4.1273,79.7789,5040,0.02
23,4.1376,80.2538,5070,0.02
23,4.1663,80.7286,5100,0.02
23,4.1853,81.2035,5130,0.02
23,4.1688,81.6784,5160,0.02
23,4.1861,82.1533,5190,0.02
23,4.2,82.6281,5220,0.02
23,4.1972,83.103,5250,0.02
23,4.1778,83.5779,5280,0.02
23,4.186,84.0528,5310,0.02
23,4.1886,84.5276,5340,0.02
23,4.1487,85.0025,5370,0.02
23,4.1604,85.4774,5400,0.02
23,4.15,85.9523,5430,0.02
23,4.1515,86.4271,5460,0.02
23,4.1417,86.902,5490,0.02
23,4.1397,87.3769,5520,0.02
23,4.1262,87.8518,5550,0.02
23,4.169,88.3266,5580,0.02
23,4.1721,88.8015,5610,0.02
23,4.1642,89.2764,5640,0.02
23,4.1715,89.7513,5670,0.02
23,4.2,90.2261,5700,0.02
23,4.2,90.701,5730,0.02
23,4.1963,91.1759,5760,0.02
23,4.1866,91.6508,5790,0.02
23,4.2,92.1256,5820,0.02
23,4.1899,92.6005,5850,0.02
23,4.2,93.0754,5880,0.02
23,4.2,93.5503,5910,0.02
23,4.1883,94.0251,5940,0.02
23,4.167,94.5,5970,0.02
24,3.0,0.0,0,0.02
24,3.0306,0.4736,30,0.02
24,3.0427,0.9472,60,0.02
24,3.0684,1.4209,90,0.02
24,3.0848,1.8945,120,0.02
24,3.1193,2.3681,150,0.02
24,3.1317,2.8417,180,0.02
24,3.1578,3.3153,210,0.02
24,3.182,3.7889,240,0.02
24,3.1988,4.2626,270,0.02
24,3.2177,4.7362,300,0.02
24,3.2366,5.2098,330,0.02
24,3.2567,5.6834,360,0.02
24,3.2782,6.157,390,0.02
24,3.2996,6.6307,420,0.02
24,3.3173,7.1043,450,0.02
24,3.3301,7.5779,480,0.02
24,3.3439,8.0515,510,0.02
24,3.3703,8.5251,540,0.02
24,3.3756,8.9987,570,0.02
24,3.3963,9.4724,600,0.02
24,3.4089,9.946,630,0.02
24,3.4247,10.4196,660,0.02
24,3.4463,10.8932,690,0.02
24,3.4644,11.3668,720,0.02
24,3.4741,11.8405,750,0.02
24,3.486,12.3141,780,0.02
24,3.4997,12.7877,810,0.02
24,3.5114,13.2613,840,0.02
24,3.532,13.7349,870,0.02
24,3.5394,14.2085,900,0.02
24,3.5606,14.6822,930,0.02
24,3.5666,15.1558,960,0.02
24,3.5778,15.6294,990,0.02
24,3.5914,16.103,1020,0.02
24,3.6022,16.5766,1050,0.02
24,3.6143,17.0503,1080,0.02
24,3.6276,17.5239,1110,0.02
24,3.6399,17.9975,1140,0.02
24,3.6568,18.4711,1170,0.02
24,3.6666,18.9447,1200,0.02
24,3.666,19.4183,1230,0.02
24,3.681,19.892,1260,0.02
24,3.6978,20.3656,1290,0.02
24,3.6983,20.8392,1320,0.02
24,3.7097,21.3128,1350,0.02
24,3.7239,21.7864,1380,0.02
24,3.7333,22.2601,1410,0.02
24,3.7387,22.7337,1440,0.02
24,3.7521,23.2073,1470,0.02
24,3.7654,23.6809,1500,0.02
24,3.7722,24.1545,1530,0.02
24,3.7849,24.6281,1560,0.02
24,3.7915,25.1018,1590,0.02
24,3.8025,25.5754,1620,0.02
24,3.8036,26.049,1650,0.02
24,3.8152,26.5226,1680,0.02
24,3.8252,26.9962,1710,0.02
24,3.8235,27.4698,1740,0.02
24,3.8382,27.9435,1770,0.02
24,3.8369,28.4171,1800,0.02
24,3.847,28.8907,1830,0.02
24,3.8608,29.3643,1860,0.02
24,3.8608,29.8379,1890,0.02
24,3.8668,30.3116,1920,0.02
24,3.8701,30.7852,1950,0.02
24,3.8811,31.2588,1980,0.02
24,3.8826,31.7324,2010,0.02
24,3.8884,32.206,2040,0.02
24,3.8931,32.6796,2070,0.02
24,3.9016,33.1533,2100,0.02
24,3.9191,33.6269,2130,0.02
24,3.9196,34.1005,2160,0.02
24,3.9254,34.5741,2190,0.02
24,3.9213,35.0477,2220,0.02
24,3.929,35.5214,2250,0.02
24,3.9368,35.995,2280,0.02
24,3.95,36.4686,2310,0.02
24,3.9468,36.9422,2340,0.02
24,3.9553,37.4158,2370,0.02
24,3.9547,37.8894,2400,0.02
24,3.9698,38.3631,2430,0.02
24,3.9737,38.8367,2460,0.02
24,3.9725,39.3103,2490,0.02
24,3.977,39.7839,2520,0.02
24,3.9848,40.2575,2550,0.02
24,3.9816,40.7312,2580,0.02
24,3.9893,41.2048,2610,0.02
24,3.9967,41.6784,2640,0.02
24,3.9983,42.152,2670,0.02
24,3.9983,42.6256,2700,0.02
24,4.0056,43.0992,2730,0.02
24,4.0155,43.5729,2760,0.02
24,4.022,44.0465,2790,0.02
24,4.0215,44.5201,2820,0.02
24,4.0253,44.9937,2850,0.02
24,4.0314,45.4673,2880,0.02
24,4.0281,45.941,2910,0.02
24,4.0265,46.4146,2940,0.02
24,4.0303,46.8882,2970,0.02
24,4.0418,47.3618,3000,0.02
24,4.0484,47.8354,3030,0.02
24,4.049,48.309,3060,0.02
24,4.056,48.7827,3090,0.02
24,4.0494,49.2563,3120,0.02
24,4.0472,49.7299,3150,0.02
24,4.057,50.2035,3180,0.02
24,4.0604,50.6771,3210,0.02
24,4.0562,51.1508,3240,0.02
24,4.0685,51.6244,3270,0.02
24,4.0634,52.098,3300,0.02
24,4.0721,52.5716,3330,0.02
24,4.0732,53.0452,3360,0.02
24,4.0685,53.5188,3390,0.02
24,4.0833,53.9925,3420,0.02
24,4.083,54.4661,3450,0.02
24,4.0859,54.9397,3480,0.02
24,4.0818,55.4133,3510,0.02
24,4.0933,55.8869,3540,0.02
24,4.0919,56.3606,3570,0.02
24,4.0946,56.8342,3600,0.02
24,4.0978,57.3078,3630,0.02
24,4.0962,57.7814,3660,0.02
24,4.1002,58.255,3690,0.02
24,4.0986,58.7286,3720,0.02
24,4.0961,59.2023,3750,0.02
24,4.1031,59.6759,3780,0.02
24,4.1035,60.1495,3810,0.02
24,4.1151,60.6231,3840,0.02
24,4.1071,61.0967,3870,0.02
24,4.1065,61.5704,3900,0.02
24,4.1148,62.044,3930,0.02
24,4.1229,62.5176,3960,0.02
24,4.1104,62.9912,3990,0.02
24,4.1156,63.4648,4020,0.02
24,4.1266,63.9384,4050,0.02
24,4.1146,64.4121,4080,0.02
24,4.1157,64.8857,4110,0.02
24,4.1242,65.3593,4140,0.02
24,4.1228,65.8329,4170,0.02
24,4.1291,66.3065,4200,0.02
24,4.1342,66.7802,4230,0.02
24,4.1274,67.2538,4260,0.02
24,4.1286,67.7274,4290,0.02
24,4.1326,68.201,4320,0.02
24,4.135,68.6746,4350,0.02
24,4.1321,69.1482,4380,0.02
24,4.1332,69.6219,4410,0.02
24,4.1313,70.0955,4440,0.02
24,4.1471,70.5691,4470,0.02
24,4.1448,71.0427,4500,0.02
24,4.1495,71.5163,4530,0.02
24,4.1364,71.9899,4560,0.02
24,4.147,72.4636,4590,0.02
24,4.147,72.9372,4620,0.02
24,4.1436,73.4108,4650,0.02
24,4.143,73.8844,4680,0.02
24,4.1478,74.358,4710,0.02
24,4.1436,74.8317,4740,0.02
24,4.1575,75.3053,4770,0.02
24,4.1551,75.7789,4800,0.02
24,4.1573,76.2525,4830,0.02
24,4.1489,76.7261,4860,0.02
24,4.1624,77.1997,4890,0.02
24,4.1497,77.6734,4920,0.02
24,4.1598,78.147,4950,0.02
24,4.1642,78.6206,4980,0.02
24,4.1548,79.0942,5010,0.02
24,4.1657,79.5678,5040,0.02
24,4.1522,80.0415,5070,0.02
24,4.1561,80.5151,5100,0.02
24,4.1655,80.9887,5130,0.02
24,4.1585,81.4623,5160,0.02
24,4.1697,81.9359,5190,0.02
24,4.1581,82.4095,5220,0.02
24,4.163,82.8832,5250,0.02
24,4.1672,83.3568,5280,0.02
24,4.1722,83.8304,5310,0.02
24,4.1693,84.304,5340,0.02
24,4.1618,84.7776,5370,0.02
24,4.1751,85.2513,5400,0.02
24,4.1651,85.7249,5430,0.02
24,4.1656,86.1985,5460,0.02
24,4.1773,86.6721,5490,0.02
24,4.1781,87.1457,5520,0.02
24,4.1664,87.6193,5550,0.02
24,4.1769,88.093,5580,0.02
24,4.1754,88.5666,5610,0.02
24,4.1731,89.0402,5640,0.02
24,4.1664,89.5138,5670,0.02
24,4.1813,89.9874,5700,0.02
24,4.1741,90.4611,5730,0.02
24,4.1767,90.9347,5760,0.02
24,4.181,91.4083,5790,0.02
24,4.1824,91.8819,5820,0.02
24,4.1801,92.3555,5850,0.02
24,4.1687,92.8291,5880,0.02
24,4.1758,93.3028,5910,0.02
24,4.1752,93.7764,5940,0.02
24,4.1839,94.25,5970,0.02
25,3.0077,0.0,0,0.02
25,3.027,0.4724,30,0.02
25,3.0425,0.9447,60,0.02
25,3.0728,1.4171,90,0.02
25,3.0918,1.8894,120,0.02
25,3.1085,2.3618,150,0.02
25,3.1296,2.8342,180,0.02
25,3.1569,3.3065,210,0.02
25,3.171,3.7789,240,0.02
25,3.1994,4.2513,270,0.02
25,3.2117,4.7236,300,0.02
25,3.2401,5.196,330,0.02
25,3.2612,5.6683,360,0.02
25,3.2709,6.1407,390,0.02
25,3.2875,6.6131,420,0.02
25,3.31,7.0854,450,0.02
25,3.3332,7.5578,480,0.02
25,3.3393,8.0302,510,0.02
25,3.3563,8.5025,540,0.02
25,3.385,8.9749,570,0.02
25,3.3924,9.4472,600,0.02
25,3.4149,9.9196,630,0.02
25,3.4361,10.392,660,0.02
25,3.4378,10.8643,690,0.02
25,3.4542,11.3367,720,0.02
25,3.4753,11.809,750,0.02
25,3.4905,12.2814,780,0.02
25,3.4997,12.7538,810,0.02
25,3.5096,13.2261,840,0.02
25,3.5347,13.6985,870,0.02
25,3.5475,14.1709,900,0.02
25,3.5534,14.6432,930,0.02
25,3.5625,15.1156,960,0.02
25,3.5844,15.5879,990,0.02
25,3.587,16.0603,1020,0.02
25,3.6012,16.5327,1050,0.02
25,3.6197,17.005,1080,0.02
25,3.628,17.4774,1110,0.02
25,3.6466,17.9497,1140,0.02
25,3.6509,18.4221,1170,0.02
25,3.6556,18.8945,1200,0.02
25,3.6792,19.3668,1230,0.02
25,3.684,19.8392,1260,0.02
25,3.6955,20.3116,1290,0.02
25,3.7069,20.7839,1320,0.02
25,3.7167,21.2563,1350,0.02
25,3.7281,21.7286,1380,0.02
25,3.7334,22.201,1410,0.02
25,3.7392,22.6734,1440,0.02
25,3.744,23.1457,1470,0.02
25,3.7682,23.6181,1500,0.02
25,3.7663,24.0905,1530,0.02
25,3.7778,24.5628,1560,0.02
25,3.7828,25.0352,1590,0.02
25,3.7911,25.5075,1620,0.02
25,3.8011,25.9799,1650,0.02
25,3.8149,26.4523,1680,0.02
25,3.817,26.9246,1710,0.02
25,3.8224,27.397,1740,0.02
25,3.8307,27.8693,1770,0.02
25,3.8471,28.3417,1800,0.02
25,3.8404,28.8141,1830,0.02
25,3.8499,29.2864,1860,0.02
25,3.8543,29.7588,1890,0.02
25,3.8666,30.2312,1920,0.02
25,3.8763,30.7035,1950,0.02
25,3.8806,31.1759,1980,0.02
25,3.8909,31.6482,2010,0.02
25,3.8921,32.1206,2040,0.02
25,3.8972,32.593,2070,0.02
25,3.9047,33.0653,2100,0.02
25,3.919,33.5377,2130,0.02
25,3.9155,34.0101,2160,0.02
25,3.9301,34.4824,2190,0.02
25,3.9312,34.9548,2220,0.02
25,3.9348,35.4271,2250,0.02
25,3.947,35.8995,2280,0.02
25,3.9393,36.3719,2310,0.02
25,3.9468,36.8442,2340,0.02
25,3.9609,37.3166,2370,0.02
25,3.9543,37.7889,2400,0.02
25,3.9567,38.2613,2430,0.02
25,3.9724,38.7337,2460,0.02
25,3.9781,39.206,2490,0.02
25,3.9792,39.6784,2520,0.02
25,3.987,40.1508,2550,0.02
25,3.9858,40.6231,2580,0.02
25,3.9938,41.0955,2610,0.02
25,3.9888,41.5678,2640,0.02
25,4.0,42.0402,2670,0.02
25,4.0082,42.5126,2700,0.02
25,4.015,42.9849,2730,0.02
25,4.0162,43.4573,2760,0.02
25,4.0153,43.9296,2790,0.02
25,4.0161,44.402,2820,0.02
25,4.0264,44.8744,2850,0.02
25,4.0231,45.3467,2880,0.02
25,4.0235,45.8191,2910,0.02
25,4.0405,46.2915,2940,0.02
25,4.0416,46.7638,2970,0.02
25,4.0363,47.2362,3000,0.02
25,4.0492,47.7085,3030,0.02
25,4.0415,48.1809,3060,0.02
25,4.0434,48.6533,3090,0.02
25,4.058,49.1256,3120,0.02
25,4.0527,49.598,3150,0.02
25,4.0628,50.0704,3180,0.02
25,4.0646,50.5427,3210,0.02
25,4.0655,51.0151,3240,0.02
25,4.0642,51.4874,3270,0.02
25,4.0614,51.9598,3300,0.02
25,4.0735,52.4322,3330,0.02
25,4.0682,52.9045,3360,0.02
25,4.0827,53.3769,3390,0.02
25,4.0864,53.8492,3420,0.02
25,4.0853,54.3216,3450,0.02
25,4.0796,54.794,3480,0.02
25,4.08,55.2663,3510,0.02
25,4.0842,55.7387,3540,0.02
25,4.0936,56.2111,3570,0.02
25,4.0872,56.6834,3600,0.02
25,4.1011,57.1558,3630,0.02
25,4.099,57.6281,3660,0.02
25,4.0916,58.1005,3690,0.02
25,4.093,58.5729,3720,0.02
25,4.0991,59.0452,3750,0.02
25,4.097,59.5176,3780,0.02
25,4.1108,59.9899,3810,0.02
25,4.114,60.4623,3840,0.02
25,4.1176,60.9347,3870,0.02
25,4.1067,61.407,3900,0.02
25,4.1164,61.8794,3930,0.02
25,4.1209,62.3518,3960,0.02
25,4.1247,62.8241,3990,0.02
25,4.1156,63.2965,4020,0.02
25,4.1217,63.7688,4050,0.02
25,4.1235,64.2412,4080,0.02
25,4.1179,64.7136,4110,0.02
25,4.118,65.1859,4140,0.02
25,4.1312,65.6583,4170,0.02
25,4.1261,66.1307,4200,0.02
25,4.1238,66.603,4230,0.02
25,4.1371,67.0754,4260,0.02
25,4.138,67.5477,4290,0.02
25,4.1337,68.0201,4320,0.02
25,4.1405,68.4925,4350,0.02
25,4.1438,68.9648,4380,0.02
25,4.1372,69.4372,4410,0.02
25,4.1449,69.9095,4440,0.02
25,4.1351,70.3819,4470,0.02
25,4.1475,70.8543,4500,0.02
25,4.1356,71.3266,4530,0.02
25,4.1441,71.799,4560,0.02
25,4.1397,72.2714,4590,0.02
25,4.1417,72.7437,4620,0.02
25,4.1498,73.2161,4650,0.02
25,4.1456,73.6884,4680,0.02
25,4.1442,74.1608,4710,0.02
25,4.1443,74.6332,4740,0.02
25,4.1449,75.1055,4770,0.02
25,4.1563,75.5779,4800,0.02
25,4.1534,76.0503,4830,0.02
25,4.152,76.5226,4860,0.02
25,4.1575,76.995,4890,0.02
25,4.1534,77.4673,4920,0.02
25,4.1597,77.9397,4950,0.02
25,4.1556,78.4121,4980,0.02
25,4.1639,78.8844,5010,0.02
25,4.1625,79.3568,5040,0.02
25,4.1632,79.8291,5070,0.02
25,4.1639,80.3015,5100,0.02
25,4.1662,80.7739,5130,0.02
25,4.166,81.2462,5160,0.02
25,4.1626,81.7186,5190,0.02
25,4.169,82.191,5220,0.02
25,4.1673,82.6633,5250,0.02
25,4.1716,83.1357,5280,0.02
25,4.1714,83.608,5310,0.02
25,4.1685,84.0804,5340,0.02
25,4.1699,84.5528,5370,0.02
25,4.1734,85.0251,5400,0.02
25,4.1755,85.4975,5430,0.02
25,4.1658,85.9698,5460,0.02
25,4.1632,86.4422,5490,0.02
25,4.17,86.9146,5520,0.02
25,4.1663,87.3869,5550,0.02
25,4.1658,87.8593,5580,0.02
25,4.1687,88.3317,5610,0.02
25,4.171,88.804,5640,0.02
25,4.1676,89.2764,5670,0.02
25,4.1747,89.7487,5700,0.02
25,4.178,90.2211,5730,0.02
25,4.1725,90.6935,5760,0.02
25,4.1689,91.1658,5790,0.02
25,4.1738,91.6382,5820,0.02
25,4.1702,92.1106,5850,0.02
25,4.1687,92.5829,5880,0.02
25,4.1821,93.0553,5910,0.02
25,4.1733,93.5276,5940,0.02
25,4.1804,94.0,5970,0.02
26,3.0022,0.0,0,0.02
26,3.0211,0.4711,30,0.02
26,3.041,0.9422,60,0.02
26,3.0647,1.4133,90,0.02
26,3.0919,1.8844,120,0.02
26,3.1115,2.3555,150,0.02
26,3.1425,2.8266,180,0.02
26,3.1503,3.2977,210,0.02
26,3.1746,3.7688,240,0.02
26,3.2023,4.2399,270,0.02
26,3.2162,4.7111,300,0.02
26,3.2352,5.1822,330,0.02
26,3.2514,5.6533,360,0.02
26,3.2799,6.1244,390,0.02
26,3.3,6.5955,420,0.02
26,3.306,7.0666,450,0.02
26,3.3336,7.5377,480,0.02
26,3.3408,8.0088,510,0.02
26,3.3638,8.4799,540,0.02
26,3.3755,8.951,570,0.02
26,3.3905,9.4221,600,0.02
26,3.4092,9.8932,630,0.02
26,3.4251,10.3643,660,0.02
26,3.4435,10.8354,690,0.02
26,3.454,11.3065,720,0.02
26,3.48,11.7776,750,0.02
26,3.4856,12.2487,780,0.02
26,3.506,12.7198,810,0.02
26,3.5243,13.191,840,0.02
26,3.5264,13.6621,870,0.02
26,3.5355,14.1332,900,0.02
26,3.5487,14.6043,930,0.02
26,3.5677,15.0754,960,0.02
26,3.5818,15.5465,990,0.02
26,3.5939,16.0176,1020,0.02
26,3.6013,16.4887,1050,0.02
26,3.6237,16.9598,1080,0.02
26,3.6365,17.4309,1110,0.02
26,3.6398,17.902,1140,0.02
26,3.6517,18.3731,1170,0.02
26,3.6701,18.8442,1200,0.02
26,3.666,19.3153,1230,0.02
26,3.6826,19.7864,1260,0.02
26,3.6933,20.2575,1290,0.02
26,3.6999,20.7286,1320,0.02
26,3.7124,21.1997,1350,0.02
26,3.7243,21.6709,1380,0.02
26,3.7336,22.142,1410,0.02
26,3.7434,22.6131,1440,0.02
26,3.7502,23.0842,1470,0.02
26,3.755,23.5553,1500,0.02
26,3.7681,24.0264,1530,0.02
26,3.7729,24.4975,1560,0.02
26,3.7902,24.9686,1590,0.02
26,3.8017,25.4397,1620,0.02
26,3.8028,25.9108,1650,0.02
26,3.8114,26.3819,1680,0.02
26,3.8141,26.853,1710,0.02
26,3.8305,27.3241,1740,0.02
26,3.8305,27.7952,1770,0.02
26,3.8372,28.2663,1800,0.02
26,3.8521,28.7374,1830,0.02
26,3.8542,29.2085,1860,0.02
26,3.8667,29.6796,1890,0.02
26,3.8624,30.1508,1920,0.02
26,3.882,30.6219,1950,0.02
26,3.8866,31.093,1980,0.02
26,3.8934,31.5641,2010,0.02
26,3.8935,32.0352,2040,0.02
26,3.9071,32.5063,2070,0.02
26,3.9094,32.9774,2100,0.02
26,3.9043,33.4485,2130,0.02
26,3.9176,33.9196,2160,0.02
26,3.9183,34.3907,2190,0.02
26,3.9243,34.8618,2220,0.02
26,3.9285,35.3329,2250,0.02
26,3.9439,35.804,2280,0.02
26,3.9427,36.2751,2310,0.02
26,3.9551,36.7462,2340,0.02
26,3.9572,37.2173,2370,0.02
26,3.955,37.6884,2400,0.02
26,3.9609,38.1595,2430,0.02
26,3.9672,38.6307,2460,0.02
26,3.975,39.1018,2490,0.02
26,3.984,39.5729,2520,0.02
26,3.9824,40.044,2550,0.02
26,3.9934,40.5151,2580,0.02
26,3.9901,40.9862,2610,0.02
26,3.9987,41.4573,2640,0.02
26,4.004,41.9284,2670,0.02
26,4.0001,42.3995,2700,0.02
26,4.0009,42.8706,2730,0.02
26,4.0054,43.3417,2760,0.02
26,4.02,43.8128,2790,0.02
26,4.0154,44.2839,2820,0.02
26,4.0266,44.755,2850,0.02
26,4.0306,45.2261,2880,0.02
26,4.0286,45.6972,2910,0.02
26,4.0284,46.1683,2940,0.02
26,4.0419,46.6394,2970,0.02
26,4.0363,47.1106,3000,0.02
26,4.0356,47.5817,3030,0.02
26,4.0427,48.0528,3060,0.02
26,4.0512,48.5239,3090,0.02
26,4.058,48.995,3120,0.02
26,4.0523,49.4661,3150,0.02
26,4.0496,49.9372,3180,0.02
26,4.0559,50.4083,3210,0.02
26,4.0642,50.8794,3240,0.02
26,4.0648,51.3505,3270,0.02
26,4.068,51.8216,3300,0.02
26,4.0642,52.2927,3330,0.02
26,4.069,52.7638,3360,0.02
26,4.0826,53.2349,3390,0.02
26,4.0806,53.706,3420,0.02
26,4.078,54.1771,3450,0.02
26,4.0872,54.6482,3480,0.02
26,4.0791,55.1193,3510,0.02
26,4.0825,55.5905,3540,0.02
26,4.0885,56.0616,3570,0.02
26,4.0948,56.5327,3600,0.02
26,4.0883,57.0038,3630,0.02
26,4.1034,57.4749,3660,0.02
26,4.1005,57.946,3690,0.02
26,4.1065,58.4171,3720,0.02
26,4.1086,58.8882,3750,0.02
26,4.102,59.3593,3780,0.02
26,4.1039,59.8304,3810,0.02
26,4.1036,60.3015,3840,0.02
26,4.1161,60.7726,3870,0.02
26,4.1055,61.2437,3900,0.02
26,4.1088,61.7148,3930,0.02
26,4.1159,62.1859,3960,0.02
26,4.1138,62.657,3990,0.02
26,4.1138,63.1281,4020,0.02
26,4.122,63.5992,4050,0.02
26,4.1265,64.0704,4080,0.02
26,4.1309,64.5415,4110,0.02
26,4.1241,65.0126,4140,0.02
26,4.1299,65.4837,4170,0.02
26,4.1238,65.9548,4200,0.02
26,4.13,66.4259,4230,0.02
26,4.1254,66.897,4260,0.02
26,4.1264,67.3681,4290,0.02
26,4.1413,67.8392,4320,0.02
26,4.1301,68.3103,4350,0.02
26,4.1433,68.7814,4380,0.02
26,4.141,69.2525,4410,0.02
26,4.1421,69.7236,4440,0.02
26,4.132,70.1947,4470,0.02
26,4.1479,70.6658,4500,0.02
26,4.1438,71.1369,4530,0.02
26,4.1418,71.608,4560,0.02
26,4.1367,72.0791,4590,0.02
26,4.1486,72.5503,4620,0.02
26,4.1439,73.0214,4650,0.02
26,4.1449,73.4925,4680,0.02
26,4.1456,73.9636,4710,0.02
26,4.1539,74.4347,4740,0.02
26,4.1477,74.9058,4770,0.02
26,4.1545,75.3769,4800,0.02
26,4.1459,75.848,4830,0.02
26,4.1505,76.3191,4860,0.02
26,4.1479,76.7902,4890,0.02
26,4.1581,77.2613,4920,0.02
26,4.1612,77.7324,4950,0.02
26,4.1501,78.2035,4980,0.02
26,4.1645,78.6746,5010,0.02
26,4.1664,79.1457,5040,0.02
26,4.152,79.6168,5070,0.02
26,4.1646,80.0879,5100,0.02
26,4.1558,80.559,5130,0.02
26,4.1564,81.0302,5160,0.02
26,4.164,81.5013,5190,0.02
26,4.1653,81.9724,5220,0.02
26,4.1583,82.4435,5250,0.02
26,4.1675,82.9146,5280,0.02
26,4.166,83.3857,5310,0.02
26,4.1632,83.8568,5340,0.02
26,4.1718,84.3279,5370,0.02
26,4.1755,84.799,5400,0.02
26,4.161,85.2701,5430,0.02
26,4.1675,85.7412,5460,0.02
26,4.1711,86.2123,5490,0.02
26,4.1673,86.6834,5520,0.02
26,4.1715,87.1545,5550,0.02
26,4.1749,87.6256,5580,0.02
26,4.1742,88.0967,5610,0.02
26,4.1727,88.5678,5640,0.02
26,4.1663,89.0389,5670,0.02
26,4.1704,89.5101,5700,0.02
26,4.1743,89.9812,5730,0.02
26,4.1818,90.4523,5760,0.02
26,4.1817,90.9234,5790,0.02
26,4.1797,91.3945,5820,0.02
26,4.1694,91.8656,5850,0.02
26,4.178,92.3367,5880,0.02
26,4.1831,92.8078,5910,0.02
26,4.1794,93.2789,5940,0.02
26,4.1752,93.75,5970,0.02
27,3.0014,0.0,0,0.02
27,3.0202,0.4698,30,0.02
27,3.043,0.9397,60,0.02
27,3.0774,1.4095,90,0.02
27,3.0984,1.8794,120,0.02
27,3.1084,2.3492,150,0.02
27,3.1365,2.8191,180,0.02
27,3.1537,3.2889,210,0.02
27,3.1741,3.7588,240,0.02
27,3.2053,4.2286,270,0.02
27,3.2202,4.6985,300,0.02
27,3.2341,5.1683,330,0.02
27,3.253,5.6382,360,0.02
27,3.2809,6.108,390,0.02
27,3.3002,6.5779,420,0.02
27,3.3046,7.0477,450,0.02
27,3.337,7.5176,480,0.02
27,3.3543,7.9874,510,0.02
27,3.3668,8.4573,540,0.02
27,3.3789,8.9271,570,0.02
27,3.402,9.397,600,0.02
27,3.4071,9.8668,630,0.02
27,3.4345,10.3367,660,0.02
27,3.4399,10.8065,690,0.02
27,3.4632,11.2764,720,0.02
27,3.4686,11.7462,750,0.02
27,3.4863,12.2161,780,0.02
27,3.5054,12.6859,810,0.02
27,3.5126,13.1558,840,0.02
27,3.5365,13.6256,870,0.02
27,3.538,14.0955,900,0.02
27,3.5573,14.5653,930,0.02
27,3.5676,15.0352,960,0.02
27,3.586,15.505,990,0.02
27,3.5978,15.9749,1020,0.02
27,3.6057,16.4447,1050,0.02
27,3.6168,16.9146,1080,0.02
27,3.6235,17.3844,1110,0.02
27,3.6477,17.8543,1140,0.02
27,3.6524,18.3241,1170,0.02
27,3.657,18.794,1200,0.02
27,3.6804,19.2638,1230,0.02
27,3.6913,19.7337,1260,0.02
27,3.7017,20.2035,1290,0.02
27,3.7003,20.6734,1320,0.02
27,3.7072,21.1432,1350,0.02
27,3.7285,21.6131,1380,0.02
27,3.7257,22.0829,1410,0.02
27,3.7368,22.5528,1440,0.02
27,3.7479,23.0226,1470,0.02
27,3.7669,23.4925,1500,0.02
27,3.7642,23.9623,1530,0.02
27,3.7826,24.4322,1560,0.02
27,3.7801,24.902,1590,0.02
27,3.7901,25.3719,1620,0.02
27,3.7997,25.8417,1650,0.02
27,3.8166,26.3116,1680,0.02
27,3.818,26.7814,1710,0.02
27,3.8304,27.2513,1740,0.02
27,3.8334,27.7211,1770,0.02
27,3.8333,28.191,1800,0.02
27,3.8476,28.6608,1830,0.02
27,3.8515,29.1307,1860,0.02
27,3.8546,29.6005,1890,0.02
27,3.8656,30.0704,1920,0.02
27,3.8692,30.5402,1950,0.02
27,3.8806,31.0101,1980,0.02
27,3.89,31.4799,2010,0.02
27,3.9007,31.9497,2040,0.02
27,3.903,32.4196,2070,0.02
27,3.9007,32.8894,2100,0.02
27,3.9059,33.3593,2130,0.02
27,3.9229,33.8291,2160,0.02
27,3.9225,34.299,2190,0.02
27,3.9281,34.7688,2220,0.02
27,3.933,35.2387,2250,0.02
27,3.9474,35.7085,2280,0.02
27,3.9447,36.1784,2310,0.02
27,3.9497,36.6482,2340,0.02
27,3.9474,37.1181,2370,0.02
27,3.9674,37.5879,2400,0.02
27,3.9641,38.0578,2430,0.02
27,3.9671,38.5276,2460,0.02
27,3.9683,38.9975,2490,0.02
27,3.9792,39.4673,2520,0.02
27,3.9876,39.9372,2550,0.02
27,3.9883,40.407,2580,0.02
27,3.9972,40.8769,2610,0.02
27,4.0028,41.3467,2640,0.02
27,3.9964,41.8166,2670,0.02
27,4.0022,42.2864,2700,0.02
27,4.0108,42.7563,2730,0.02
27,4.017,43.2261,2760,0.02
27,4.0078,43.696,2790,0.02
27,4.0223,44.1658,2820,0.02
27,4.0201,44.6357,2850,0.02
27,4.0246,45.1055,2880,0.02
27,4.0271,45.5754,2910,0.02
27,4.0269,46.0452,2940,0.02
27,4.0323,46.5151,2970,0.02
27,4.0316,46.9849,3000,0.02
27,4.037,47.4548,3030,0.02
27,4.0405,47.9246,3060,0.02
27,4.046,48.3945,3090,0.02
27,4.0512,48.8643,3120,0.02
27,4.0554,49.3342,3150,0.02
27,4.0512,49.804,3180,0.02
27,4.0637,50.2739,3210,0.02
27,4.0565,50.7437,3240,0.02
27,4.0607,51.2136,3270,0.02
27,4.0704,51.6834,3300,0.02
27,4.075,52.1533,3330,0.02
27,4.0747,52.6231,3360,0.02
27,4.0714,53.093,3390,0.02
27,4.0718,53.5628,3420,0.02
27,4.0782,54.0327,3450,0.02
27,4.0867,54.5025,3480,0.02
27,4.0872,54.9724,3510,0.02
27,4.0836,55.4422,3540,0.02
27,4.0969,55.9121,3570,0.02
27,4.0956,56.3819,3600,0.02
27,4.0963,56.8518,3630,0.02
27,4.0896,57.3216,3660,0.02
27,4.1004,57.7915,3690,0.02
27,4.1047,58.2613,3720,0.02
27,4.1078,58.7312,3750,0.02
27,4.106,59.201,3780,0.02
27,4.1083,59.6709,3810,0.02
27,4.1005,60.1407,3840,0.02
27,4.1098,60.6106,3870,0.02
27,4.112,61.0804,3900,0.02
27,4.1073,61.5503,3930,0.02
27,4.1183,62.0201,3960,0.02
27,4.1098,62.4899,3990,0.02
27,4.117,62.9598,4020,0.02
27,4.1235,63.4296,4050,0.02
27,4.1227,63.8995,4080,0.02
27,4.117,64.3693,4110,0.02
27,4.1201,64.8392,4140,0.02
27,4.1337,65.309,4170,0.02
27,4.1353,65.7789,4200,0.02
27,4.1368,66.2487,4230,0.02
27,4.1296,66.7186,4260,0.02
27,4.1385,67.1884,4290,0.02
27,4.1287,67.6583,4320,0.02
27,4.1347,68.1281,4350,0.02
27,4.1413,68.598,4380,0.02
27,4.1362,69.0678,4410,0.02
27,4.1387,69.5377,4440,0.02
27,4.1365,70.0075,4470,0.02
27,4.1394,70.4774,4500,0.02
27,4.1478,70.9472,4530,0.02
27,4.1498,71.4171,4560,0.02
27,4.1512,71.8869,4590,0.02
27,4.1481,72.3568,4620,0.02
27,4.1508,72.8266,4650,0.02
27,4.1548,73.2965,4680,0.02
27,4.1546,73.7663,4710,0.02
27,4.1524,74.2362,4740,0.02
27,4.1576,74.706,4770,0.02
27,4.1502,75.1759,4800,0.02
27,4.1552,75.6457,4830,0.02
27,4.1463,76.1156,4860,0.02
27,4.1561,76.5854,4890,0.02
27,4.1574,77.0553,4920,0.02
27,4.1485,77.5251,4950,0.02
27,4.1629,77.995,4980,0.02
27,4.1548,78.4648,5010,0.02
27,4.1527,78.9347,5040,0.02
27,4.1589,79.4045,5070,0.02
27,4.1678,79.8744,5100,0.02
27,4.1626,80.3442,5130,0.02
27,4.1548,80.8141,5160,0.02
27,4.1651,81.2839,5190,0.02
27,4.1691,81.7538,5220,0.02
27,4.1687,82.2236,5250,0.02
27,4.1661,82.6935,5280,0.02
27,4.1584,83.1633,5310,0.02
27,4.1636,83.6332,5340,0.02
27,4.1671,84.103,5370,0.02
27,4.1734,84.5729,5400,0.02
27,4.1758,85.0427,5430,0.02
27,4.1616,85.5126,5460,0.02
27,4.1772,85.9824,5490,0.02
27,4.165,86.4523,5520,0.02
27,4.1776,86.9221,5550,0.02
27,4.1658,87.392,5580,0.02
27,4.1645,87.8618,5610,0.02
27,4.1754,88.3317,5640,0.02
27,4.1747,88.8015,5670,0.02
27,4.1791,89.2714,5700,0.02
27,4.1771,89.7412,5730,0.02
27,4.1774,90.2111,5760,0.02
27,4.1707,90.6809,5790,0.02
27,4.1826,91.1508,5820,0.02
27,4.1796,91.6206,5850,0.02
27,4.1769,92.0905,5880,0.02
27,4.1834,92.5603,5910,0.02
27,4.1722,93.0302,5940,0.02
27,4.1719,93.5,5970,0.02
28,3.0,0.0,0,0.02
28,3.0217,0.4686,30,0.02
28,3.0466,0.9372,60,0.02
28,3.0757,1.4058,90,0.02
28,3.093,1.8744,120,0.02
28,3.1143,2.343,150,0.02
28,3.142,2.8116,180,0.02
28,3.1522,3.2802,210,0.02
28,3.1859,3.7487,240,0.02
28,3.1934,4.2173,270,0.02
28,3.2162,4.6859,300,0.02
28,3.2448,5.1545,330,0.02
28,3.2615,5.6231,360,0.02
28,3.2759,6.0917,390,0.02
28,3.2968,6.5603,420,0.02
28,3.3136,7.0289,450,0.02
28,3.3245,7.4975,480,0.02
28,3.3462,7.9661,510,0.02
28,3.3575,8.4347,540,0.02
28,3.382,8.9033,570,0.02
28,3.3986,9.3719,600,0.02
28,3.4181,9.8405,630,0.02
28,3.4367,10.309,660,0.02
28,3.4417,10.7776,690,0.02
28,3.4648,11.2462,720,0.02
28,3.476,11.7148,750,0.02
28,3.493,12.1834,780,0.02
28,3.5021,12.652,810,0.02
28,3.5241,13.1206,840,0.02
28,3.5317,13.5892,870,0.02
28,3.5458,14.0578,900,0.02
28,3.5581,14.5264,930,0.02
28,3.5616,14.995,960,0.02
28,3.5804,15.4636,990,0.02
28,3.5944,15.9322,1020,0.02
28,3.6049,16.4008,1050,0.02
28,3.6214,16.8693,1080,0.02
28,3.6248,17.3379,1110,0.02
28,3.6471,17.8065,1140,0.02
28,3.6582,18.2751,1170,0.02
28,3.6625,18.7437,1200,0.02
28,3.6783,19.2123,1230,0.02
28,3.6908,19.6809,1260,0.02
28,3.6911,20.1495,1290,0.02
28,3.7083,20.6181,1320,0.02
28,3.7171,21.0867,1350,0.02
28,3.722,21.5553,1380,0.02
28,3.7282,22.0239,1410,0.02
28,3.7483,22.4925,1440,0.02
28,3.7483,22.9611,1470,0.02
28,3.7617,23.4296,1500,0.02
28,3.7639,23.8982,1530,0.02
28,3.7839,24.3668,1560,0.02
28,3.7898,24.8354,1590,0.02
28,3.7976,25.304,1620,0.02
28,3.8057,25.7726,1650,0.02
28,3.8089,26.2412,1680,0.02
28,3.811,26.7098,1710,0.02
28,3.8327,27.1784,1740,0.02
28,3.8393,27.647,1770,0.02
28,3.8446,28.1156,1800,0.02
28,3.8538,28.5842,1830,0.02
28,3.8559,29.0528,1860,0.02
28,3.8631,29.5214,1890,0.02
28,3.8715,29.9899,1920,0.02
28,3.8746,30.4585,1950,0.02
28,3.8763,30.9271,1980,0.02
28,3.8808,31.3957,2010,0.02
28,3.8872,31.8643,2040,0.02
28,3.9066,32.3329,2070,0.02
28,3.8987,32.8015,2100,0.02
28,3.9067,33.2701,2130,0.02
28,3.9148,33.7387,2160,0.02
28,3.9239,34.2073,2190,0.02
28,3.9354,34.6759,2220,0.02
28,3.94,35.1445,2250,0.02
28,3.9471,35.6131,2280,0.02
28,3.9372,36.0817,2310,0.02
28,3.9534,36.5503,2340,0.02
28,3.9544,37.0188,2370,0.02
28,3.9536,37.4874,2400,0.02
28,3.9653,37.956,2430,0.02
28,3.9624,38.4246,2460,0.02
28,3.9678,38.8932,2490,0.02
28,3.9827,39.3618,2520,0.02
28,3.9903,39.8304,2550,0.02
28,3.9885,40.299,2580,0.02
28,3.9854,40.7676,2610,0.02
28,3.9939,41.2362,2640,0.02
28,3.9972,41.7048,2670,0.02
28,3.9966,42.1734,2700,0.02
28,4.0153,42.642,2730,0.02
28,4.0145,43.1106,2760,0.02
28,4.0091,43.5791,2790,0.02
28,4.0252,44.0477,2820,0.02
28,4.0227,44.5163,2850,0.02
28,4.0229,44.9849,2880,0.02
28,4.0348,45.4535,2910,0.02
28,4.0349,45.9221,2940,0.02
28,4.0323,46.3907,2970,0.02
28,4.0398,46.8593,3000,0.02
28,4.035,47.3279,3030,0.02
28,4.0505,47.7965,3060,0.02
28,4.0551,48.2651,3090,0.02
28,4.0583,48.7337,3120,0.02
28,4.0476,49.2023,3150,0.02
28,4.053,49.6709,3180,0.02
28,4.0541,50.1394,3210,0.02
28,4.0567,50.608,3240,0.02
28,4.0632,51.0766,3270,0.02
28,4.0731,51.5452,3300,0.02
28,4.0771,52.0138,3330,0.02
28,4.0733,52.4824,3360,0.02
28,4.0768,52.951,3390,0.02
28,4.073,53.4196,3420,0.02
28,4.0835,53.8882,3450,0.02
28,4.0856,54.3568,3480,0.02
28,4.0852,54.8254,3510,0.02
28,4.0922,55.294,3540,0.02
28,4.0976,55.7626,3570,0.02
28,4.0864,56.2312,3600,0.02
28,4.091,56.6997,3630,0.02
28,4.1037,57.1683,3660,0.02
28,4.1009,57.6369,3690,0.02
28,4.1022,58.1055,3720,0.02
28,4.107,58.5741,3750,0.02
28,4.1007,59.0427,3780,0.02
28,4.113,59.5113,3810,0.02
28,4.1026,59.9799,3840,0.02
28,4.115,60.4485,3870,0.02
28,4.1174,60.9171,3900,0.02
28,4.1131,61.3857,3930,0.02
28,4.1104,61.8543,3960,0.02
28,4.1179,62.3229,3990,0.02
28,4.1137,62.7915,4020,0.02
28,4.1207,63.2601,4050,0.02
28,4.117,63.7286,4080,0.02
28,4.1252,64.1972,4110,0.02
28,4.1272,64.6658,4140,0.02
28,4.1188,65.1344,4170,0.02
28,4.1296,65.603,4200,0.02
28,4.1239,66.0716,4230,0.02
28,4.134,66.5402,4260,0.02
28,4.1348,67.0088,4290,0.02
28,4.1298,67.4774,4320,0.02
28,4.1351,67.946,4350,0.02
28,4.1319,68.4146,4380,0.02
28,4.1427,68.8832,4410,0.02
28,4.1425,69.3518,4440,0.02
28,4.144,69.8204,4470,0.02
28,4.1351,70.2889,4500,0.02
28,4.1367,70.7575,4530,0.02
28,4.1405,71.2261,4560,0.02
28,4.1445,71.6947,4590,0.02
28,4.1414,72.1633,4620,0.02
28,4.1415,72.6319,4650,0.02
28,4.1428,73.1005,4680,0.02
28,4.1476,73.5691,4710,0.02
28,4.1455,74.0377,4740,0.02
28,4.1483,74.5063,4770,0.02
28,4.1576,74.9749,4800,0.02
28,4.1588,75.4435,4830,0.02
28,4.1477,75.9121,4860,0.02
28,4.1494,76.3807,4890,0.02
28,4.1602,76.8492,4920,0.02
28,4.1489,77.3178,4950,0.02
28,4.1618,77.7864,4980,0.02
28,4.1593,78.255,5010,0.02
28,4.1529,78.7236,5040,0.02
28,4.1542,79.1922,5070,0.02
28,4.1628,79.6608,5100,0.02
28,4.1557,80.1294,5130,0.02
28,4.1661,80.598,5160,0.02
28,4.1616,81.0666,5190,0.02
28,4.1687,81.5352,5220,0.02
28,4.1688,82.0038,5250,0.02
28,4.1626,82.4724,5280,0.02
28,4.1601,82.941,5310,0.02
28,4.1613,83.4095,5340,0.02
28,4.1725,83.8781,5370,0.02
28,4.1731,84.3467,5400,0.02
28,4.1678,84.8153,5430,0.02
28,4.1703,85.2839,5460,0.02
28,4.1689,85.7525,5490,0.02
28,4.1652,86.2211,5520,0.02
28,4.1653,86.6897,5550,0.02
28,4.1693,87.1583,5580,0.02
28,4.1664,87.6269,5610,0.02
28,4.1746,88.0955,5640,0.02
28,4.1656,88.5641,5670,0.02
28,4.1708,89.0327,5700,0.02
28,4.1688,89.5013,5730,0.02
28,4.1733,89.9698,5760,0.02
28,4.171,90.4384,5790,0.02
28,4.1682,90.907,5820,0.02
28,4.1694,91.3756,5850,0.02
28,4.1802,91.8442,5880,0.02
28,4.1727,92.3128,5910,0.02
28,4.1705,92.7814,5940,0.02
28,4.1718,93.25,5970,0.02
29,3.0,0.0,0,0.02
29,3.0267,0.4673,30,0.02
29,3.0741,0.9347,60,0.02
29,3.0813,1.402,90,0.02
29,3.1134,1.8693,120,0.02
29,3.1273,2.3367,150,0.02
29,3.1692,2.804,180,0.02
29,3.181,3.2714,210,0.02
29,3.2085,3.7387,240,0.02
29,3.2207,4.206,270,0.02
29,3.2243,4.6734,300,0.02
29,3.2186,5.1407,330,0.02
29,3.229,5.608,360,0.02
29,3.2401,6.0754,390,0.02
29,3.2551,6.5427,420,0.02
29,3.284,7.0101,450,0.02
29,3.2878,7.4774,480,0.02
29,3.3452,7.9447,510,0.02
29,3.3725,8.4121,540,0.02
29,3.3812,8.8794,570,0.02
29,3.4114,9.3467,600,0.02
29,3.4478,9.8141,630,0.02
29,3.4482,10.2814,660,0.02
29,3.4897,10.7487,690,0.02
29,3.4697,11.2161,720,0.02
29,3.5081,11.6834,750,0.02
29,3.5055,12.1508,780,0.02
29,3.5023,12.6181,810,0.02
29,3.5085,13.0854,840,0.02
29,3.5212,13.5528,870,0.02
29,3.511,14.0201,900,0.02
29,3.5167,14.4874,930,0.02
29,3.5495,14.9548,960,0.02
29,3.5585,15.4221,990,0.02
29,3.5637,15.8894,1020,0.02
29,3.5952,16.3568,1050,0.02
29,3.5995,16.8241,1080,0.02
29,3.6061,17.2915,1110,0.02
29,3.6594,17.7588,1140,0.02
29,3.651,18.2261,1170,0.02
29,3.6975,18.6935,1200,0.02
29,3.6962,19.1608,1230,0.02
29,3.7301,19.6281,1260,0.02
29,3.7183,20.0955,1290,0.02
29,3.7112,20.5628,1320,0.02
29,3.7537,21.0302,1350,0.02
29,3.7382,21.4975,1380,0.02
29,3.7227,21.9648,1410,0.02
29,3.737,22.4322,1440,0.02
29,3.7355,22.8995,1470,0.02
29,3.7555,23.3668,1500,0.02
29,3.7504,23.8342,1530,0.02
29,3.744,24.3015,1560,0.02
29,3.7547,24.7688,1590,0.02
29,3.7614,25.2362,1620,0.02
29,3.7835,25.7035,1650,0.02
29,3.8053,26.1709,1680,0.02
29,3.8246,26.6382,1710,0.02
29,3.8415,27.1055,1740,0.02
29,3.8381,27.5729,1770,0.02
29,3.8878,28.0402,1800,0.02
29,3.8659,28.5075,1830,0.02
29,3.8939,28.9749,1860,0.02
29,3.8771,29.4422,1890,0.02
29,3.8959,29.9095,1920,0.02
29,3.8799,30.3769,1950,0.02
29,3.9012,30.8442,1980,0.02
29,3.8711,31.3116,2010,0.02
29,3.8707,31.7789,2040,0.02
29,3.8872,32.2462,2070,0.02
29,3.8648,32.7136,2100,0.02
29,3.8762,33.1809,2130,0.02
29,3.8938,33.6482,2160,0.02
29,3.8872,34.1156,2190,0.02
29,3.9306,34.5829,2220,0.02
29,3.9346,35.0503,2250,0.02
29,3.9518,35.5176,2280,0.02
29,3.9746,35.9849,2310,0.02
29,3.962,36.4523,2340,0.02
29,3.9918,36.9196,2370,0.02
29,3.9989,37.3869,2400,0.02
29,3.9905,37.8543,2430,0.02
29,4.0031,38.3216,2460,0.02
29,3.9885,38.7889,2490,0.02
29,3.9778,39.2563,2520,0.02
29,3.9665,39.7236,2550,0.02
29,3.9698,40.191,2580,0.02
29,3.9537,40.6583,2610,0.02
29,3.9808,41.1256,2640,0.02
29,3.97,41.593,2670,0.02
29,3.984,42.0603,2700,0.02
29,3.9786,42.5276,2730,0.02
29,3.9772,42.995,2760,0.02
29,3.9997,43.4623,2790,0.02
29,4.0222,43.9296,2820,0.02
29,4.0102,44.397,2850,0.02
29,4.0252,44.8643,2880,0.02
29,4.0405,45.3317,2910,0.02
29,4.0413,45.799,2940,0.02
29,4.073,46.2663,2970,0.02
29,4.0824,46.7337,3000,0.02
29,4.0762,47.201,3030,0.02
29,4.0814,47.6683,3060,0.02
29,4.0421,48.1357,3090,0.02
29,4.0376,48.603,3120,0.02
29,4.0459,49.0704,3150,0.02
29,4.0265,49.5377,3180,0.02
29,4.0175,50.005,3210,0.02
29,4.0487,50.4724,3240,0.02
29,4.0336,50.9397,3270,0.02
29,4.0576,51.407,3300,0.02
29,4.0402,51.8744,3330,0.02
29,4.056,52.3417,3360,0.02
29,4.083,52.809,3390,0.02
29,4.1019,53.2764,3420,0.02
29,4.0841,53.7437,3450,0.02
29,4.0992,54.2111,3480,0.02
29,4.0956,54.6784,3510,0.02
29,4.1163,55.1457,3540,0.02
29,4.1273,55.6131,3570,0.02
29,4.1139,56.0804,3600,0.02
29,4.0957,56.5477,3630,0.02
29,4.0841,57.0151,3660,0.02
29,4.1075,57.4824,3690,0.02
29,4.0999,57.9497,3720,0.02
29,4.0622,58.4171,3750,0.02
29,4.0816,58.8844,3780,0.02
29,4.0735,59.3518,3810,0.02
29,4.0932,59.8191,3840,0.02
29,4.0746,60.2864,3870,0.02
29,4.096,60.7538,3900,0.02
29,4.0866,61.2211,3930,0.02
29,4.1282,61.6884,3960,0.02
29,4.1377,62.1558,3990,0.02
29,4.1353,62.6231,4020,0.02
29,4.1504,63.0905,4050,0.02
29,4.1598,63.5578,4080,0.02
29,4.1606,64.0251,4110,0.02
29,4.1421,64.4925,4140,0.02
29,4.1333,64.9598,4170,0.02
29,4.1523,65.4271,4200,0.02
29,4.1188,65.8945,4230,0.02
29,4.1394,66.3618,4260,0.02
29,4.1313,66.8291,4290,0.02
29,4.1196,67.2965,4320,0.02
29,4.093,67.7638,4350,0.02
29,4.0886,68.2312,4380,0.02
29,4.1092,68.6985,4410,0.02
29,4.1179,69.1658,4440,0.02
29,4.1279,69.6332,4470,0.02
29,4.1483,70.1005,4500,0.02
29,4.1376,70.5678,4530,0.02
29,4.1499,71.0352,4560,0.02
29,4.1653,71.5025,4590,0.02
29,4.1655,71.9698,4620,0.02
29,4.1815,72.4372,4650,0.02
29,4.1634,72.9045,4680,0.02
29,4.1901,73.3719,4710,0.02
29,4.1725,73.8392,4740,0.02
29,4.1612,74.3065,4770,0.02
29,4.1661,74.7739,4800,0.02
29,4.1619,75.2412,4830,0.02
29,4.1436,75.7085,4860,0.02
29,4.145,76.1759,4890,0.02
29,4.1386,76.6432,4920,0.02
29,4.1349,77.1106,4950,0.02
29,4.1215,77.5779,4980,0.02
29,4.1404,78.0452,5010,0.02
29,4.1355,78.5126,5040,0.02
29,4.1576,78.9799,5070,0.02
29,4.1603,79.4472,5100,0.02
29,4.1752,79.9146,5130,0.02
29,4.1777,80.3819,5160,0.02
29,4.193,80.8492,5190,0.02
29,4.175,81.3166,5220,0.02
29,4.1926,81.7839,5250,0.02
29,4.2,82.2513,5280,0.02
29,4.1921,82.7186,5310,0.02
29,4.1837,83.1859,5340,0.02
29,4.158,83.6533,5370,0.02
29,4.1563,84.1206,5400,0.02
29,4.1442,84.5879,5430,0.02
29,4.1451,85.0553,5460,0.02
29,4.1476,85.5226,5490,0.02
29,4.1388,85.9899,5520,0.02
29,4.1486,86.4573,5550,0.02
29,4.1297,86.9246,5580,0.02
29,4.1479,87.392,5610,0.02
29,4.1763,87.8593,5640,0.02
29,4.1941,88.3266,5670,0.02
29,4.1914,88.794,5700,0.02
29,4.2,89.2613,5730,0.02
29,4.1899,89.7286,5760,0.02
29,4.2,90.196,5790,0.02
29,4.2,90.6633,5820,0.02
29,4.2,91.1307,5850,0.02
29,4.1961,91.598,5880,0.02
29,4.1789,92.0653,5910,0.02
29,4.1711,92.5327,5940,0.02
29,4.1847,93.0,5970,0.02
30,3.0,0.0,0,0.02
30,3.028,0.4661,30,0.02
30,3.0464,0.9322,60,0.02
30,3.0763,1.3982,90,0.02
30,3.1006,1.8643,120,0.02
30,3.1172,2.3304,150,0.02
30,3.1341,2.7965,180,0.02
30,3.1641,3.2626,210,0.02
30,3.1839,3.7286,240,0.02
30,3.2029,4.1947,270,0.02
30,3.2142,4.6608,300,0.02
30,3.243,5.1269,330,0.02
30,3.2546,5.593,360,0.02
30,3.2786,6.059,390,0.02
30,3.2885,6.5251,420,0.02
30,3.3097,6.9912,450,0.02
30,3.3347,7.4573,480,0.02
30,3.3408,7.9234,510,0.02
30,3.3714,8.3894,540,0.02
30,3.373,8.8555,570,0.02
30,3.4003,9.3216,600,0.02
30,3.4076,9.7877,630,0.02
30,3.4212,10.2538,660,0.02
30,3.4445,10.7198,690,0.02
30,3.4633,11.1859,720,0.02
30,3.4752,11.652,750,0.02
30,3.4948,12.1181,780,0.02
30,3.4996,12.5842,810,0.02
30,3.5128,13.0503,840,0.02
30,3.5324,13.5163,870,0.02
30,3.5476,13.9824,900,0.02
30,3.5616,14.4485,930,0.02
30,3.5677,14.9146,960,0.02
30,3.5875,15.3807,990,0.02
30,3.5923,15.8467,1020,0.02
30,3.6016,16.3128,1050,0.02
30,3.6104,16.7789,1080,0.02
30,3.6229,17.245,1110,0.02
30,3.6444,17.7111,1140,0.02
30,3.66,18.1771,1170,0.02
30,3.6621,18.6432,1200,0.02
30,3.6792,19.1093,1230,0.02
30,3.6876,19.5754,1260,0.02
30,3.6924,20.0415,1290,0.02
30,3.7085,20.5075,1320,0.02
30,3.7096,20.9736,1350,0.02
30,3.7243,21.4397,1380,0.02
30,3.7259,21.9058,1410,0.02
30,3.7506,22.3719,1440,0.02
30,3.7576,22.8379,1470,0.02
30,3.768,23.304,1500,0.02
30,3.763,23.7701,1530,0.02
30,3.7837,24.2362,1560,0.02
30,3.7804,24.7023,1590,0.02
30,3.793,25.1683,1620,0.02
30,3.8095,25.6344,1650,0.02
30,3.8059,26.1005,1680,0.02
30,3.8226,26.5666,1710,0.02
30,3.8211,27.0327,1740,0.02
30,3.8262,27.4987,1770,0.02
30,3.8339,27.9648,1800,0.02
30,3.8433,28.4309,1830,0.02
30,3.8626,28.897,1860,0.02
30,3.856,29.3631,1890,0.02
30,3.8616,29.8291,1920,0.02
30,3.8809,30.2952,1950,0.02
30,3.8787,30.7613,1980,0.02
30,3.8804,31.2274,2010,0.02
30,3.8987,31.6935,2040,0.02
30,3.8922,32.1595,2070,0.02
30,3.9117,32.6256,2100,0.02
30,3.9142,33.0917,2130,0.02
30,3.9175,33.5578,2160,0.02
30,3.9299,34.0239,2190,0.02
30,3.9362,34.4899,2220,0.02
30,3.928,34.956,2250,0.02
30,3.9454,35.4221,2280,0.02
30,3.9515,35.8882,2310,0.02
30,3.9568,36.3543,2340,0.02
30,3.9536,36.8204,2370,0.02
30,3.962,37.2864,2400,0.02
30,3.958,37.7525,2430,0.02
30,3.9612,38.2186,2460,0.02
30,3.9698,38.6847,2490,0.02
30,3.9749,39.1508,2520,0.02
30,3.9893,39.6168,2550,0.02
30,3.9809,40.0829,2580,0.02
30,3.9872,40.549,2610,0.02
30,3.9966,41.0151,2640,0.02
30,4.0074,41.4812,2670,0.02
30,3.9957,41.9472,2700,0.02
30,4.0098,42.4133,2730,0.02
30,4.009,42.8794,2760,0.02
30,4.0121,43.3455,2790,0.02
30,4.0215,43.8116,2820,0.02
30,4.0262,44.2776,2850,0.02
30,4.0302,44.7437,2880,0.02
30,4.0229,45.2098,2910,0.02
30,4.0292,45.6759,2940,0.02
30,4.0322,46.142,2970,0.02
30,4.0325,46.608,3000,0.02
30,4.0345,47.0741,3030,0.02
30,4.0397,47.5402,3060,0.02
30,4.0463,48.0063,3090,0.02
30,4.0487,48.4724,3120,0.02
30,4.0613,48.9384,3150,0.02
30,4.0646,49.4045,3180,0.02
30,4.0671,49.8706,3210,0.02
30,4.0646,50.3367,3240,0.02
30,4.0628,50.8028,3270,0.02
30,4.067,51.2688,3300,0.02
30,4.0734,51.7349,3330,0.02
30,4.0745,52.201,3360,0.02
30,4.0695,52.6671,3390,0.02
30,4.0708,53.1332,3420,0.02
30,4.0769,53.5992,3450,0.02
30,4.078,54.0653,3480,0.02
30,4.0877,54.5314,3510,0.02
30,4.0858,54.9975,3540,0.02
30,4.0959,55.4636,3570,0.02
30,4.0888,55.9296,3600,0.02
30,4.0935,56.3957,3630,0.02
30,4.1002,56.8618,3660,0.02
30,4.0948,57.3279,3690,0.02
30,4.1,57.794,3720,0.02
30,4.0963,58.2601,3750,0.02
30,4.1078,58.7261,3780,0.02
30,4.1025,59.1922,3810,0.02
30,4.1087,59.6583,3840,0.02
30,4.1169,60.1244,3870,0.02
30,4.117,60.5905,3900,0.02
30,4.1166,61.0565,3930,0.02
30,4.114,61.5226,3960,0.02
30,4.119,61.9887,3990,0.02
30,4.1135,62.4548,4020,0.02
30,4.1181,62.9209,4050,0.02
30,4.1142,63.3869,4080,0.02
30,4.1276,63.853,4110,0.02
30,4.1258,64.3191,4140,0.02
30,4.1214,64.7852,4170,0.02
30,4.1243,65.2513,4200,0.02
30,4.1372,65.7173,4230,0.02
30,4.1361,66.1834,4260,0.02
30,4.1329,66.6495,4290,0.02
30,4.1372,67.1156,4320,0.02
30,4.1369,67.5817,4350,0.02
30,4.1301,68.0477,4380,0.02
30,4.1437,68.5138,4410,0.02
30,4.1462,68.9799,4440,0.02
30,4.1339,69.446,4470,0.02
30,4.1437,69.9121,4500,0.02
30,4.1482,70.3781,4530,0.02
30,4.1414,70.8442,4560,0.02
30,4.1486,71.3103,4590,0.02
30,4.1417,71.7764,4620,0.02
30,4.1497,72.2425,4650,0.02
30,4.1405,72.7085,4680,0.02
30,4.1544,73.1746,4710,0.02
30,4.1549,73.6407,4740,0.02
30,4.1454,74.1068,4770,0.02
30,4.1561,74.5729,4800,0.02
30,4.1478,75.0389,4830,0.02
30,4.1533,75.505,4860,0.02
30,4.1518,75.9711,4890,0.02
30,4.158,76.4372,4920,0.02
30,4.1619,76.9033,4950,0.02
30,4.1605,77.3693,4980,0.02
30,4.1654,77.8354,5010,0.02
30,4.1585,78.3015,5040,0.02
30,4.1535,78.7676,5070,0.02
30,4.1537,79.2337,5100,0.02
30,4.1602,79.6997,5130,0.02
30,4.1562,80.1658,5160,0.02
30,4.1575,80.6319,5190,0.02
30,4.1635,81.098,5220,0.02
30,4.1665,81.5641,5250,0.02
30,4.16,82.0302,5280,0.02
30,4.1599,82.4962,5310,0.02
30,4.1638,82.9623,5340,0.02
30,4.1696,83.4284,5370,0.02
30,4.1646,83.8945,5400,0.02
30,4.1725,84.3606,5430,0.02
30,4.1753,84.8266,5460,0.02
30,4.1643,85.2927,5490,0.02
30,4.173,85.7588,5520,0.02
30,4.1674,86.2249,5550,0.02
30,4.1673,86.691,5580,0.02
30,4.1774,87.157,5610,0.02
30,4.1734,87.6231,5640,0.02
30,4.1678,88.0892,5670,0.02
30,4.1696,88.5553,5700,0.02
30,4.1747,89.0214,5730,0.02
30,4.1706,89.4874,5760,0.02
30,4.1688,89.9535,5790,0.02
30,4.1736,90.4196,5820,0.02
30,4.1716,90.8857,5850,0.02
30,4.1711,91.3518,5880,0.02
30,4.1751,91.8178,5910,0.02
30,4.1851,92.2839,5940,0.02
30,4.1818,92.75,5970,0.02
31,3.0066,0.0,0,0.02
31,3.0173,0.4648,30,0.02
31,3.0509,0.9296,60,0.02
31,3.0781,1.3945,90,0.02
31,3.0933,1.8593,120,0.02
31,3.1147,2.3241,150,0.02
31,3.1419,2.7889,180,0.02
31,3.1642,3.2538,210,0.02
31,3.1781,3.7186,240,0.02
31,3.2049,4.1834,270,0.02
31,3.2181,4.6482,300,0.02
31,3.2349,5.1131,330,0.02
31,3.2518,5.5779,360,0.02
31,3.2708,6.0427,390,0.02
31,3.3013,6.5075,420,0.02
31,3.3108,6.9724,450,0.02
31,3.329,7.4372,480,0.02
31,3.345,7.902,510,0.02
31,3.3719,8.3668,540,0.02
31,3.379,8.8317,570,0.02
31,3.3944,9.2965,600,0.02
31,3.4135,9.7613,630,0.02
31,3.4285,10.2261,660,0.02
31,3.4475,10.691,690,0.02
31,3.4566,11.1558,720,0.02
31,3.4757,11.6206,750,0.02
31,3.4837,12.0854,780,0.02
31,3.5011,12.5503,810,0.02
31,3.5115,13.0151,840,0.02
31,3.5236,13.4799,870,0.02
31,3.5404,13.9447,900,0.02
31,3.5599,14.4095,930,0.02
31,3.5749,14.8744,960,0.02
31,3.5834,15.3392,990,0.02
31,3.5987,15.804,1020,0.02
31,3.6052,16.2688,1050,0.02
31,3.6124,16.7337,1080,0.02
31,3.6251,17.1985,1110,0.02
31,3.6333,17.6633,1140,0.02
31,3.6449,18.1281,1170,0.02
31,3.6665,18.593,1200,0.02
31,3.667,19.0578,1230,0.02
31,3.691,19.5226,1260,0.02
31,3.6944,19.9874,1290,0.02
31,3.71,20.4523,1320,0.02
31,3.7065,20.9171,1350,0.02
31,3.7269,21.3819,1380,0.02
31,3.7408,21.8467,1410,0.02
31,3.749,22.3116,1440,0.02
31,3.7558,22.7764,1470,0.02
31,3.7639,23.2412,1500,0.02
31,3.7761,23.706,1530,0.02
31,3.7748,24.1709,1560,0.02
31,3.7809,24.6357,1590,0.02
31,3.8,25.1005,1620,0.02
31,3.7988,25.5653,1650,0.02
31,3.8155,26.0302,1680,0.02
31,3.8196,26.495,1710,0.02
31,3.829,26.9598,1740,0.02
31,3.8256,27.4246,1770,0.02
31,3.8487,27.8894,1800,0.02
31,3.8557,28.3543,1830,0.02
31,3.8623,28.8191,1860,0.02
31,3.8687,29.2839,1890,0.02
31,3.8667,29.7487,1920,0.02
31,3.8787,30.2136,1950,0.02
31,3.8806,30.6784,1980,0.02
31,3.8885,31.1432,2010,0.02
31,3.894,31.608,2040,0.02
31,3.8946,32.0729,2070,0.02
31,3.9122,32.5377,2100,0.02
31,3.9096,33.0025,2130,0.02
31,3.9233,33.4673,2160,0.02
31,3.9291,33.9322,2190,0.02
31,3.93,34.397,2220,0.02
31,3.9401,34.8618,2250,0.02
31,3.9467,35.3266,2280,0.02
31,3.9437,35.7915,2310,0.02
31,3.9529,36.2563,2340,0.02
31,3.9503,36.7211,2370,0.02
31,3.9534,37.1859,2400,0.02
31,3.9703,37.6508,2430,0.02
31,3.9689,38.1156,2460,0.02
31,3.9741,38.5804,2490,0.02
31,3.9775,39.0452,2520,0.02
31,3.9755,39.5101,2550,0.02
31,3.9824,39.9749,2580,0.02
31,3.9852,40.4397,2610,0.02
31,3.9987,40.9045,2640,0.02
31,4.0022,41.3693,2670,0.02
31,3.9988,41.8342,2700,0.02
31,4.0001,42.299,2730,0.02
31,4.0184,42.7638,2760,0.02
31,4.0118,43.2286,2790,0.02
31,4.0155,43.6935,2820,0.02
31,4.0176,44.1583,2850,0.02
31,4.0179,44.6231,2880,0.02
31,4.0232,45.0879,2910,0.02
31,4.033,45.5528,2940,0.02
31,4.0306,46.0176,2970,0.02
31,4.0369,46.4824,3000,0.02
31,4.0492,46.9472,3030,0.02
31,4.0384,47.4121,3060,0.02
31,4.0551,47.8769,3090,0.02
31,4.0575,48.3417,3120,0.02
31,4.0568,48.8065,3150,0.02
31,4.0652,49.2714,3180,0.02
31,4.0673,49.7362,3210,0.02
31,4.0689,50.201,3240,0.02
31,4.0606,50.6658,3270,0.02
31,4.0718,51.1307,3300,0.02
31,4.0739,51.5955,3330,0.02
31,4.0746,52.0603,3360,0.02
31,4.0687,52.5251,3390,0.02
31,4.0823,52.9899,3420,0.02
31,4.0808,53.4548,3450,0.02
31,4.0878,53.9196,3480,0.02
31,4.0894,54.3844,3510,0.02
31,4.0939,54.8492,3540,0.02
31,4.0936,55.3141,3570,0.02
31,4.089,55.7789,3600,0.02
31,4.0987,56.2437,3630,0.02
31,4.0932,56.7085,3660,0.02
31,4.0913,57.1734,3690,0.02
31,4.1005,57.6382,3720,0.02
31,4.1039,58.103,3750,0.02
31,4.1086,58.5678,3780,0.02
31,4.1097,59.0327,3810,0.02
31,4.1096,59.4975,3840,0.02
31,4.1136,59.9623,3870,0.02
31,4.1161,60.4271,3900,0.02
31,4.1128,60.892,3930,0.02
31,4.1159,61.3568,3960,0.02
31,4.1228,61.8216,3990,0.02
31,4.124,62.2864,4020,0.02
31,4.1137,62.7513,4050,0.02
31,4.1285,63.2161,4080,0.02
31,4.1222,63.6809,4110,0.02
31,4.1219,64.1457,4140,0.02
31,4.1259,64.6106,4170,0.02
31,4.1246,65.0754,4200,0.02
31,4.1332,65.5402,4230,0.02
31,4.129,66.005,4260,0.02
31,4.1396,66.4698,4290,0.02
31,4.1357,66.9347,4320,0.02
31,4.1396,67.3995,4350,0.02
31,4.139,67.8643,4380,0.02
31,4.1325,68.3291,4410,0.02
31,4.1346,68.794,4440,0.02
31,4.1385,69.2588,4470,0.02
31,4.1362,69.7236,4500,0.02
31,4.1464,70.1884,4530,0.02
31,4.1405,70.6533,4560,0.02
31,4.1417,71.1181,4590,0.02
31,4.1379,71.5829,4620,0.02
31,4.15,72.0477,4650,0.02
31,4.1466,72.5126,4680,0.02
31,4.1557,72.9774,4710,0.02
31,4.1433,73.4422,4740,0.02
31,4.1455,73.907,4770,0.02
31,4.1521,74.3719,4800,0.02
31,4.1529,74.8367,4830,0.02
31,4.153,75.3015,4860,0.02
31,4.1578,75.7663,4890,0.02
31,4.1479,76.2312,4920,0.02
31,4.1623,76.696,4950,0.02
31,4.1653,77.1608,4980,0.02
31,4.1602,77.6256,5010,0.02
31,4.1569,78.0905,5040,0.02
31,4.1613,78.5553,5070,0.02
31,4.1601,79.0201,5100,0.02
31,4.1545,79.4849,5130,0.02
31,4.1566,79.9497,5160,0.02
31,4.1666,80.4146,5190,0.02
31,4.1611,80.8794,5220,0.02
31,4.1606,81.3442,5250,0.02
31,4.1642,81.809,5280,0.02
31,4.1638,82.2739,5310,0.02
31,4.1718,82.7387,5340,0.02
31,4.167,83.2035,5370,0.02
31,4.1604,83.6683,5400,0.02
31,4.169,84.1332,5430,0.02
31,4.173,84.598,5460,0.02
31,4.1763,85.0628,5490,0.02
31,4.1643,85.5276,5520,0.02
31,4.1779,85.9925,5550,0.02
31,4.1671,86.4573,5580,0.02
31,4.1687,86.9221,5610,0.02
31,4.1671,87.3869,5640,0.02
31,4.169,87.8518,5670,0.02
31,4.1788,88.3166,5700,0.02
31,4.1774,88.7814,5730,0.02
31,4.1823,89.2462,5760,0.02
31,4.1719,89.7111,5790,0.02
31,4.1759,90.1759,5820,0.02
31,4.1801,90.6407,5850,0.02
31,4.1747,91.1055,5880,0.02
31,4.1746,91.5704,5910,0.02
31,4.1829,92.0352,5940,0.02
31,4.1701,92.5,5970,0.02
32,3.0,0.0,0,0.02
32,3.0464,0.4636,30,0.02
32,3.0593,0.9271,60,0.02
32,3.095,1.3907,90,0.02
32,3.1365,1.8543,120,0.02
32,3.1538,2.3178,150,0.02
32,3.1596,2.7814,180,0.02
32,3.191,3.245,210,0.02
32,3.1797,3.7085,240,0.02
32,3.1979,4.1721,270,0.02
32,3.2135,4.6357,300,0.02
32,3.2112,5.0992,330,0.02
32,3.2155,5.5628,360,0.02
32,3.2362,6.0264,390,0.02
32,3.2492,6.4899,420,0.02
32,3.2867,6.9535,450,0.02
32,3.3103,7.4171,480,0.02
32,3.3471,7.8807,510,0.02
32,3.3734,8.3442,540,0.02
32,3.3987,8.8078,570,0.02
32,3.4243,9.2714,600,0.02
32,3.4486,9.7349,630,0.02
32,3.4499,10.1985,660,0.02
32,3.4866,10.6621,690,0.02
32,3.4819,11.1256,720,0.02
32,3.5094,11.5892,750,0.02
32,3.5061,12.0528,780,0.02
32,3.5345,12.5163,810,0.02
32,3.5117,12.9799,840,0.02
32,3.5289,13.4435,870,0.02
32,3.5307,13.907,900,0.02
32,3.5349,14.3706,930,0.02
32,3.5574,14.8342,960,0.02
32,3.5592,15.2977,990,0.02
32,3.5609,15.7613,1020,0.02
32,3.5838,16.2249,1050,0.02
32,3.5885,16.6884,1080,0.02
32,3.61,17.152,1110,0.02
32,3.6418,17.6156,1140,0.02
32,3.6774,18.0791,1170,0.02
32,3.6817,18.5427,1200,0.02
32,3.7077,19.0063,1230,0.02
32,3.6969,19.4698,1260,0.02
32,3.7329,19.9334,1290,0.02
32,3.7265,20.397,1320,0.02
32,3.7387,20.8606,1350,0.02
32,3.7355,21.3241,1380,0.02
32,3.7273,21.7877,1410,0.02
32,3.7346,22.2513,1440,0.02
32,3.7244,22.7148,1470,0.02
32,3.7324,23.1784,1500,0.02
32,3.7416,23.642,1530,0.02
32,3.7562,24.1055,1560,0.02
32,3.7594,24.5691,1590,0.02
32,3.7572,25.0327,1620,0.02
32,3.7953,25.4962,1650,0.02
32,3.7997,25.9598,1680,0.02
32,3.8262,26.4234,1710,0.02
32,3.8277,26.8869,1740,0.02
32,3.8478,27.3505,1770,0.02
32,3.8833,27.8141,1800,0.02
32,3.8688,28.2776,1830,0.02
32,3.8969,28.7412,1860,0.02
32,3.8679,29.2048,1890,0.02
32,3.8956,29.6683,1920,0.02
32,3.8963,30.1319,1950,0.02
32,3.876,30.5955,1980,0.02
32,3.8942,31.059,2010,0.02
32,3.885,31.5226,2040,0.02
32,3.8685,31.9862,2070,0.02
32,3.8935,32.4497,2100,0.02
32,3.8978,32.9133,2130,0.02
32,3.8809,33.3769,2160,0.02
32,3.9172,33.8405,2190,0.02
32,3.9335,34.304,2220,0.02
32,3.9227,34.7676,2250,0.02
32,3.9615,35.2312,2280,0.02
32,3.9419,35.6947,2310,0.02
32,3.9717,36.1583,2340,0.02
32,3.9916,36.6219,2370,0.02
32,3.9808,37.0854,2400,0.02
32,4.0031,37.549,2430,0.02
32,3.9876,38.0126,2460,0.02
32,3.9747,38.4761,2490,0.02
32,3.9837,38.9397,2520,0.02
32,3.9968,39.4033,2550,0.02
32,3.9804,39.8668,2580,0.02
32,3.9669,40.3304,2610,0.02
32,3.9691,40.794,2640,0.02
32,3.9794,41.2575,2670,0.02
32,3.9557,41.7211,2700,0.02
32,3.9644,42.1847,2730,0.02
32,3.9877,42.6482,2760,0.02
32,4.0036,43.1118,2790,0.02
32,4.0251,43.5754,2820,0.02
32,4.0416,44.0389,2850,0.02
32,4.0538,44.5025,2880,0.02
32,4.0335,44.9661,2910,0.02
32,4.0524,45.4296,2940,0.02
32,4.0655,45.8932,2970,0.02
32,4.0821,46.3568,3000,0.02
32,4.0608,46.8204,3030,0.02
32,4.0809,47.2839,3060,0.02
32,4.0393,47.7475,3090,0.02
32,4.0654,48.2111,3120,0.02
32,4.036,48.6746,3150,0.02
32,4.0302,49.1382,3180,0.02
32,4.0255,49.6018,3210,0.02
32,4.028,50.0653,3240,0.02
32,4.017,50.5289,3270,0.02
32,4.0274,50.9925,3300,0.02
32,4.0698,51.456,3330,0.02
32,4.055,51.9196,3360,0.02
32,4.0819,52.3832,3390,0.02
32,4.1045,52.8467,3420,0.02
32,4.1079,53.3103,3450,0.02
32,4.1153,53.7739,3480,0.02
32,4.1346,54.2374,3510,0.02
32,4.1116,54.701,3540,0.02
32,4.1206,55.1646,3570,0.02
32,4.1298,55.6281,3600,0.02
32,4.0967,56.0917,3630,0.02
32,4.1026,56.5553,3660,0.02
32,4.0935,57.0188,3690,0.02
32,4.0672,57.4824,3720,0.02
32,4.069,57.946,3750,0.02
32,4.0871,58.4095,3780,0.02
32,4.058,58.8731,3810,0.02
32,4.0718,59.3367,3840,0.02
32,4.0744,59.8003,3870,0.02
32,4.0829,60.2638,3900,0.02
32,4.0971,60.7274,3930,0.02
32,4.1357,61.191,3960,0.02
32,4.1087,61.6545,3990,0.02
32,4.1309,62.1181,4020,0.02
32,4.1535,62.5817,4050,0.02
32,4.1599,63.0452,4080,0.02
32,4.1605,63.5088,4110,0.02
32,4.1598,63.9724,4140,0.02
32,4.1666,64.4359,4170,0.02
32,4.1383,64.8995,4200,0.02
32,4.1299,65.3631,4230,0.02
32,4.1324,65.8266,4260,0.02
32,4.1089,66.2902,4290,0.02
32,4.1122,66.7538,4320,0.02
32,4.1142,67.2173,4350,0.02
32,4.1155,67.6809,4380,0.02
32,4.096,68.1445,4410,0.02
32,4.1254,68.608,4440,0.02
32,4.1171,69.0716,4470,0.02
32,4.1148,69.5352,4500,0.02
32,4.1586,69.9987,4530,0.02
32,4.1551,70.4623,4560,0.02
32,4.1552,70.9259,4590,0.02
32,4.1609,71.3894,4620,0.02
32,4.1833,71.853,4650,0.02
32,4.1961,72.3166,4680,0.02
32,4.1659,72.7802,4710,0.02
32,4.1676,73.2437,4740,0.02
32,4.1467,73.7073,4770,0.02
32,4.1692,74.1709,4800,0.02
32,4.1546,74.6344,4830,0.02
32,4.1273,75.098,4860,0.02
32,4.1412,75.5616,4890,0.02
32,4.1288,76.0251,4920,0.02
32,4.1366,76.4887,4950,0.02
32,4.1408,76.9523,4980,0.02
32,4.1485,77.4158,5010,0.02
32,4.1387,77.8794,5040,0.02
32,4.1418,78.343,5070,0.02
32,4.1763,78.8065,5100,0.02
32,4.1663,79.2701,5130,0.02
32,4.1985,79.7337,5160,0.02
32,4.2,80.1972,5190,0.02
32,4.178,80.6608,5220,0.02
32,4.2,81.1244,5250,0.02
32,4.1878,81.5879,5280,0.02
32,4.1652,82.0515,5310,0.02
32,4.1805,82.5151,5340,0.02
32,4.1499,82.9786,5370,0.02
32,4.152,83.4422,5400,0.02
32,4.1635,83.9058,5430,0.02
32,4.1339,84.3693,5460,0.02
32,4.1284,84.8329,5490,0.02
32,4.1599,85.2965,5520,0.02
32,4.1355,85.7601,5550,0.02
32,4.1597,86.2236,5580,0.02
32,4.1599,86.6872,5610,0.02
32,4.1612,87.1508,5640,0.02
32,4.1628,87.6143,5670,0.02
32,4.1803,88.0779,5700,0.02
32,4.2,88.5415,5730,0.02
32,4.2,89.005,5760,0.02
32,4.2,89.4686,5790,0.02
32,4.2,89.9322,5820,0.02
32,4.1829,90.3957,5850,0.02
32,4.1836,90.8593,5880,0.02
32,4.1712,91.3229,5910,0.02
32,4.169,91.7864,5940,0.02
32,4.16,92.25,5970,0.02
33,3.0048,0.0,0,0.02
33,3.0261,0.4623,30,0.02
33,3.0426,0.9246,60,0.02
33,3.0706,1.3869,90,0.02
33,3.0944,1.8492,120,0.02
33,3.1094,2.3116,150,0.02
33,3.1345,2.7739,180,0.02
33,3.1594,3.2362,210,0.02
33,3.1714,3.6985,240,0.02
33,3.1997,4.1608,270,0.02
33,3.2167,4.6231,300,0.02
33,3.2376,5.0854,330,0.02
33,3.2601,5.5477,360,0.02
33,3.2838,6.0101,390,0.02
33,3.2977,6.4724,420,0.02
33,3.3111,6.9347,450,0.02
33,3.3287,7.397,480,0.02
33,3.3521,7.8593,510,0.02
33,3.3665,8.3216,540,0.02
33,3.3828,8.7839,570,0.02
33,3.3979,9.2462,600,0.02
33,3.4099,9.7085,630,0.02
33,3.4273,10.1709,660,0.02
33,3.4474,10.6332,690,0.02
33,3.4603,11.0955,720,0.02
33,3.476,11.5578,750,0.02
33,3.4891,12.0201,780,0.02
33,3.5032,12.4824,810,0.02
33,3.5187,12.9447,840,0.02
33,3.5272,13.407,870,0.02
33,3.5365,13.8693,900,0.02
33,3.5566,14.3317,930,0.02
33,3.5707,14.794,960,0.02
33,3.5777,15.2563,990,0.02
33,3.597,15.7186,1020,0.02
33,3.5997,16.1809,1050,0.02
33,3.6238,16.6432,1080,0.02
33,3.6258,17.1055,1110,0.02
33,3.6465,17.5678,1140,0.02
33,3.6593,18.0302,1170,0.02
33,3.6642,18.4925,1200,0.02
33,3.6662,18.9548,1230,0.02
33,3.6794,19.4171,1260,0.02
33,3.6965,19.8794,1290,0.02
33,3.6976,20.3417,1320,0.02
33,3.708,20.804,1350,0.02
33,3.7191,21.2663,1380,0.02
33,3.74,21.7286,1410,0.02
33,3.7381,22.191,1440,0.02
33,3.7472,22.6533,1470,0.02
33,3.76,23.1156,1500,0.02
33,3.7654,23.5779,1530,0.02
33,3.7801,24.0402,1560,0.02
33,3.7835,24.5025,1590,0.02
33,3.7885,24.9648,1620,0.02
33,3.8095,25.4271,1650,0.02
33,3.8133,25.8894,1680,0.02
33,3.82,26.3518,1710,0.02
33,3.827,26.8141,1740,0.02
33,3.831,27.2764,1770,0.02
33,3.8387,27.7387,1800,0.02
33,3.8531,28.201,1830,0.02
33,3.8479,28.6633,1860,0.02
33,3.8572,29.1256,1890,0.02
33,3.8676,29.5879,1920,0.02
33,3.8808,30.0503,1950,0.02
33,3.8743,30.5126,1980,0.02
33,3.8922,30.9749,2010,0.02
33,3.8942,31.4372,2040,0.02
33,3.9055,31.8995,2070,0.02
33,3.913,32.3618,2100,0.02
33,3.9138,32.8241,2130,0.02
33,3.9141,33.2864,2160,0.02
33,3.9223,33.7487,2190,0.02
33,3.923,34.2111,2220,0.02
33,3.9326,34.6734,2250,0.02
33,3.9438,35.1357,2280,0.02
33,3.943,35.598,2310,0.02
33,3.9418,36.0603,2340,0.02
33,3.9552,36.5226,2370,0.02
33,3.9554,36.9849,2400,0.02
33,3.9701,37.4472,2430,0.02
33,3.9742,37.9095,2460,0.02
33,3.9742,38.3719,2490,0.02
33,3.9832,38.8342,2520,0.02
33,3.9761,39.2965,2550,0.02
33,3.984,39.7588,2580,0.02
33,3.9966,40.2211,2610,0.02
33,4.0015,40.6834,2640,0.02
33,4.0043,41.1457,2670,0.02
33,3.997,41.608,2700,0.02
33,4.0136,42.0704,2730,0.02
33,4.0056,42.5327,2760,0.02
33,4.0149,42.995,2790,0.02
33,4.0139,43.4573,2820,0.02
33,4.0207,43.9196,2850,0.02
33,4.0247,44.3819,2880,0.02
33,4.0315,44.8442,2910,0.02
33,4.0319,45.3065,2940,0.02
33,4.0433,45.7688,2970,0.02
33,4.0373,46.2312,3000,0.02
33,4.0447,46.6935,3030,0.02
33,4.0467,47.1558,3060,0.02
33,4.0472,47.6181,3090,0.02
33,4.052,48.0804,3120,0.02
33,4.0623,48.5427,3150,0.02
33,4.0531,49.005,3180,0.02
33,4.0611,49.4673,3210,0.02
33,4.0576,49.9296,3240,0.02
33,4.0694,50.392,3270,0.02
33,4.076,50.8543,3300,0.02
33,4.0726,51.3166,3330,0.02
33,4.0799,51.7789,3360,0.02
33,4.0776,52.2412,3390,0.02
33,4.0779,52.7035,3420,0.02
33,4.0769,53.1658,3450,0.02
33,4.0887,53.6281,3480,0.02
33,4.0888,54.0905,3510,0.02
33,4.0902,54.5528,3540,0.02
33,4.0874,55.0151,3570,0.02
33,4.0902,55.4774,3600,0.02
33,4.0931,55.9397,3630,0.02
33,4.1003,56.402,3660,0.02
33,4.1038,56.8643,3690,0.02
33,4.0933,57.3266,3720,0.02
33,4.0995,57.7889,3750,0.02
33,4.1113,58.2513,3780,0.02
33,4.1138,58.7136,3810,0.02
33,4.1159,59.1759,3840,0.02
33,4.1061,59.6382,3870,0.02
33,4.1049,60.1005,3900,0.02
33,4.1158,60.5628,3930,0.02
33,4.1182,61.0251,3960,0.02
33,4.1109,61.4874,3990,0.02
33,4.1145,61.9497,4020,0.02
33,4.127,62.4121,4050,0.02
33,4.1251,62.8744,4080,0.02
33,4.1291,63.3367,4110,0.02
33,4.1262,63.799,4140,0.02
33,4.1291,64.2613,4170,0.02
33,4.1346,64.7236,4200,0.02
33,4.1338,65.1859,4230,0.02
33,4.1311,65.6482,4260,0.02
33,4.1372,66.1106,4290,0.02
33,4.1365,66.5729,4320,0.02
33,4.1389,67.0352,4350,0.02
33,4.1323,67.4975,4380,0.02
33,4.1335,67.9598,4410,0.02
33,4.1407,68.4221,4440,0.02
33,4.1357,68.8844,4470,0.02
33,4.1414,69.3467,4500,0.02
33,4.1347,69.809,4530,0.02
33,4.1486,70.2714,4560,0.02
33,4.1445,70.7337,4590,0.02
33,4.1415,71.196,4620,0.02
33,4.1539,71.6583,4650,0.02
33,4.1498,72.1206,4680,0.02
33,4.1547,72.5829,4710,0.02
33,4.1474,73.0452,4740,0.02
33,4.1574,73.5075,4770,0.02
33,4.1484,73.9698,4800,0.02
33,4.1592,74.4322,4830,0.02
33,4.1544,74.8945,4860,0.02
33,4.1574,75.3568,4890,0.02
33,4.1589,75.8191,4920,0.02
33,4.1585,76.2814,4950,0.02
33,4.1574,76.7437,4980,0.02
33,4.1565,77.206,5010,0.02
33,4.1604,77.6683,5040,0.02
33,4.1614,78.1307,5070,0.02
33,4.1605,78.593,5100,0.02
33,4.1577,79.0553,5130,0.02
33,4.1555,79.5176,5160,0.02
33,4.1614,79.9799,5190,0.02
33,4.1641,80.4422,5220,0.02
33,4.159,80.9045,5250,0.02
33,4.1663,81.3668,5280,0.02
33,4.1581,81.8291,5310,0.02
33,4.1723,82.2915,5340,0.02
33,4.1706,82.7538,5370,0.02
33,4.1663,83.2161,5400,0.02
33,4.173,83.6784,5430,0.02
33,4.1662,84.1407,5460,0.02
33,4.1662,84.603,5490,0.02
33,4.1763,85.0653,5520,0.02
33,4.1685,85.5276,5550,0.02
33,4.1717,85.9899,5580,0.02
33,4.173,86.4523,5610,0.02
33,4.171,86.9146,5640,0.02
33,4.1731,87.3769,5670,0.02
33,4.1753,87.8392,5700,0.02
33,4.1694,88.3015,5730,0.02
33,4.1745,88.7638,5760,0.02
33,4.1756,89.2261,5790,0.02
33,4.1695,89.6884,5820,0.02
33,4.1796,90.1508,5850,0.02
33,4.1709,90.6131,5880,0.02
33,4.1772,91.0754,5910,0.02
33,4.1822,91.5377,5940,0.02
33,4.1734,92.0,5970,0.02
34,3.0,0.0,0,0.02
34,3.0304,0.4611,30,0.02
34,3.0411,0.9221,60,0.02
34,3.0668,1.3832,90,0.02
34,3.09,1.8442,120,0.02
34,3.1186,2.3053,150,0.02
34,3.1303,2.7663,180,0.02
34,3.155,3.2274,210,0.02
34,3.1754,3.6884,240,0.02
34,3.1927,4.1495,270,0.02
34,3.2219,4.6106,300,0.02
34,3.2372,5.0716,330,0.02
34,3.2649,5.5327,360,0.02
34,3.2705,5.9937,390,0.02
34,3.3013,6.4548,420,0.02
34,3.3103,6.9158,450,0.02
34,3.3291,7.3769,480,0.02
34,3.3439,7.8379,510,0.02
34,3.3705,8.299,540,0.02
34,3.3745,8.7601,570,0.02
34,3.4036,9.2211,600,0.02
34,3.4054,9.6822,630,0.02
34,3.4261,10.1432,660,0.02
34,3.4449,10.6043,690,0.02
34,3.4565,11.0653,720,0.02
34,3.4707,11.5264,750,0.02
34,3.494,11.9874,780,0.02
34,3.5004,12.4485,810,0.02
34,3.5128,12.9095,840,0.02
34,3.5277,13.3706,870,0.02
34,3.5357,13.8317,900,0.02
34,3.5531,14.2927,930,0.02
34,3.5662,14.7538,960,0.02
34,3.5848,15.2148,990,0.02
34,3.5862,15.6759,1020,0.02
34,3.6032,16.1369,1050,0.02
34,3.6206,16.598,1080,0.02
34,3.6219,17.059,1110,0.02
34,3.6412,17.5201,1140,0.02
34,3.6575,17.9812,1170,0.02
34,3.6704,18.4422,1200,0.02
34,3.6783,18.9033,1230,0.02
34,3.6816,19.3643,1260,0.02
34,3.6966,19.8254,1290,0.02
34,3.702,20.2864,1320,0.02
34,3.7169,20.7475,1350,0.02
34,3.7258,21.2085,1380,0.02
34,3.7405,21.6696,1410,0.02
34,3.7388,22.1307,1440,0.02
34,3.7533,22.5917,1470,0.02
34,3.7587,23.0528,1500,0.02
34,3.7678,23.5138,1530,0.02
34,3.7849,23.9749,1560,0.02
34,3.7914,24.4359,1590,0.02
34,3.7942,24.897,1620,0.02
34,3.7981,25.358,1650,0.02
34,3.816,25.8191,1680,0.02
34,3.8199,26.2802,1710,0.02
34,3.8229,26.7412,1740,0.02
34,3.8378,27.2023,1770,0.02
34,3.8363,27.6633,1800,0.02
34,3.8512,28.1244,1830,0.02
34,3.8469,28.5854,1860,0.02
34,3.8646,29.0465,1890,0.02
34,3.8723,29.5075,1920,0.02
34,3.876,29.9686,1950,0.02
34,3.8793,30.4296,1980,0.02
34,3.886,30.8907,2010,0.02
34,3.8906,31.3518,2040,0.02
34,3.9042,31.8128,2070,0.02
34,3.9072,32.2739,2100,0.02
34,3.9194,32.7349,2130,0.02
34,3.9178,33.196,2160,0.02
34,3.9247,33.657,2190,0.02
34,3.9351,34.1181,2220,0.02
34,3.9376,34.5791,2250,0.02
34,3.9339,35.0402,2280,0.02
34,3.9506,35.5013,2310,0.02
34,3.956,35.9623,2340,0.02
34,3.9492,36.4234,2370,0.02
34,3.955,36.8844,2400,0.02
34,3.966,37.3455,2430,0.02
34,3.9613,37.8065,2460,0.02
34,3.9686,38.2676,2490,0.02
34,3.9766,38.7286,2520,0.02
34,3.9777,39.1897,2550,0.02
34,3.9841,39.6508,2580,0.02
34,3.9833,40.1118,2610,0.02
34,4.0033,40.5729,2640,0.02
34,3.998,41.0339,2670,0.02
34,4.0018,41.495,2700,0.02
34,4.0108,41.956,2730,0.02
34,4.0074,42.4171,2760,0.02
34,4.0225,42.8781,2790,0.02
34,4.0231,43.3392,2820,0.02
34,4.0251,43.8003,2850,0.02
34,4.0231,44.2613,2880,0.02
34,4.0341,44.7224,2910,0.02
34,4.0301,45.1834,2940,0.02
34,4.0389,45.6445,2970,0.02
34,4.0413,46.1055,3000,0.02
34,4.0388,46.5666,3030,0.02
34,4.045,47.0276,3060,0.02
34,4.0531,47.4887,3090,0.02
34,4.0581,47.9497,3120,0.02
34,4.0466,48.4108,3150,0.02
34,4.055,48.8719,3180,0.02
34,4.053,49.3329,3210,0.02
34,4.0627,49.794,3240,0.02
34,4.0643,50.255,3270,0.02
34,4.0645,50.7161,3300,0.02
34,4.064,51.1771,3330,0.02
34,4.075,51.6382,3360,0.02
34,4.0725,52.0992,3390,0.02
34,4.0825,52.5603,3420,0.02
34,4.0843,53.0214,3450,0.02
34,4.0802,53.4824,3480,0.02
34,4.0842,53.9435,3510,0.02
34,4.0868,54.4045,3540,0.02
34,4.087,54.8656,3570,0.02
34,4.0923,55.3266,3600,0.02
34,4.0957,55.7877,3630,0.02
34,4.0917,56.2487,3660,0.02
34,4.0992,56.7098,3690,0.02
34,4.1058,57.1709,3720,0.02
34,4.096,57.6319,3750,0.02
34,4.098,58.093,3780,0.02
34,4.1131,58.554,3810,0.02
34,4.1069,59.0151,3840,0.02
34,4.117,59.4761,3870,0.02
34,4.1148,59.9372,3900,0.02
34,4.1169,60.3982,3930,0.02
34,4.1113,60.8593,3960,0.02
34,4.1121,61.3204,3990,0.02
34,4.1203,61.7814,4020,0.02
34,4.127,62.2425,4050,0.02
34,4.1149,62.7035,4080,0.02
34,4.1281,63.1646,4110,0.02
34,4.1268,63.6256,4140,0.02
34,4.1242,64.0867,4170,0.02
34,4.1357,64.5477,4200,0.02
34,4.131,65.0088,4230,0.02
34,4.1366,65.4698,4260,0.02
34,4.1398,65.9309,4290,0.02
34,4.1377,66.392,4320,0.02
34,4.1398,66.853,4350,0.02
34,4.1415,67.3141,4380,0.02
34,4.1414,67.7751,4410,0.02
34,4.1453,68.2362,4440,0.02
34,4.1452,68.6972,4470,0.02
34,4.1395,69.1583,4500,0.02
34,4.1385,69.6193,4530,0.02
34,4.1472,70.0804,4560,0.02
34,4.1381,70.5415,4590,0.02
34,4.1536,71.0025,4620,0.02
34,4.1439,71.4636,4650,0.02
34,4.1441,71.9246,4680,0.02
34,4.1483,72.3857,4710,0.02
34,4.1552,72.8467,4740,0.02
34,4.1461,73.3078,4770,0.02
34,4.1444,73.7688,4800,0.02
34,4.1555,74.2299,4830,0.02
34,4.1557,74.691,4860,0.02
34,4.1548,75.152,4890,0.02
34,4.1594,75.6131,4920,0.02
34,4.1525,76.0741,4950,0.02
34,4.1623,76.5352,4980,0.02
34,4.1646,76.9962,5010,0.02
34,4.1522,77.4573,5040,0.02
34,4.1653,77.9183,5070,0.02
34,4.1648,78.3794,5100,0.02
34,4.1555,78.8405,5130,0.02
34,4.1656,79.3015,5160,0.02
34,4.1673,79.7626,5190,0.02
34,4.1629,80.2236,5220,0.02
34,4.1648,80.6847,5250,0.02
34,4.1727,81.1457,5280,0.02
34,4.1724,81.6068,5310,0.02
34,4.1606,82.0678,5340,0.02
34,4.1627,82.5289,5370,0.02
34,4.1685,82.9899,5400,0.02
34,4.1746,83.451,5430,0.02
34,4.1646,83.9121,5460,0.02
34,4.173,84.3731,5490,0.02
34,4.1712,84.8342,5520,0.02
34,4.1659,85.2952,5550,0.02
34,4.1696,85.7563,5580,0.02
34,4.1778,86.2173,5610,0.02
34,4.1749,86.6784,5640,0.02
34,4.1663,87.1394,5670,0.02
34,4.1806,87.6005,5700,0.02
34,4.1788,88.0616,5730,0.02
34,4.1806,88.5226,5760,0.02
34,4.172,88.9837,5790,0.02
34,4.1749,89.4447,5820,0.02
34,4.1712,89.9058,5850,0.02
34,4.1715,90.3668,5880,0.02
34,4.1817,90.8279,5910,0.02
34,4.1828,91.2889,5940,0.02
34,4.1763,91.75,5970,0.02
35,3.004,0.0,0,0.02
35,3.0276,0.4598,30,0.02
35,3.0497,0.9196,60,0.02
35,3.0669,1.3794,90,0.02
35,3.0959,1.8392,120,0.02
35,3.115,2.299,150,0.02
35,3.1417,2.7588,180,0.02
35,3.1622,3.2186,210,0.02
35,3.1769,3.6784,240,0.02
35,3.1927,4.1382,270,0.02
35,3.2171,4.598,300,0.02
35,3.2422,5.0578,330,0.02
35,3.2581,5.5176,360,0.02
35,3.2743,5.9774,390,0.02
35,3.3007,6.4372,420,0.02
35,3.3175,6.897,450,0.02
35,3.3223,7.3568,480,0.02
35,3.354,7.8166,510,0.02
35,3.3685,8.2764,540,0.02
35,3.38,8.7362,570,0.02
35,3.401,9.196,600,0.02
35,3.4156,9.6558,630,0.02
35,3.4295,10.1156,660,0.02
35,3.446,10.5754,690,0.02
35,3.4601,11.0352,720,0.02
35,3.4689,11.495,750,0.02
35,3.493,11.9548,780,0.02
35,3.51,12.4146,810,0.02
35,3.521,12.8744,840,0.02
35,3.538,13.3342,870,0.02
35,3.5421,13.794,900,0.02
35,3.5528,14.2538,930,0.02
35,3.562,14.7136,960,0.02
35,3.5895,15.1734,990,0.02
35,3.5872,15.6332,1020,0.02
35,3.6034,16.093,1050,0.02
35,3.6222,16.5528,1080,0.02
35,3.623,17.0126,1110,0.02
35,3.6416,17.4724,1140,0.02
35,3.6475,17.9322,1170,0.02
35,3.6698,18.392,1200,0.02
35,3.6662,18.8518,1230,0.02
35,3.6834,19.3116,1260,0.02
35,3.7016,19.7714,1290,0.02
35,3.7088,20.2312,1320,0.02
35,3.7076,20.691,1350,0.02
35,3.7231,21.1508,1380,0.02
35,3.7351,21.6106,1410,0.02
35,3.747,22.0704,1440,0.02
35,3.7502,22.5302,1470,0.02
35,3.7548,22.9899,1500,0.02
35,3.7692,23.4497,1530,0.02
35,3.7719,23.9095,1560,0.02
35,3.7914,24.3693,1590,0.02
35,3.7989,24.8291,1620,0.02
35,3.81,25.2889,1650,0.02
35,3.8126,25.7487,1680,0.02
35,3.8138,26.2085,1710,0.02
35,3.8194,26.6683,1740,0.02
35,3.8348,27.1281,1770,0.02
35,3.8366,27.5879,1800,0.02
35,3.8509,28.0477,1830,0.02
35,3.852,28.5075,1860,0.02
35,3.8538,28.9673,1890,0.02
35,3.8639,29.4271,1920,0.02
35,3.879,29.8869,1950,0.02
35,3.8759,30.3467,1980,0.02
35,3.8931,30.8065,2010,0.02
35,3.9008,31.2663,2040,0.02
35,3.8946,31.7261,2070,0.02
35,3.9066,32.1859,2100,0.02
35,3.9192,32.6457,2130,0.02
35,3.916,33.1055,2160,0.02
35,3.9173,33.5653,2190,0.02
35,3.9301,34.0251,2220,0.02
35,3.9372,34.4849,2250,0.02
35,3.9419,34.9447,2280,0.02
35,3.943,35.4045,2310,0.02
35,3.9529,35.8643,2340,0.02
35,3.9484,36.3241,2370,0.02
35,3.9601,36.7839,2400,0.02
35,3.9648,37.2437,2430,0.02
35,3.9654,37.7035,2460,0.02
35,3.9662,38.1633,2490,0.02
35,3.9797,38.6231,2520,0.02
35,3.9835,39.0829,2550,0.02
35,3.9848,39.5427,2580,0.02
35,3.9897,40.0025,2610,0.02
35,3.9975,40.4623,2640,0.02
35,3.9965,40.9221,2670,0.02
35,3.9986,41.3819,2700,0.02
35,4.0058,41.8417,2730,0.02
35,4.0119,42.3015,2760,0.02
35,4.0222,42.7613,2790,0.02
35,4.013,43.2211,2820,0.02
35,4.0171,43.6809,2850,0.02
35,4.0234,44.1407,2880,0.02
35,4.027,44.6005,2910,0.02
35,4.0307,45.0603,2940,0.02
35,4.0394,45.5201,2970,0.02
35,4.036,45.9799,3000,0.02
35,4.0446,46.4397,3030,0.02
35,4.0477,46.8995,3060,0.02
35,4.0564,47.3593,3090,0.02
35,4.048,47.8191,3120,0.02
35,4.0483,48.2789,3150,0.02
35,4.0598,48.7387,3180,0.02
35,4.0533,49.1985,3210,0.02
35,4.0693,49.6583,3240,0.02
35,4.064,50.1181,3270,0.02
35,4.0607,50.5779,3300,0.02
35,4.0736,51.0377,3330,0.02
35,4.0783,51.4975,3360,0.02
35,4.0791,51.9573,3390,0.02
35,4.0735,52.4171,3420,0.02
35,4.076,52.8769,3450,0.02
35,4.0775,53.3367,3480,0.02
35,4.084,53.7965,3510,0.02
35,4.0898,54.2563,3540,0.02
35,4.0839,54.7161,3570,0.02
35,4.0974,55.1759,3600,0.02
35,4.102,55.6357,3630,0.02
35,4.0962,56.0955,3660,0.02
35,4.1027,56.5553,3690,0.02
35,4.1077,57.0151,3720,0.02
35,4.1106,57.4749,3750,0.02
35,4.0968,57.9347,3780,0.02
35,4.1005,58.3945,3810,0.02
35,4.1046,58.8543,3840,0.02
35,4.1087,59.3141,3870,0.02
35,4.1094,59.7739,3900,0.02
35,4.1106,60.2337,3930,0.02
35,4.1143,60.6935,3960,0.02
35,4.1222,61.1533,3990,0.02
35,4.1161,61.6131,4020,0.02
35,4.117,62.0729,4050,0.02
35,4.1245,62.5327,4080,0.02
35,4.1166,62.9925,4110,0.02
35,4.1294,63.4523,4140,0.02
35,4.124,63.9121,4170,0.02
35,4.1205,64.3719,4200,0.02
35,4.1215,64.8317,4230,0.02
35,4.132,65.2915,4260,0.02
35,4.1309,65.7513,4290,0.02
35,4.1342,66.2111,4320,0.02
35,4.1407,66.6709,4350,0.02
35,4.1352,67.1307,4380,0.02
35,4.1392,67.5905,4410,0.02
35,4.1309,68.0503,4440,0.02
35,4.1409,68.5101,4470,0.02
35,4.1375,68.9698,4500,0.02
35,4.1452,69.4296,4530,0.02
35,4.1374,69.8894,4560,0.02
35,4.1445,70.3492,4590,0.02
35,4.1525,70.809,4620,0.02
35,4.1415,71.2688,4650,0.02
35,4.1482,71.7286,4680,0.02
35,4.1563,72.1884,4710,0.02
35,4.1523,72.6482,4740,0.02
35,4.1519,73.108,4770,0.02
35,4.1457,73.5678,4800,0.02
35,4.1574,74.0276,4830,0.02
35,4.1499,74.4874,4860,0.02
35,4.1536,74.9472,4890,0.02
35,4.1555,75.407,4920,0.02
35,4.1586,75.8668,4950,0.02
35,4.1637,76.3266,4980,0.02
35,4.151,76.7864,5010,0.02
35,4.163,77.2462,5040,0.02
35,4.1669,77.706,5070,0.02
35,4.1584,78.1658,5100,0.02
35,4.1585,78.6256,5130,0.02
35,4.162,79.0854,5160,0.02
35,4.1554,79.5452,5190,0.02
35,4.1621,80.005,5220,0.02
35,4.1721,80.4648,5250,0.02
35,4.1731,80.9246,5280,0.02
35,4.1647,81.3844,5310,0.02
35,4.1664,81.8442,5340,0.02
35,4.1681,82.304,5370,0.02
35,4.167,82.7638,5400,0.02
35,4.1631,83.2236,5430,0.02
35,4.1726,83.6834,5460,0.02
35,4.1632,84.1432,5490,0.02
35,4.1731,84.603,5520,0.02
35,4.1688,85.0628,5550,0.02
35,4.1689,85.5226,5580,0.02
35,4.1713,85.9824,5610,0.02
35,4.1652,86.4422,5640,0.02
35,4.1796,86.902,5670,0.02
35,4.1674,87.3618,5700,0.02
35,4.1752,87.8216,5730,0.02
35,4.1703,88.2814,5760,0.02
35,4.1698,88.7412,5790,0.02
35,4.1765,89.201,5820,0.02
35,4.1836,89.6608,5850,0.02
35,4.1713,90.1206,5880,0.02
35,4.1697,90.5804,5910,0.02
35,4.1847,91.0402,5940,0.02
35,4.1844,91.5,5970,0.02
36,3.006,0.0,0,0.02
36,3.0167,0.4585,30,0.02
36,3.0476,0.9171,60,0.02
36,3.0777,1.3756,90,0.02
36,3.0993,1.8342,120,0.02
36,3.1101,2.2927,150,0.02
36,3.1352,2.7513,180,0.02
36,3.1588,3.2098,210,0.02
36,3.183,3.6683,240,0.02
36,3.1949,4.1269,270,0.02
36,3.2143,4.5854,300,0.02
36,3.2399,5.044,330,0.02
36,3.2504,5.5025,360,0.02
36,3.2818,5.9611,390,0.02
36,3.2996,6.4196,420,0.02
36,3.3101,6.8781,450,0.02
36,3.325,7.3367,480,0.02
36,3.3493,7.7952,510,0.02
36,3.3703,8.2538,540,0.02
36,3.3771,8.7123,570,0.02
36,3.3989,9.1709,600,0.02
36,3.4081,9.6294,630,0.02
36,3.4234,10.0879,660,0.02
36,3.4449,10.5465,690,0.02
36,3.4583,11.005,720,0.02
36,3.4773,11.4636,750,0.02
36,3.4923,11.9221,780,0.02
36,3.5026,12.3807,810,0.02
36,3.5179,12.8392,840,0.02
36,3.5261,13.2977,870,0.02
36,3.5375,13.7563,900,0.02
36,3.5617,14.2148,930,0.02
36,3.5676,14.6734,960,0.02
36,3.5897,15.1319,990,0.02
36,3.5936,15.5905,1020,0.02
36,3.6043,16.049,1050,0.02
36,3.6239,16.5075,1080,0.02
36,3.632,16.9661,1110,0.02
36,3.6426,17.4246,1140,0.02
36,3.6493,17.8832,1170,0.02
36,3.6682,18.3417,1200,0.02
36,3.6754,18.8003,1230,0.02
36,3.6832,19.2588,1260,0.02
36,3.6972,19.7173,1290,0.02
36,3.7104,20.1759,1320,0.02
36,3.7164,20.6344,1350,0.02
36,3.7253,21.093,1380,0.02
36,3.7397,21.5515,1410,0.02
36,3.7469,22.0101,1440,0.02
36,3.7582,22.4686,1470,0.02
36,3.7553,22.9271,1500,0.02
36,3.7732,23.3857,1530,0.02
36,3.7851,23.8442,1560,0.02
36,3.7888,24.3028,1590,0.02
36,3.7962,24.7613,1620,0.02
36,3.8082,25.2198,1650,0.02
36,3.8062,25.6784,1680,0.02
36,3.8137,26.1369,1710,0.02
36,3.8201,26.5955,1740,0.02
36,3.8286,27.054,1770,0.02
36,3.8415,27.5126,1800,0.02
36,3.8504,27.9711,1830,0.02
36,3.8481,28.4296,1860,0.02
36,3.8622,28.8882,1890,0.02
36,3.8705,29.3467,1920,0.02
36,3.8788,29.8053,1950,0.02
36,3.8817,30.2638,1980,0.02
36,3.8852,30.7224,2010,0.02
36,3.8869,31.1809,2040,0.02
36,3.901,31.6394,2070,0.02
36,3.9108,32.098,2100,0.02
36,3.9197,32.5565,2130,0.02
36,3.9217,33.0151,2160,0.02
36,3.9162,33.4736,2190,0.02
36,3.9249,33.9322,2220,0.02
36,3.935,34.3907,2250,0.02
36,3.9331,34.8492,2280,0.02
36,3.9501,35.3078,2310,0.02
36,3.954,35.7663,2340,0.02
36,3.9599,36.2249,2370,0.02
36,3.9658,36.6834,2400,0.02
36,3.9652,37.142,2430,0.02
36,3.9724,37.6005,2460,0.02
36,3.9721,38.059,2490,0.02
36,3.9803,38.5176,2520,0.02
36,3.9781,38.9761,2550,0.02
36,3.9839,39.4347,2580,0.02
36,3.9961,39.8932,2610,0.02
36,3.9922,40.3518,2640,0.02
36,4.0035,40.8103,2670,0.02
36,4.0056,41.2688,2700,0.02
36,4.0008,41.7274,2730,0.02
36,4.0149,42.1859,2760,0.02
36,4.0168,42.6445,2790,0.02
36,4.0137,43.103,2820,0.02
36,4.0211,43.5616,2850,0.02
36,4.0327,44.0201,2880,0.02
36,4.0285,44.4786,2910,0.02
36,4.0382,44.9372,2940,0.02
36,4.0361,45.3957,2970,0.02
36,4.0335,45.8543,3000,0.02
36,4.0351,46.3128,3030,0.02
36,4.0473,46.7714,3060,0.02
36,4.055,47.2299,3090,0.02
36,4.0546,47.6884,3120,0.02
36,4.0607,48.147,3150,0.02
36,4.0626,48.6055,3180,0.02
36,4.0655,49.0641,3210,0.02
36,4.0623,49.5226,3240,0.02
36,4.0639,49.9812,3270,0.02
36,4.0629,50.4397,3300,0.02
36,4.0662,50.8982,3330,0.02
36,4.0713,51.3568,3360,0.02
36,4.0704,51.8153,3390,0.02
36,4.0822,52.2739,3420,0.02
36,4.0836,52.7324,3450,0.02
36,4.0838,53.191,3480,0.02
36,4.0885,53.6495,3510,0.02
36,4.0916,54.108,3540,0.02
36,4.0977,54.5666,3570,0.02
36,4.0861,55.0251,3600,0.02
36,4.0892,55.4837,3630,0.02
36,4.0931,55.9422,3660,0.02
36,4.1035,56.4008,3690,0.02
36,4.1036,56.8593,3720,0.02
36,4.1045,57.3178,3750,0.02
36,4.1021,57.7764,3780,0.02
36,4.1038,58.2349,3810,0.02
36,4.1059,58.6935,3840,0.02
36,4.1062,59.152,3870,0.02
36,4.1185,59.6106,3900,0.02
36,4.1194,60.0691,3930,0.02
36,4.11,60.5276,3960,0.02
36,4.1095,60.9862,3990,0.02
36,4.1128,61.4447,4020,0.02
36,4.1195,61.9033,4050,0.02
36,4.1145,62.3618,4080,0.02
36,4.1233,62.8204,4110,0.02
36,4.1289,63.2789,4140,0.02
36,4.1283,63.7374,4170,0.02
36,4.1347,64.196,4200,0.02
36,4.1358,64.6545,4230,0.02
36,4.1388,65.1131,4260,0.02
36,4.128,65.5716,4290,0.02
36,4.135,66.0302,4320,0.02
36,4.1415,66.4887,4350,0.02
36,4.1436,66.9472,4380,0.02
36,4.1406,67.4058,4410,0.02
36,4.1362,67.8643,4440,0.02
36,4.1382,68.3229,4470,0.02
36,4.1369,68.7814,4500,0.02
36,4.1349,69.2399,4530,0.02
36,4.1383,69.6985,4560,0.02
36,4.1446,70.157,4590,0.02
36,4.1462,70.6156,4620,0.02
36,4.1427,71.0741,4650,0.02
36,4.1478,71.5327,4680,0.02
36,4.15,71.9912,4710,0.02
36,4.1492,72.4497,4740,0.02
36,4.1554,72.9083,4770,0.02
36,4.1501,73.3668,4800,0.02
36,4.149,73.8254,4830,0.02
36,4.151,74.2839,4860,0.02
36,4.1546,74.7425,4890,0.02
36,4.1562,75.201,4920,0.02
36,4.1534,75.6595,4950,0.02
36,4.1547,76.1181,4980,0.02
36,4.1557,76.5766,5010,0.02
36,4.1602,77.0352,5040,0.02
36,4.1607,77.4937,5070,0.02
36,4.1533,77.9523,5100,0.02
36,4.157,78.4108,5130,0.02
36,4.1549,78.8693,5160,0.02
36,4.1709,79.3279,5190,0.02
36,4.1588,79.7864,5220,0.02
36,4.1607,80.245,5250,0.02
36,4.1619,80.7035,5280,0.02
36,4.1678,81.1621,5310,0.02
36,4.1724,81.6206,5340,0.02
36,4.1693,82.0791,5370,0.02
36,4.1739,82.5377,5400,0.02
36,4.1693,82.9962,5430,0.02
36,4.1736,83.4548,5460,0.02
36,4.1735,83.9133,5490,0.02
36,4.1663,84.3719,5520,0.02
36,4.1703,84.8304,5550,0.02
36,4.1698,85.2889,5580,0.02
36,4.1739,85.7475,5610,0.02
36,4.1778,86.206,5640,0.02
36,4.1712,86.6646,5670,0.02
36,4.1661,87.1231,5700,0.02
36,4.1749,87.5817,5730,0.02
36,4.1823,88.0402,5760,0.02
36,4.1724,88.4987,5790,0.02
36,4.18,88.9573,5820,0.02
36,4.1682,89.4158,5850,0.02
36,4.1828,89.8744,5880,0.02
36,4.1733,90.3329,5910,0.02
36,4.1757,90.7915,5940,0.02
36,4.1764,91.25,5970,0.02
37,3.0,0.0,0,0.02
37,3.0264,0.4573,30,0.02
37,3.0461,0.9146,60,0.02
37,3.0692,1.3719,90,0.02
37,3.0927,1.8291,120,0.02
37,3.1164,2.2864,150,0.02
37,3.1341,2.7437,180,0.02
37,3.1592,3.201,210,0.02
37,3.1773,3.6583,240,0.02
37,3.2009,4.1156,270,0.02
37,3.2173,4.5729,300,0.02
37,3.2367,5.0302,330,0.02
37,3.2597,5.4874,360,0.02
37,3.2731,5.9447,390,0.02
37,3.2922,6.402,420,0.02
37,3.3133,6.8593,450,0.02
37,3.3323,7.3166,480,0.02
37,3.3478,7.7739,510,0.02
37,3.3666,8.2312,540,0.02
37,3.3828,8.6884,570,0.02
37,3.3975,9.1457,600,0.02
37,3.4137,9.603,630,0.02
37,3.4305,10.0603,660,0.02
37,3.4421,10.5176,690,0.02
37,3.4596,10.9749,720,0.02
37,3.4756,11.4322,750,0.02
37,3.4902,11.8894,780,0.02
37,3.5003,12.3467,810,0.02
37,3.5151,12.804,840,0.02
37,3.5307,13.2613,870,0.02
37,3.5447,13.7186,900,0.02
37,3.5547,14.1759,930,0.02
37,3.5716,14.6332,960,0.02
37,3.5814,15.0905,990,0.02
37,3.5922,15.5477,1020,0.02
37,3.6068,16.005,1050,0.02
37,3.6156,16.4623,1080,0.02
37,3.6298,16.9196,1110,0.02
37,3.6397,17.3769,1140,0.02
37,3.6527,17.8342,1170,0.02
37,3.664,18.2915,1200,0.02
37,3.675,18.7487,1230,0.02
37,3.6863,19.206,1260,0.02
37,3.6925,19.6633,1290,0.02
37,3.706,20.1206,1320,0.02
37,3.7151,20.5779,1350,0.02
37,3.7258,21.0352,1380,0.02
37,3.731,21.4925,1410,0.02
37,3.7429,21.9497,1440,0.02
37,3.752,22.407,1470,0.02
37,3.7615,22.8643,1500,0.02
37,3.7697,23.3216,1530,0.02
37,3.7786,23.7789,1560,0.02
37,3.7892,24.2362,1590,0.02
37,3.7938,24.6935,1620,0.02
37,3.8046,25.1508,1650,0.02
37,3.8105,25.608,1680,0.02
37,3.8175,26.0653,1710,0.02
37,3.8239,26.5226,1740,0.02
37,3.8317,26.9799,1770,0.02
37,3.838,27.4372,1800,0.02
37,3.8475,27.8945,1830,0.02
37,3.8527,28.3518,1860,0.02
37,3.8589,28.809,1890,0.02
37,3.8706,29.2663,1920,0.02
37,3.8773,29.7236,1950,0.02
37,3.8795,30.1809,1980,0.02
37,3.8889,30.6382,2010,0.02
37,3.8968,31.0955,2040,0.02
37,3.9022,31.5528,2070,0.02
37,3.9089,32.0101,2100,0.02
37,3.9147,32.4673,2130,0.02
37,3.9191,32.9246,2160,0.02
37,3.9211,33.3819,2190,0.02
37,3.9277,33.8392,2220,0.02
37,3.9339,34.2965,2250,0.02
37,3.942,34.7538,2280,0.02
37,3.9453,35.2111,2310,0.02
37,3.947,35.6683,2340,0.02
37,3.9522,36.1256,2370,0.02
37,3.9589,36.5829,2400,0.02
37,3.9653,37.0402,2430,0.02
37,3.9713,37.4975,2460,0.02
37,3.9757,37.9548,2490,0.02
37,3.9775,38.4121,2520,0.02
37,3.9837,38.8693,2550,0.02
37,3.9898,39.3266,2580,0.02
37,3.9888,39.7839,2610,0.02
37,3.998,40.2412,2640,0.02
37,3.9979,40.6985,2670,0.02
37,4.0032,41.1558,2700,0.02
37,4.0093,41.6131,2730,0.02
37,4.014,42.0704,2760,0.02
37,4.014,42.5276,2790,0.02
37,4.0166,42.9849,2820,0.02
37,4.0241,43.4422,2850,0.02
37,4.0233,43.8995,2880,0.02
37,4.0309,44.3568,2910,0.02
37,4.033,44.8141,2940,0.02
37,4.0384,45.2714,2970,0.02
37,4.0391,45.7286,3000,0.02
37,4.0398,46.1859,3030,0.02
37,4.0456,46.6432,3060,0.02
37,4.051,47.1005,3090,0.02
37,4.0489,47.5578,3120,0.02
37,4.0558,48.0151,3150,0.02
37,4.0572,48.4724,3180,0.02
37,4.0595,48.9296,3210,0.02
37,4.0602,49.3869,3240,0.02
37,4.0652,49.8442,3270,0.02
37,4.067,50.3015,3300,0.02
37,4.0686,50.7588,3330,0.02
37,4.0759,51.2161,3360,0.02
37,4.0766,51.6734,3390,0.02
37,4.0775,52.1307,3420,0.02
37,4.0781,52.5879,3450,0.02
37,4.0829,53.0452,3480,0.02
37,4.0844,53.5025,3510,0.02
37,4.0852,53.9598,3540,0.02
37,4.088,54.4171,3570,0.02
37,4.0929,54.8744,3600,0.02
37,4.0961,55.3317,3630,0.02
37,4.0972,55.7889,3660,0.02
37,4.0976,56.2462,3690,0.02
37,4.0997,56.7035,3720,0.02
37,4.1007,57.1608,3750,0.02
37,4.1025,57.6181,3780,0.02
37,4.1036,58.0754,3810,0.02
37,4.1113,58.5327,3840,0.02
37,4.1095,58.9899,3870,0.02
37,4.111,59.4472,3900,0.02
37,4.1153,59.9045,3930,0.02
37,4.1166,60.3618,3960,0.02
37,4.1165,60.8191,3990,0.02
37,4.1171,61.2764,4020,0.02
37,4.1207,61.7337,4050,0.02
37,4.1198,62.191,4080,0.02
37,4.1252,62.6482,4110,0.02
37,4.1257,63.1055,4140,0.02
37,4.1272,63.5628,4170,0.02
37,4.1302,64.0201,4200,0.02
37,4.1305,64.4774,4230,0.02
37,4.1307,64.9347,4260,0.02
37,4.1295,65.392,4290,0.02
37,4.1354,65.8492,4320,0.02
37,4.1339,66.3065,4350,0.02
37,4.1336,66.7638,4380,0.02
37,4.1354,67.2211,4410,0.02
37,4.1403,67.6784,4440,0.02
37,4.1418,68.1357,4470,0.02
37,4.1429,68.593,4500,0.02
37,4.1427,69.0503,4530,0.02
37,4.143,69.5075,4560,0.02
37,4.1461,69.9648,4590,0.02
37,4.1477,70.4221,4620,0.02
37,4.1473,70.8794,4650,0.02
37,4.1471,71.3367,4680,0.02
37,4.1512,71.794,4710,0.02
37,4.1521,72.2513,4740,0.02
37,4.1535,72.7085,4770,0.02
37,4.1529,73.1658,4800,0.02
37,4.1507,73.6231,4830,0.02
37,4.1523,74.0804,4860,0.02
37,4.157,74.5377,4890,0.02
37,4.1541,74.995,4920,0.02
37,4.1565,75.4523,4950,0.02
37,4.1564,75.9095,4980,0.02
37,4.1593,76.3668,5010,0.02
37,4.1606,76.8241,5040,0.02
37,4.1584,77.2814,5070,0.02
37,4.1624,77.7387,5100,0.02
37,4.1608,78.196,5130,0.02
37,4.1595,78.6533,5160,0.02
37,4.1638,79.1106,5190,0.02
37,4.1616,79.5678,5220,0.02
37,4.1641,80.0251,5250,0.02
37,4.1681,80.4824,5280,0.02
37,4.1681,80.9397,5310,0.02
37,4.1648,81.397,5340,0.02
37,4.166,81.8543,5370,0.02
37,4.1692,82.3116,5400,0.02
37,4.166,82.7688,5430,0.02
37,4.1676,83.2261,5460,0.02
37,4.1701,83.6834,5490,0.02
37,4.1693,84.1407,5520,0.02
37,4.1738,84.598,5550,0.02
37,4.1709,85.0553,5580,0.02
37,4.173,85.5126,5610,0.02
37,4.1729,85.9698,5640,0.02
37,4.173,86.4271,5670,0.02
37,4.1751,86.8844,5700,0.02
37,4.1758,87.3417,5730,0.02
37,4.1722,87.799,5760,0.02
37,4.1726,88.2563,5790,0.02
37,4.1773,88.7136,5820,0.02
37,4.178,89.1709,5850,0.02
37,4.174,89.6281,5880,0.02
37,4.1747,90.0854,5910,0.02
37,4.1772,90.5427,5940,0.02
37,4.1752,91.0,5970,0.02
38,3.0115,0.0,0,0.02
38,3.0479,0.456,30,0.02
38,3.0491,0.9121,60,0.02
38,3.085,1.3681,90,0.02
38,3.1042,1.8241,120,0.02
38,3.1484,2.2802,150,0.02
38,3.1833,2.7362,180,0.02
38,3.1897,3.1922,210,0.02
38,3.2111,3.6482,240,0.02
38,3.1992,4.1043,270,0.02
38,3.2115,4.5603,300,0.02
38,3.2071,5.0163,330,0.02
38,3.2351,5.4724,360,0.02
38,3.251,5.9284,390,0.02
38,3.2721,6.3844,420,0.02
38,3.2906,6.8405,450,0.02
38,3.292,7.2965,480,0.02
38,3.3313,7.7525,510,0.02
38,3.3642,8.2085,540,0.02
38,3.3649,8.6646,570,0.02
38,3.4149,9.1206,600,0.02
38,3.4373,9.5766,630,0.02
38,3.4488,10.0327,660,0.02
38,3.4684,10.4887,690,0.02
38,3.4956,10.9447,720,0.02
38,3.4811,11.4008,750,0.02
38,3.5289,11.8568,780,0.02
38,3.523,12.3128,810,0.02
38,3.5335,12.7688,840,0.02
38,3.5353,13.2249,870,0.02
38,3.5319,13.6809,900,0.02
38,3.5245,14.1369,930,0.02
38,3.5313,14.593,960,0.02
38,3.5672,15.049,990,0.02
38,3.5705,15.505,1020,0.02
38,3.6008,15.9611,1050,0.02
38,3.6128,16.4171,1080,0.02
38,3.6343,16.8731,1110,0.02
38,3.6415,17.3291,1140,0.02
38,3.6631,17.7852,1170,0.02
38,3.6657,18.2412,1200,0.02
38,3.7042,18.6972,1230,0.02
38,3.7176,19.1533,1260,0.02
38,3.7284,19.6093,1290,0.02
38,3.7258,20.0653,1320,0.02
38,3.7162,20.5214,1350,0.02
38,3.7429,20.9774,1380,0.02
38,3.7322,21.4334,1410,0.02
38,3.74,21.8894,1440,0.02
38,3.747,22.3455,1470,0.02
38,3.7303,22.8015,1500,0.02
38,3.724,23.2575,1530,0.02
38,3.7444,23.7136,1560,0.02
38,3.763,24.1696,1590,0.02
38,3.7912,24.6256,1620,0.02
38,3.7844,25.0817,1650,0.02
38,3.8008,25.5377,1680,0.02
38,3.8369,25.9937,1710,0.02
38,3.829,26.4497,1740,0.02
38,3.8396,26.9058,1770,0.02
38,3.8498,27.3618,1800,0.02
38,3.8789,27.8178,1830,0.02
38,3.8868,28.2739,1860,0.02
38,3.8848,28.7299,1890,0.02
38,3.9009,29.1859,1920,0.02
38,3.8914,29.642,1950,0.02
38,3.8839,30.098,1980,0.02
38,3.889,30.554,2010,0.02
38,3.8808,31.0101,2040,0.02
38,3.8613,31.4661,2070,0.02
38,3.8758,31.9221,2100,0.02
38,3.8941,32.3781,2130,0.02
38,3.8896,32.8342,2160,0.02
38,3.9004,33.2902,2190,0.02
38,3.9062,33.7462,2220,0.02
38,3.9194,34.2023,2250,0.02
38,3.9483,34.6583,2280,0.02
38,3.9648,35.1143,2310,0.02
38,3.9562,35.5704,2340,0.02
38,3.974,36.0264,2370,0.02
38,3.9992,36.4824,2400,0.02
38,3.9952,36.9384,2430,0.02
38,3.9737,37.3945,2460,0.02
38,3.9786,37.8505,2490,0.02
38,3.9944,38.3065,2520,0.02
38,3.9661,38.7626,2550,0.02
38,3.9934,39.2186,2580,0.02
38,3.9664,39.6746,2610,0.02
38,3.9694,40.1307,2640,0.02
38,3.9651,40.5867,2670,0.02
38,3.9776,41.0427,2700,0.02
38,3.9861,41.4987,2730,0.02
38,3.9788,41.9548,2760,0.02
38,3.9971,42.4108,2790,0.02
38,3.9988,42.8668,2820,0.02
38,4.0403,43.3229,2850,0.02
38,4.053,43.7789,2880,0.02
38,4.0595,44.2349,2910,0.02
38,4.0697,44.691,2940,0.02
38,4.0711,45.147,2970,0.02
38,4.0702,45.603,3000,0.02
38,4.0526,46.059,3030,0.02
38,4.0649,46.5151,3060,0.02
38,4.0675,46.9711,3090,0.02
38,4.0519,47.4271,3120,0.02
38,4.0461,47.8832,3150,0.02
38,4.0507,48.3392,3180,0.02
38,4.0332,48.7952,3210,0.02
38,4.0418,49.2513,3240,0.02
38,4.056,49.7073,3270,0.02
38,4.0297,50.1633,3300,0.02
38,4.0427,50.6193,3330,0.02
38,4.0748,51.0754,3360,0.02
38,4.0886,51.5314,3390,0.02
38,4.0939,51.9874,3420,0.02
38,4.0857,52.4435,3450,0.02
38,4.1163,52.8995,3480,0.02
38,4.1039,53.3555,3510,0.02
38,4.1309,53.8116,3540,0.02
38,4.1317,54.2676,3570,0.02
38,4.1097,54.7236,3600,0.02
38,4.1193,55.1796,3630,0.02
38,4.1156,55.6357,3660,0.02
38,4.0752,56.0917,3690,0.02
38,4.0743,56.5477,3720,0.02
38,4.0867,57.0038,3750,0.02
38,4.0866,57.4598,3780,0.02
38,4.084,57.9158,3810,0.02
38,4.0993,58.3719,3840,0.02
38,4.1002,58.8279,3870,0.02
38,4.1,59.2839,3900,0.02
38,4.0852,59.7399,3930,0.02
38,4.1033,60.196,3960,0.02
38,4.1355,60.652,3990,0.02
38,4.1251,61.108,4020,0.02
38,4.1303,61.5641,4050,0.02
38,4.1609,62.0201,4080,0.02
38,4.1462,62.4761,4110,0.02
38,4.1402,62.9322,4140,0.02
38,4.1634,63.3882,4170,0.02
38,4.1425,63.8442,4200,0.02
38,4.1196,64.3003,4230,0.02
38,4.143,64.7563,4260,0.02
38,4.1112,65.2123,4290,0.02
38,4.1086,65.6683,4320,0.02
38,4.0875,66.1244,4350,0.02
38,4.0991,66.5804,4380,0.02
38,4.1161,67.0364,4410,0.02
38,4.1181,67.4925,4440,0.02
38,4.1227,67.9485,4470,0.02
38,4.1347,68.4045,4500,0.02
38,4.1574,68.8606,4530,0.02
38,4.154,69.3166,4560,0.02
38,4.1795,69.7726,4590,0.02
38,4.1688,70.2286,4620,0.02
38,4.1612,70.6847,4650,0.02
38,4.1864,71.1407,4680,0.02
38,4.1891,71.5967,4710,0.02
38,4.1769,72.0528,4740,0.02
38,4.1815,72.5088,4770,0.02
38,4.17,72.9648,4800,0.02
38,4.1343,73.4209,4830,0.02
38,4.1483,73.8769,4860,0.02
38,4.1465,74.3329,4890,0.02
38,4.1294,74.7889,4920,0.02
38,4.1372,75.245,4950,0.02
38,4.123,75.701,4980,0.02
38,4.1459,76.157,5010,0.02
38,4.1364,76.6131,5040,0.02
38,4.1656,77.0691,5070,0.02
38,4.1763,77.5251,5100,0.02
38,4.1756,77.9812,5130,0.02
38,4.1686,78.4372,5160,0.02
38,4.1907,78.8932,5190,0.02
38,4.2,79.3492,5220,0.02
38,4.2,79.8053,5250,0.02
38,4.1784,80.2613,5280,0.02
38,4.1662,80.7173,5310,0.02
38,4.1623,81.1734,5340,0.02
38,4.1506,81.6294,5370,0.02
38,4.1414,82.0854,5400,0.02
38,4.1558,82.5415,5430,0.02
38,4.1419,82.9975,5460,0.02
38,4.1412,83.4535,5490,0.02
38,4.1404,83.9095,5520,0.02
38,4.1453,84.3656,5550,0.02
38,4.1604,84.8216,5580,0.02
38,4.1387,85.2776,5610,0.02
38,4.183,85.7337,5640,0.02
38,4.1785,86.1897,5670,0.02
38,4.1859,86.6457,5700,0.02
38,4.1803,87.1018,5730,0.02
38,4.2,87.5578,5760,0.02
38,4.2,88.0138,5790,0.02
38,4.2,88.4698,5820,0.02
38,4.1848,88.9259,5850,0.02
38,4.1784,89.3819,5880,0.02
38,4.1801,89.8379,5910,0.02
38,4.1864,90.294,5940,0.02
38,4.1859,90.75,5970,0.02
39,3.0069,0.0,0,0.02
39,3.0164,0.4548,30,0.02
39,3.0488,0.9095,60,0.02
39,3.0665,1.3643,90,0.02
39,3.0885,1.8191,120,0.02
39,3.1187,2.2739,150,0.02
39,3.1349,2.7286,180,0.02
39,3.1569,3.1834,210,0.02
39,3.1709,3.6382,240,0.02
39,3.2018,4.093,270,0.02
39,3.2207,4.5477,300,0.02
39,3.2313,5.0025,330,0.02
39,3.2551,5.4573,360,0.02
39,3.269,5.9121,390,0.02
39,3.2927,6.3668,420,0.02
39,3.3167,6.8216,450,0.02
39,3.3304,7.2764,480,0.02
39,3.3546,7.7312,510,0.02
39,3.3593,8.1859,540,0.02
39,3.3792,8.6407,570,0.02
39,3.3936,9.0955,600,0.02
39,3.4105,9.5503,630,0.02
39,3.4313,10.005,660,0.02
39,3.4471,10.4598,690,0.02
39,3.4616,10.9146,720,0.02
39,3.4766,11.3693,750,0.02
39,3.4888,11.8241,780,0.02
39,3.5105,12.2789,810,0.02
39,3.5127,12.7337,840,0.02
39,3.5347,13.1884,870,0.02
39,3.5456,13.6432,900,0.02
39,3.564,14.098,930,0.02
39,3.5613,14.5528,960,0.02
39,3.5863,15.0075,990,0.02
39,3.5961,15.4623,1020,0.02
39,3.6055,15.9171,1050,0.02
39,3.6144,16.3719,1080,0.02
39,3.6248,16.8266,1110,0.02
39,3.6394,17.2814,1140,0.02
39,3.6533,17.7362,1170,0.02
39,3.6658,18.191,1200,0.02
39,3.6688,18.6457,1230,0.02
39,3.69,19.1005,1260,0.02
39,3.688,19.5553,1290,0.02
39,3.6969,20.0101,1320,0.02
39,3.7221,20.4648,1350,0.02
39,3.7182,20.9196,1380,0.02
39,3.7361,21.3744,1410,0.02
39,3.7484,21.8291,1440,0.02
39,3.7462,22.2839,1470,0.02
39,3.7584,22.7387,1500,0.02
39,3.7716,23.1935,1530,0.02
39,3.7807,23.6482,1560,0.02
39,3.7818,24.103,1590,0.02
39,3.7967,24.5578,1620,0.02
39,3.8034,25.0126,1650,0.02
39,3.8154,25.4673,1680,0.02
39,3.8222,25.9221,1710,0.02
39,3.8317,26.3769,1740,0.02
39,3.8288,26.8317,1770,0.02
39,3.8417,27.2864,1800,0.02
39,3.8546,27.7412,1830,0.02
39,3.8482,28.196,1860,0.02
39,3.8549,28.6508,1890,0.02
39,3.8742,29.1055,1920,0.02
39,3.878,29.5603,1950,0.02
39,3.8839,30.0151,1980,0.02
39,3.888,30.4698,2010,0.02
39,3.8892,30.9246,2040,0.02
39,3.8969,31.3794,2070,0.02
39,3.9,31.8342,2100,0.02
39,3.9102,32.2889,2130,0.02
39,3.9139,32.7437,2160,0.02
39,3.9282,33.1985,2190,0.02
39,3.9234,33.6533,2220,0.02
39,3.9411,34.108,2250,0.02
39,3.9365,34.5628,2280,0.02
39,3.9513,35.0176,2310,0.02
39,3.9577,35.4724,2340,0.02
39,3.947,35.9271,2370,0.02
39,3.9584,36.3819,2400,0.02
39,3.9714,36.8367,2430,0.02
39,3.9665,37.2915,2460,0.02
39,3.9789,37.7462,2490,0.02
39,3.9704,38.201,2520,0.02
39,3.9771,38.6558,2550,0.02
39,3.9797,39.1106,2580,0.02
39,3.998,39.5653,2610,0.02
39,3.9992,40.0201,2640,0.02
39,4.0012,40.4749,2670,0.02
39,3.998,40.9296,2700,0.02
39,4.0007,41.3844,2730,0.02
39,4.0078,41.8392,2760,0.02
39,4.0162,42.294,2790,0.02
39,4.0239,42.7487,2820,0.02
39,4.0241,43.2035,2850,0.02
39,4.0244,43.6583,2880,0.02
39,4.0299,44.1131,2910,0.02
39,4.0391,44.5678,2940,0.02
39,4.0361,45.0226,2970,0.02
39,4.0331,45.4774,3000,0.02
39,4.0465,45.9322,3030,0.02
39,4.0438,46.3869,3060,0.02
39,4.0526,46.8417,3090,0.02
39,4.0556,47.2965,3120,0.02
39,4.0498,47.7513,3150,0.02
39,4.0616,48.206,3180,0.02
39,4.0636,48.6608,3210,0.02
39,4.0682,49.1156,3240,0.02
39,4.0593,49.5704,3270,0.02
39,4.0683,50.0251,3300,0.02
39,4.0649,50.4799,3330,0.02
39,4.0802,50.9347,3360,0.02
39,4.0745,51.3894,3390,0.02
39,4.0753,51.8442,3420,0.02
39,4.0753,52.299,3450,0.02
39,4.085,52.7538,3480,0.02
39,4.0933,53.2085,3510,0.02
39,4.0887,53.6633,3540,0.02
39,4.0981,54.1181,3570,0.02
39,4.0936,54.5729,3600,0.02
39,4.0927,55.0276,3630,0.02
39,4.1034,55.4824,3660,0.02
39,4.0998,55.9372,3690,0.02
39,4.1013,56.392,3720,0.02
39,4.1067,56.8467,3750,0.02
39,4.1102,57.3015,3780,0.02
39,4.1034,57.7563,3810,0.02
39,4.1096,58.2111,3840,0.02
39,4.1133,58.6658,3870,0.02
39,4.1181,59.1206,3900,0.02
39,4.1134,59.5754,3930,0.02
39,4.1083,60.0302,3960,0.02
39,4.1154,60.4849,3990,0.02
39,4.1203,60.9397,4020,0.02
39,4.1261,61.3945,4050,0.02
39,4.1151,61.8492,4080,0.02
39,4.1202,62.304,4110,0.02
39,4.1251,62.7588,4140,0.02
39,4.1283,63.2136,4170,0.02
39,4.1234,63.6683,4200,0.02
39,4.1333,64.1231,4230,0.02
39,4.1387,64.5779,4260,0.02
39,4.1252,65.0327,4290,0.02
39,4.1386,65.4874,4320,0.02
39,4.1318,65.9422,4350,0.02
39,4.1409,66.397,4380,0.02
39,4.1385,66.8518,4410,0.02
39,4.1368,67.3065,4440,0.02
39,4.1361,67.7613,4470,0.02
39,4.1392,68.2161,4500,0.02
39,4.1363,68.6709,4530,0.02
39,4.1416,69.1256,4560,0.02
39,4.1377,69.5804,4590,0.02
39,4.1396,70.0352,4620,0.02
39,4.1455,70.4899,4650,0.02
39,4.149,70.9447,4680,0.02
39,4.1459,71.3995,4710,0.02
39,4.1514,71.8543,4740,0.02
39,4.1504,72.309,4770,0.02
39,4.1499,72.7638,4800,0.02
39,4.1478,73.2186,4830,0.02
39,4.1471,73.6734,4860,0.02
39,4.1614,74.1281,4890,0.02
39,4.1587,74.5829,4920,0.02
39,4.1586,75.0377,4950,0.02
39,4.1525,75.4925,4980,0.02
39,4.166,75.9472,5010,0.02
39,4.161,76.402,5040,0.02
39,4.1519,76.8568,5070,0.02
39,4.1639,77.3116,5100,0.02
39,4.1542,77.7663,5130,0.02
39,4.1575,78.2211,5160,0.02
39,4.1634,78.6759,5190,0.02
39,4.1662,79.1307,5220,0.02
39,4.1623,79.5854,5250,0.02
39,4.1637,80.0402,5280,0.02
39,4.1678,80.495,5310,0.02
39,4.172,80.9497,5340,0.02
39,4.1651,81.4045,5370,0.02
39,4.1706,81.8593,5400,0.02
39,4.1728,82.3141,5430,0.02
39,4.1681,82.7688,5460,0.02
39,4.1721,83.2236,5490,0.02
39,4.1767,83.6784,5520,0.02
39,4.1644,84.1332,5550,0.02
39,4.1745,84.5879,5580,0.02
39,4.1681,85.0427,5610,0.02
39,4.1723,85.4975,5640,0.02
39,4.1718,85.9523,5670,0.02
39,4.181,86.407,5700,0.02
39,4.1815,86.8618,5730,0.02
39,4.1797,87.3166,5760,0.02
39,4.1775,87.7714,5790,0.02
39,4.1834,88.2261,5820,0.02
39,4.1711,88.6809,5850,0.02
39,4.1782,89.1357,5880,0.02
39,4.1809,89.5905,5910,0.02
39,4.1749,90.0452,5940,0.02
39,4.1831,90.5,5970,0.02
40,3.0,0.0,0,0.02
40,3.0286,0.4535,30,0.02
40,3.0486,0.907,60,0.02
40,3.0624,1.3606,90,0.02
40,3.1001,1.8141,120,0.02
40,3.1202,2.2676,150,0.02
40,3.1311,2.7211,180,0.02
40,3.1654,3.1746,210,0.02
40,3.1786,3.6281,240,0.02
40,3.1976,4.0817,270,0.02
40,3.2144,4.5352,300,0.02
40,3.2451,4.9887,330,0.02
40,3.2538,5.4422,360,0.02
40,3.2706,5.8957,390,0.02
40,3.2924,6.3492,420,0.02
40,3.306,6.8028,450,0.02
40,3.3245,7.2563,480,0.02
40,3.3552,7.7098,510,0.02
40,3.3622,8.1633,540,0.02
40,3.3789,8.6168,570,0.02
40,3.3989,9.0704,600,0.02
40,3.4081,9.5239,630,0.02
40,3.4316,9.9774,660,0.02
40,3.4418,10.4309,690,0.02
40,3.4649,10.8844,720,0.02
40,3.4717,11.3379,750,0.02
40,3.4948,11.7915,780,0.02
40,3.4975,12.245,810,0.02
40,3.5103,12.6985,840,0.02
40,3.5265,13.152,870,0.02
40,3.5506,13.6055,900,0.02
40,3.5496,14.059,930,0.02
40,3.5677,14.5126,960,0.02
40,3.5841,14.9661,990,0.02
40,3.5994,15.4196,1020,0.02
40,3.614,15.8731,1050,0.02
40,3.6197,16.3266,1080,0.02
40,3.6254,16.7802,1110,0.02
40,3.6382,17.2337,1140,0.02
40,3.6453,17.6872,1170,0.02
40,3.656,18.1407,1200,0.02
40,3.6657,18.5942,1230,0.02
40,3.6797,19.0477,1260,0.02
40,3.6985,19.5013,1290,0.02
40,3.7108,19.9548,1320,0.02
40,3.714,20.4083,1350,0.02
40,3.7311,20.8618,1380,0.02
40,3.7279,21.3153,1410,0.02
40,3.7405,21.7688,1440,0.02
40,3.7548,22.2224,1470,0.02
40,3.7625,22.6759,1500,0.02
40,3.774,23.1294,1530,0.02
40,3.7718,23.5829,1560,0.02
40,3.7785,24.0364,1590,0.02
40,3.791,24.4899,1620,0.02
40,3.795,24.9435,1650,0.02
40,3.8136,25.397,1680,0.02
40,3.8226,25.8505,1710,0.02
40,3.8323,26.304,1740,0.02
40,3.8349,26.7575,1770,0.02
40,3.8472,27.2111,1800,0.02
40,3.8405,27.6646,1830,0.02
40,3.8521,28.1181,1860,0.02
40,3.8658,28.5716,1890,0.02
40,3.869,29.0251,1920,0.02
40,3.873,29.4786,1950,0.02
40,3.8774,29.9322,1980,0.02
40,3.8823,30.3857,2010,0.02
40,3.9011,30.8392,2040,0.02
40,3.9036,31.2927,2070,0.02
40,3.9052,31.7462,2100,0.02
40,3.9121,32.1997,2130,0.02
40,3.9115,32.6533,2160,0.02
40,3.9184,33.1068,2190,0.02
40,3.9335,33.5603,2220,0.02
40,3.9379,34.0138,2250,0.02
40,3.9394,34.4673,2280,0.02
40,3.9482,34.9209,2310,0.02
40,3.9423,35.3744,2340,0.02
40,3.9604,35.8279,2370,0.02
40,3.9518,36.2814,2400,0.02
40,3.9678,36.7349,2430,0.02
40,3.9658,37.1884,2460,0.02
40,3.9763,37.642,2490,0.02
40,3.9845,38.0955,2520,0.02
40,3.983,38.549,2550,0.02
40,3.9911,39.0025,2580,0.02
40,3.9963,39.456,2610,0.02
40,4.0008,39.9095,2640,0.02
40,4.0008,40.3631,2670,0.02
40,4.0014,40.8166,2700,0.02
40,4.0123,41.2701,2730,0.02
40,4.0033,41.7236,2760,0.02
40,4.0223,42.1771,2790,0.02
40,4.0238,42.6307,2820,0.02
40,4.0149,43.0842,2850,0.02
40,4.0245,43.5377,2880,0.02
40,4.0234,43.9912,2910,0.02
40,4.0379,44.4447,2940,0.02
40,4.038,44.8982,2970,0.02
40,4.033,45.3518,3000,0.02
40,4.0472,45.8053,3030,0.02
40,4.0488,46.2588,3060,0.02
40,4.0507,46.7123,3090,0.02
40,4.0585,47.1658,3120,0.02
40,4.0524,47.6193,3150,0.02
40,4.0563,48.0729,3180,0.02
40,4.0646,48.5264,3210,0.02
40,4.0691,48.9799,3240,0.02
40,4.0724,49.4334,3270,0.02
40,4.0742,49.8869,3300,0.02
40,4.079,50.3405,3330,0.02
40,4.0762,50.794,3360,0.02
40,4.0818,51.2475,3390,0.02
40,4.0742,51.701,3420,0.02
40,4.0782,52.1545,3450,0.02
40,4.0822,52.608,3480,0.02
40,4.0864,53.0616,3510,0.02
40,4.0815,53.5151,3540,0.02
40,4.0979,53.9686,3570,0.02
40,4.0916,54.4221,3600,0.02
40,4.0981,54.8756,3630,0.02
40,4.0967,55.3291,3660,0.02
40,4.0958,55.7827,3690,0.02
40,4.0967,56.2362,3720,0.02
40,4.1107,56.6897,3750,0.02
40,4.106,57.1432,3780,0.02
40,4.1,57.5967,3810,0.02
40,4.1125,58.0503,3840,0.02
40,4.1177,58.5038,3870,0.02
40,4.1088,58.9573,3900,0.02
40,4.121,59.4108,3930,0.02
40,4.1106,59.8643,3960,0.02
40,4.1182,60.3178,3990,0.02
40,4.1173,60.7714,4020,0.02
40,4.1209,61.2249,4050,0.02
40,4.1238,61.6784,4080,0.02
40,4.1283,62.1319,4110,0.02
40,4.1218,62.5854,4140,0.02
40,4.1297,63.0389,4170,0.02
40,4.1317,63.4925,4200,0.02
40,4.1256,63.946,4230,0.02
40,4.1375,64.3995,4260,0.02
40,4.1303,64.853,4290,0.02
40,4.1288,65.3065,4320,0.02
40,4.1361,65.7601,4350,0.02
40,4.1357,66.2136,4380,0.02
40,4.1319,66.6671,4410,0.02
40,4.1372,67.1206,4440,0.02
40,4.1439,67.5741,4470,0.02
40,4.138,68.0276,4500,0.02
40,4.1383,68.4812,4530,0.02
40,4.1481,68.9347,4560,0.02
40,4.1498,69.3882,4590,0.02
40,4.1422,69.8417,4620,0.02
40,4.1411,70.2952,4650,0.02
40,4.1423,70.7487,4680,0.02
40,4.1509,71.2023,4710,0.02
40,4.1471,71.6558,4740,0.02
40,4.1531,72.1093,4770,0.02
40,4.1536,72.5628,4800,0.02
40,4.1469,73.0163,4830,0.02
40,4.1532,73.4698,4860,0.02
40,4.1514,73.9234,4890,0.02
40,4.1584,74.3769,4920,0.02
40,4.1485,74.8304,4950,0.02
40,4.1529,75.2839,4980,0.02
40,4.1543,75.7374,5010,0.02
40,4.1581,76.191,5040,0.02
40,4.1659,76.6445,5070,0.02
40,4.1569,77.098,5100,0.02
40,4.1535,77.5515,5130,0.02
40,4.1575,78.005,5160,0.02
40,4.1563,78.4585,5190,0.02
40,4.1694,78.9121,5220,0.02
40,4.1642,79.3656,5250,0.02
40,4.1619,79.8191,5280,0.02
40,4.1648,80.2726,5310,0.02
40,4.1692,80.7261,5340,0.02
40,4.1731,81.1796,5370,0.02
40,4.173,81.6332,5400,0.02
40,4.1764,82.0867,5430,0.02
40,4.1695,82.5402,5460,0.02
40,4.168,82.9937,5490,0.02
40,4.1752,83.4472,5520,0.02
40,4.1741,83.9008,5550,0.02
40,4.1679,84.3543,5580,0.02
40,4.1743,84.8078,5610,0.02
40,4.1685,85.2613,5640,0.02
40,4.1799,85.7148,5670,0.02
40,4.1658,86.1683,5700,0.02
40,4.173,86.6219,5730,0.02
40,4.1691,87.0754,5760,0.02
40,4.1723,87.5289,5790,0.02
40,4.1816,87.9824,5820,0.02
40,4.1838,88.4359,5850,0.02
40,4.1711,88.8894,5880,0.02
40,4.1782,89.343,5910,0.02
40,4.1776,89.7965,5940,0.02
40,4.1851,90.25,5970,0.02
41,3.0121,0.0,0,0.02
41,3.0433,0.4523,30,0.02
41,3.0577,0.9045,60,0.02
41,3.0999,1.3568,90,0.02
41,3.1121,1.809,120,0.02
41,3.1607,2.2613,150,0.02
41,3.1775,2.7136,180,0.02
41,3.1898,3.1658,210,0.02
41,3.1981,3.6181,240,0.02
41,3.2146,4.0704,270,0.02
41,3.2065,4.5226,300,0.02
41,3.2405,4.9749,330,0.02
41,3.2258,5.4271,360,0.02
41,3.2562,5.8794,390,0.02
41,3.2564,6.3317,420,0.02
41,3.2884,6.7839,450,0.02
41,3.2856,7.2362,480,0.02
41,3.3312,7.6884,510,0.02
41,3.3506,8.1407,540,0.02
41,3.3884,8.593,570,0.02
41,3.4058,9.0452,600,0.02
41,3.4277,9.4975,630,0.02
41,3.4527,9.9497,660,0.02
41,3.4812,10.402,690,0.02
41,3.4741,10.8543,720,0.02
41,3.4839,11.3065,750,0.02
41,3.4897,11.7588,780,0.02
41,3.5175,12.2111,810,0.02
41,3.5113,12.6633,840,0.02
41,3.5383,13.1156,870,0.02
41,3.5155,13.5678,900,0.02
41,3.5344,14.0201,930,0.02
41,3.5468,14.4724,960,0.02
41,3.5658,14.9246,990,0.02
41,3.5783,15.3769,1020,0.02
41,3.5639,15.8291,1050,0.02
41,3.6146,16.2814,1080,0.02
41,3.6233,16.7337,1110,0.02
41,3.6498,17.1859,1140,0.02
41,3.6452,17.6382,1170,0.02
41,3.668,18.0905,1200,0.02
41,3.7111,18.5427,1230,0.02
41,3.7062,18.995,1260,0.02
41,3.7227,19.4472,1290,0.02
41,3.717,19.8995,1320,0.02
41,3.7497,20.3518,1350,0.02
41,3.7432,20.804,1380,0.02
41,3.7534,21.2563,1410,0.02
41,3.7354,21.7085,1440,0.02
41,3.7219,22.1608,1470,0.02
41,3.7396,22.6131,1500,0.02
41,3.725,23.0653,1530,0.02
41,3.7619,23.5176,1560,0.02
41,3.775,23.9698,1590,0.02
41,3.7654,24.4221,1620,0.02
41,3.7855,24.8744,1650,0.02
41,3.8156,25.3266,1680,0.02
41,3.8398,25.7789,1710,0.02
41,3.8598,26.2312,1740,0.02
41,3.8354,26.6834,1770,0.02
41,3.8778,27.1357,1800,0.02
41,3.8608,27.5879,1830,0.02
41,3.897,28.0402,1860,0.02
41,3.9058,28.4925,1890,0.02
41,3.8813,28.9447,1920,0.02
41,3.8987,29.397,1950,0.02
41,3.8812,29.8492,1980,0.02
41,3.882,30.3015,2010,0.02
41,3.8697,30.7538,2040,0.02
41,3.8852,31.206,2070,0.02
41,3.886,31.6583,2100,0.02
41,3.8632,32.1106,2130,0.02
41,3.8799,32.5628,2160,0.02
41,3.9023,33.0151,2190,0.02
41,3.8994,33.4673,2220,0.02
41,3.9118,33.9196,2250,0.02
41,3.95,34.3719,2280,0.02
41,3.9712,34.8241,2310,0.02
41,3.9924,35.2764,2340,0.02
41,3.9963,35.7286,2370,0.02
41,3.9767,36.1809,2400,0.02
41,3.9951,36.6332,2430,0.02
41,3.9958,37.0854,2460,0.02
41,4.0103,37.5377,2490,0.02
41,4.0054,37.9899,2520,0.02
41,3.996,38.4422,2550,0.02
41,3.9935,38.8945,2580,0.02
41,3.9731,39.3467,2610,0.02
41,3.967,39.799,2640,0.02
41,3.9777,40.2513,2670,0.02
41,3.9902,40.7035,2700,0.02
41,3.9909,41.1558,2730,0.02
41,4.0075,41.608,2760,0.02
41,3.9921,42.0603,2790,0.02
41,4.0088,42.5126,2820,0.02
41,4.0118,42.9648,2850,0.02
41,4.0338,43.4171,2880,0.02
41,4.0648,43.8693,2910,0.02
41,4.063,44.3216,2940,0.02
41,4.0741,44.7739,2970,0.02
41,4.0624,45.2261,3000,0.02
41,4.0598,45.6784,3030,0.02
41,4.0688,46.1307,3060,0.02
41,4.0537,46.5829,3090,0.02
41,4.0512,47.0352,3120,0.02
41,4.0399,47.4874,3150,0.02
41,4.0543,47.9397,3180,0.02
41,4.0155,48.392,3210,0.02
41,4.0222,48.8442,3240,0.02
41,4.0227,49.2965,3270,0.02
41,4.0228,49.7487,3300,0.02
41,4.0563,50.201,3330,0.02
41,4.044,50.6533,3360,0.02
41,4.0614,51.1055,3390,0.02
41,4.07,51.5578,3420,0.02
41,4.0869,52.0101,3450,0.02
41,4.0943,52.4623,3480,0.02
41,4.1226,52.9146,3510,0.02
41,4.0994,53.3668,3540,0.02
41,4.1127,53.8191,3570,0.02
41,4.1081,54.2714,3600,0.02
41,4.1056,54.7236,3630,0.02
41,4.1209,55.1759,3660,0.02
41,4.0746,55.6281,3690,0.02
41,4.097,56.0804,3720,0.02
41,4.0731,56.5327,3750,0.02
41,4.0874,56.9849,3780,0.02
41,4.0756,57.4372,3810,0.02
41,4.0762,57.8894,3840,0.02
41,4.0886,58.3417,3870,0.02
41,4.1023,58.794,3900,0.02
41,4.0957,59.2462,3930,0.02
41,4.1316,59.6985,3960,0.02
41,4.1449,60.1508,3990,0.02
41,4.1245,60.603,4020,0.02
41,4.1406,61.0553,4050,0.02
41,4.1642,61.5075,4080,0.02
41,4.1612,61.9598,4110,0.02
41,4.1682,62.4121,4140,0.02
41,4.1474,62.8643,4170,0.02
41,4.1561,63.3166,4200,0.02
41,4.1411,63.7688,4230,0.02
41,4.13,64.2211,4260,0.02
41,4.112,64.6734,4290,0.02
41,4.1191,65.1256,4320,0.02
41,4.1203,65.5779,4350,0.02
41,4.1134,66.0302,4380,0.02
41,4.1224,66.4824,4410,0.02
41,4.1049,66.9347,4440,0.02
41,4.1357,67.3869,4470,0.02
41,4.1523,67.8392,4500,0.02
41,4.1394,68.2915,4530,0.02
41,4.1402,68.7437,4560,0.02
41,4.167,69.196,4590,0.02
41,4.1532,69.6482,4620,0.02
41,4.1793,70.1005,4650,0.02
41,4.1764,70.5528,4680,0.02
41,4.1776,71.005,4710,0.02
41,4.1637,71.4573,4740,0.02
41,4.169,71.9095,4770,0.02
41,4.1575,72.3618,4800,0.02
41,4.137,72.8141,4830,0.02
41,4.1502,73.2663,4860,0.02
41,4.1267,73.7186,4890,0.02
41,4.1393,74.1709,4920,0.02
41,4.1209,74.6231,4950,0.02
41,4.1339,75.0754,4980,0.02
41,4.143,75.5276,5010,0.02
41,4.152,75.9799,5040,0.02
41,4.1717,76.4322,5070,0.02
41,4.1518,76.8844,5100,0.02
41,4.1886,77.3367,5130,0.02
41,4.198,77.7889,5160,0.02
41,4.2,78.2412,5190,0.02
41,4.1913,78.6935,5220,0.02
41,4.2,79.1457,5250,0.02
41,4.1962,79.598,5280,0.02
41,4.1969,80.0503,5310,0.02
41,4.1766,80.5025,5340,0.02
41,4.1641,80.9548,5370,0.02
41,4.1415,81.407,5400,0.02
41,4.1612,81.8593,5430,0.02
41,4.1295,82.3116,5460,0.02
41,4.1461,82.7638,5490,0.02
41,4.1364,83.2161,5520,0.02
41,4.1559,83.6683,5550,0.02
41,4.1516,84.1206,5580,0.02
41,4.1417,84.5729,5610,0.02
41,4.1782,85.0251,5640,0.02
41,4.1675,85.4774,5670,0.02
41,4.1732,85.9296,5700,0.02
41,4.2,86.3819,5730,0.02
41,4.2,86.8342,5760,0.02
41,4.1923,87.2864,5790,0.02
41,4.1992,87.7387,5820,0.02
41,4.1953,88.191,5850,0.02
41,4.1768,88.6432,5880,0.02
41,4.1701,89.0955,5910,0.02
41,4.1715,89.5477,5940,0.02
41,4.168,90.0,5970,0.02
42,3.0,0.0,0,0.02
42,3.0257,0.451,30,0.02
42,3.0506,0.902,60,0.02
42,3.072,1.353,90,0.02
42,3.0861,1.804,120,0.02
42,3.1169,2.255,150,0.02
42,3.1323,2.706,180,0.02
42,3.1569,3.157,210,0.02
42,3.1722,3.608,240,0.02
42,3.1973,4.059,270,0.02
42,3.2157,4.5101,300,0.02
42,3.2316,4.9611,330,0.02
42,3.2572,5.4121,360,0.02
42,3.2687,5.8631,390,0.02
42,3.3014,6.3141,420,0.02
42,3.3117,6.7651,450,0.02
42,3.3299,7.2161,480,0.02
42,3.3486,7.6671,510,0.02
42,3.3568,8.1181,540,0.02
42,3.3767,8.5691,570,0.02
42,3.4046,9.0201,600,0.02
42,3.4062,9.4711,630,0.02
42,3.4349,9.9221,660,0.02
42,3.4518,10.3731,690,0.02
42,3.4555,10.8241,720,0.02
42,3.4679,11.2751,750,0.02
42,3.4856,11.7261,780,0.02
42,3.4969,12.1771,810,0.02
42,3.5201,12.6281,840,0.02
42,3.53,13.0791,870,0.02
42,3.5463,13.5302,900,0.02
42,3.5626,13.9812,930,0.02
42,3.562,14.4322,960,0.02
42,3.5782,14.8832,990,0.02
42,3.5876,15.3342,1020,0.02
42,3.6126,15.7852,1050,0.02
42,3.6204,16.2362,1080,0.02
42,3.6257,16.6872,1110,0.02
42,3.6336,17.1382,1140,0.02
42,3.6561,17.5892,1170,0.02
42,3.6701,18.0402,1200,0.02
42,3.6755,18.4912,1230,0.02
42,3.6921,18.9422,1260,0.02
42,3.6953,19.3932,1290,0.02
42,3.7093,19.8442,1320,0.02
42,3.7208,20.2952,1350,0.02
42,3.7164,20.7462,1380,0.02
42,3.7406,21.1972,1410,0.02
42,3.7385,21.6482,1440,0.02
42,3.7542,22.0992,1470,0.02
42,3.7656,22.5503,1500,0.02
42,3.7715,23.0013,1530,0.02
42,3.7745,23.4523,1560,0.02
42,3.7864,23.9033,1590,0.02
42,3.8,24.3543,1620,0.02
42,3.8094,24.8053,1650,0.02
42,3.8169,25.2563,1680,0.02
42,3.8254,25.7073,1710,0.02
42,3.8337,26.1583,1740,0.02
42,3.8361,26.6093,1770,0.02
42,3.8364,27.0603,1800,0.02
42,3.8414,27.5113,1830,0.02
42,3.8497,27.9623,1860,0.02
42,3.8584,28.4133,1890,0.02
42,3.8697,28.8643,1920,0.02
42,3.8736,29.3153,1950,0.02
42,3.8747,29.7663,1980,0.02
42,3.8882,30.2173,2010,0.02
42,3.8999,30.6683,2040,0.02
42,3.8978,31.1193,2070,0.02
42,3.8991,31.5704,2100,0.02
42,3.9074,32.0214,2130,0.02
42,3.9191,32.4724,2160,0.02
42,3.9189,32.9234,2190,0.02
42,3.9216,33.3744,2220,0.02
42,3.9355,33.8254,2250,0.02
42,3.9322,34.2764,2280,0.02
42,3.9515,34.7274,2310,0.02
42,3.9491,35.1784,2340,0.02
42,3.9493,35.6294,2370,0.02
42,3.9535,36.0804,2400,0.02
42,3.9578,36.5314,2430,0.02
42,3.9625,36.9824,2460,0.02
42,3.9688,37.4334,2490,0.02
42,3.974,37.8844,2520,0.02
42,3.9843,38.3354,2550,0.02
42,3.98,38.7864,2580,0.02
42,3.9972,39.2374,2610,0.02
42,3.9967,39.6884,2640,0.02
42,3.994,40.1394,2670,0.02
42,4.0092,40.5905,2700,0.02
42,4.0063,41.0415,2730,0.02
42,4.0165,41.4925,2760,0.02
42,4.0087,41.9435,2790,0.02
42,4.0169,42.3945,2820,0.02
42,4.0145,42.8455,2850,0.02
42,4.026,43.2965,2880,0.02
42,4.0338,43.7475,2910,0.02
42,4.0365,44.1985,2940,0.02
42,4.0406,44.6495,2970,0.02
42,4.0341,45.1005,3000,0.02
42,4.0372,45.5515,3030,0.02
42,4.0446,46.0025,3060,0.02
42,4.0436,46.4535,3090,0.02
42,4.0596,46.9045,3120,0.02
42,4.055,47.3555,3150,0.02
42,4.0563,47.8065,3180,0.02
42,4.0646,48.2575,3210,0.02
42,4.0641,48.7085,3240,0.02
42,4.0699,49.1595,3270,0.02
42,4.0674,49.6106,3300,0.02
42,4.0707,50.0616,3330,0.02
42,4.075,50.5126,3360,0.02
42,4.0731,50.9636,3390,0.02
42,4.085,51.4146,3420,0.02
42,4.0762,51.8656,3450,0.02
42,4.0767,52.3166,3480,0.02
42,4.0899,52.7676,3510,0.02
42,4.0908,53.2186,3540,0.02
42,4.092,53.6696,3570,0.02
42,4.0972,54.1206,3600,0.02
42,4.101,54.5716,3630,0.02
42,4.0975,55.0226,3660,0.02
42,4.1021,55.4736,3690,0.02
42,4.1043,55.9246,3720,0.02
42,4.0981,56.3756,3750,0.02
42,4.1078,56.8266,3780,0.02
42,4.1046,57.2776,3810,0.02
42,4.1057,57.7286,3840,0.02
42,4.113,58.1796,3870,0.02
42,4.1134,58.6307,3900,0.02
42,4.1062,59.0817,3930,0.02
42,4.1197,59.5327,3960,0.02
42,4.1241,59.9837,3990,0.02
42,4.1161,60.4347,4020,0.02
42,4.1204,60.8857,4050,0.02
42,4.1279,61.3367,4080,0.02
42,4.1247,61.7877,4110,0.02
42,4.127,62.2387,4140,0.02
42,4.1307,62.6897,4170,0.02
42,4.1233,63.1407,4200,0.02
42,4.1286,63.5917,4230,0.02
42,4.1243,64.0427,4260,0.02
42,4.1366,64.4937,4290,0.02
42,4.1343,64.9447,4320,0.02
42,4.1332,65.3957,4350,0.02
42,4.1396,65.8467,4380,0.02
42,4.1357,66.2977,4410,0.02
42,4.1428,66.7487,4440,0.02
42,4.1331,67.1997,4470,0.02
42,4.1336,67.6508,4500,0.02
42,4.1486,68.1018,4530,0.02
42,4.1373,68.5528,4560,0.02
42,4.1435,69.0038,4590,0.02
42,4.1462,69.4548,4620,0.02
42,4.1404,69.9058,4650,0.02
42,4.1503,70.3568,4680,0.02
42,4.1491,70.8078,4710,0.02
42,4.1447,71.2588,4740,0.02
42,4.1468,71.7098,4770,0.02
42,4.1521,72.1608,4800,0.02
42,4.157,72.6118,4830,0.02
42,4.1604,73.0628,4860,0.02
42,4.1614,73.5138,4890,0.02
42,4.1527,73.9648,4920,0.02
42,4.1485,74.4158,4950,0.02
42,4.1513,74.8668,4980,0.02
42,4.1502,75.3178,5010,0.02
42,4.1579,75.7688,5040,0.02
42,4.1535,76.2198,5070,0.02
42,4.1611,76.6709,5100,0.02
42,4.1662,77.1219,5130,0.02
42,4.1591,77.5729,5160,0.02
42,4.1697,78.0239,5190,0.02
42,4.162,78.4749,5220,0.02
42,4.1696,78.9259,5250,0.02
42,4.1724,79.3769,5280,0.02
42,4.168,79.8279,5310,0.02
42,4.1738,80.2789,5340,0.02
42,4.1606,80.7299,5370,0.02
42,4.1733,81.1809,5400,0.02
42,4.1762,81.6319,5430,0.02
42,4.1677,82.0829,5460,0.02
42,4.167,82.5339,5490,0.02
42,4.1694,82.9849,5520,0.02
42,4.1641,83.4359,5550,0.02
42,4.1676,83.8869,5580,0.02
42,4.1652,84.3379,5610,0.02
42,4.1792,84.7889,5640,0.02
42,4.1665,85.2399,5670,0.02
42,4.1749,85.691,5700,0.02
42,4.1682,86.142,5730,0.02
42,4.1768,86.593,5760,0.02
42,4.169,87.044,5790,0.02
42,4.1699,87.495,5820,0.02
42,4.1746,87.946,5850,0.02
42,4.1795,88.397,5880,0.02
42,4.1725,88.848,5910,0.02
42,4.1831,89.299,5940,0.02
42,4.1804,89.75,5970,0.02
43,3.0037,0.0,0,0.02
43,3.026,0.4497,30,0.02
43,3.0406,0.8995,60,0.02
43,3.0698,1.3492,90,0.02
43,3.0929,1.799,120,0.02
43,3.1214,2.2487,150,0.02
43,3.1362,2.6985,180,0.02
43,3.1606,3.1482,210,0.02
43,3.1853,3.598,240,0.02
43,3.2051,4.0477,270,0.02
43,3.2147,4.4975,300,0.02
43,3.2447,4.9472,330,0.02
43,3.2546,5.397,360,0.02
43,3.2774,5.8467,390,0.02
43,3.2997,6.2965,420,0.02
43,3.3091,6.7462,450,0.02
43,3.3258,7.196,480,0.02
43,3.3438,7.6457,510,0.02
43,3.3571,8.0955,540,0.02
43,3.3873,8.5452,570,0.02
43,3.3951,8.995,600,0.02
43,3.4063,9.4447,630,0.02
43,3.4212,9.8945,660,0.02
43,3.4468,10.3442,690,0.02
43,3.4569,10.794,720,0.02
43,3.4813,11.2437,750,0.02
43,3.4924,11.6935,780,0.02
43,3.5083,12.1432,810,0.02
43,3.524,12.593,840,0.02
43,3.5325,13.0427,870,0.02
43,3.5369,13.4925,900,0.02
43,3.5613,13.9422,930,0.02
43,3.5682,14.392,960,0.02
43,3.5765,14.8417,990,0.02
43,3.5872,15.2915,1020,0.02
43,3.6112,15.7412,1050,0.02
43,3.6168,16.191,1080,0.02
43,3.6345,16.6407,1110,0.02
43,3.6402,17.0905,1140,0.02
43,3.6581,17.5402,1170,0.02
43,3.6571,17.9899,1200,0.02
43,3.6795,18.4397,1230,0.02
43,3.6769,18.8894,1260,0.02
43,3.6867,19.3392,1290,0.02
43,3.7085,19.7889,1320,0.02
43,3.7078,20.2387,1350,0.02
43,3.717,20.6884,1380,0.02
43,3.7302,21.1382,1410,0.02
43,3.7458,21.5879,1440,0.02
43,3.753,22.0377,1470,0.02
43,3.756,22.4874,1500,0.02
43,3.764,22.9372,1530,0.02
43,3.7794,23.3869,1560,0.02
43,3.7874,23.8367,1590,0.02
43,3.7997,24.2864,1620,0.02
43,3.8032,24.7362,1650,0.02
43,3.8043,25.1859,1680,0.02
43,3.825,25.6357,1710,0.02
43,3.8221,26.0854,1740,0.02
43,3.836,26.5352,1770,0.02
43,3.8378,26.9849,1800,0.02
43,3.8465,27.4347,1830,0.02
43,3.8536,27.8844,1860,0.02
43,3.8622,28.3342,1890,0.02
43,3.8682,28.7839,1920,0.02
43,3.8784,29.2337,1950,0.02
43,3.8881,29.6834,1980,0.02
43,3.8878,30.1332,2010,0.02
43,3.8938,30.5829,2040,0.02
43,3.896,31.0327,2070,0.02
43,3.9117,31.4824,2100,0.02
43,3.9171,31.9322,2130,0.02
43,3.9127,32.3819,2160,0.02
43,3.9268,32.8317,2190,0.02
43,3.927,33.2814,2220,0.02
43,3.9421,33.7312,2250,0.02
43,3.9442,34.1809,2280,0.02
43,3.942,34.6307,2310,0.02
43,3.9436,35.0804,2340,0.02
43,3.9519,35.5302,2370,0.02
43,3.9646,35.9799,2400,0.02
43,3.9648,36.4296,2430,0.02
43,3.9726,36.8794,2460,0.02
43,3.9807,37.3291,2490,0.02
43,3.9832,37.7789,2520,0.02
43,3.9848,38.2286,2550,0.02
43,3.9807,38.6784,2580,0.02
43,3.9851,39.1281,2610,0.02
43,3.9982,39.5779,2640,0.02
43,4.0068,40.0276,2670,0.02
43,4.0038,40.4774,2700,0.02
43,4.0142,40.9271,2730,0.02
43,4.0098,41.3769,2760,0.02
43,4.011,41.8266,2790,0.02
43,4.0127,42.2764,2820,0.02
43,4.0302,42.7261,2850,0.02
43,4.0296,43.1759,2880,0.02
43,4.0327,43.6256,2910,0.02
43,4.0391,44.0754,2940,0.02
43,4.0287,44.5251,2970,0.02
43,4.0364,44.9749,3000,0.02
43,4.0359,45.4246,3030,0.02
43,4.0496,45.8744,3060,0.02
43,4.0546,46.3241,3090,0.02
43,4.0466,46.7739,3120,0.02
43,4.0466,47.2236,3150,0.02
43,4.0617,47.6734,3180,0.02
43,4.0599,48.1231,3210,0.02
43,4.0698,48.5729,3240,0.02
43,4.0688,49.0226,3270,0.02
43,4.0634,49.4724,3300,0.02
43,4.0708,49.9221,3330,0.02
43,4.0787,50.3719,3360,0.02
43,4.0737,50.8216,3390,0.02
43,4.0753,51.2714,3420,0.02
43,4.0852,51.7211,3450,0.02
43,4.0806,52.1709,3480,0.02
43,4.0881,52.6206,3510,0.02
43,4.0899,53.0704,3540,0.02
43,4.0963,53.5201,3570,0.02
43,4.0992,53.9698,3600,0.02
43,4.0886,54.4196,3630,0.02
43,4.0894,54.8693,3660,0.02
43,4.0999,55.3191,3690,0.02
43,4.1,55.7688,3720,0.02
43,4.101,56.2186,3750,0.02
43,4.1,56.6683,3780,0.02
43,4.1006,57.1181,3810,0.02
43,4.107,57.5678,3840,0.02
43,4.1169,58.0176,3870,0.02
43,4.1044,58.4673,3900,0.02
43,4.1063,58.9171,3930,0.02
43,4.1082,59.3668,3960,0.02
43,4.1102,59.8166,3990,0.02
43,4.1225,60.2663,4020,0.02
43,4.1209,60.7161,4050,0.02
43,4.1292,61.1658,4080,0.02
43,4.1257,61.6156,4110,0.02
43,4.1207,62.0653,4140,0.02
43,4.1336,62.5151,4170,0.02
43,4.1355,62.9648,4200,0.02
43,4.1242,63.4146,4230,0.02
43,4.1338,63.8643,4260,0.02
43,4.1314,64.3141,4290,0.02
43,4.1357,64.7638,4320,0.02
43,4.1314,65.2136,4350,0.02
43,4.129,65.6633,4380,0.02
43,4.1444,66.1131,4410,0.02
43,4.1413,66.5628,4440,0.02
43,4.1337,67.0126,4470,0.02
43,4.1349,67.4623,4500,0.02
43,4.1426,67.9121,4530,0.02
43,4.1488,68.3618,4560,0.02
43,4.1393,68.8116,4590,0.02
43,4.1456,69.2613,4620,0.02
43,4.147,69.7111,4650,0.02
43,4.1558,70.1608,4680,0.02
43,4.1414,70.6106,4710,0.02
43,4.1474,71.0603,4740,0.02
43,4.1556,71.5101,4770,0.02
43,4.1533,71.9598,4800,0.02
43,4.1607,72.4095,4830,0.02
43,4.1551,72.8593,4860,0.02
43,4.1515,73.309,4890,0.02
43,4.1497,73.7588,4920,0.02
43,4.1616,74.2085,4950,0.02
43,4.1621,74.6583,4980,0.02
43,4.1636,75.108,5010,0.02
43,4.1527,75.5578,5040,0.02
43,4.1616,76.0075,5070,0.02
43,4.1661,76.4573,5100,0.02
43,4.1625,76.907,5130,0.02
43,4.1559,77.3568,5160,0.02
43,4.1589,77.8065,5190,0.02
43,4.1653,78.2563,5220,0.02
43,4.1652,78.706,5250,0.02
43,4.1654,79.1558,5280,0.02
43,4.1637,79.6055,5310,0.02
43,4.1685,80.0553,5340,0.02
43,4.1685,80.505,5370,0.02
43,4.1604,80.9548,5400,0.02
43,4.1686,81.4045,5430,0.02
43,4.1743,81.8543,5460,0.02
43,4.1694,82.304,5490,0.02
43,4.1734,82.7538,5520,0.02
43,4.1787,83.2035,5550,0.02
43,4.1652,83.6533,5580,0.02
43,4.1787,84.103,5610,0.02
43,4.1696,84.5528,5640,0.02
43,4.1712,85.0025,5670,0.02
43,4.1792,85.4523,5700,0.02
43,4.1698,85.902,5730,0.02
43,4.1711,86.3518,5760,0.02
43,4.1807,86.8015,5790,0.02
43,4.1702,87.2513,5820,0.02
43,4.1757,87.701,5850,0.02
43,4.1715,88.1508,5880,0.02
43,4.1837,88.6005,5910,0.02
43,4.1815,89.0503,5940,0.02
43,4.1721,89.5,5970,0.02
44,3.0048,0.0,0,0.02
44,3.0231,0.4485,30,0.02
44,3.0424,0.897,60,0.02
44,3.0764,1.3455,90,0.02
44,3.0871,1.794,120,0.02
44,3.1214,2.2425,150,0.02
44,3.1284,2.691,180,0.02
44,3.1496,3.1394,210,0.02
44,3.1778,3.5879,240,0.02
44,3.1994,4.0364,270,0.02
44,3.2151,4.4849,300,0.02
44,3.2303,4.9334,330,0.02
44,3.2569,5.3819,360,0.02
44,3.2724,5.8304,390,0.02
44,3.2987,6.2789,420,0.02
44,3.3129,6.7274,450,0.02
44,3.33,7.1759,480,0.02
44,3.3517,7.6244,510,0.02
44,3.3666,8.0729,540,0.02
44,3.3846,8.5214,570,0.02
44,3.3947,8.9698,600,0.02
44,3.4129,9.4183,630,0.02
44,3.4338,9.8668,660,0.02
44,3.4424,10.3153,690,0.02
44,3.4623,10.7638,720,0.02
44,3.4768,11.2123,750,0.02
44,3.4958,11.6608,780,0.02
44,3.4992,12.1093,810,0.02
44,3.5167,12.5578,840,0.02
44,3.5323,13.0063,870,0.02
44,3.5371,13.4548,900,0.02
44,3.5527,13.9033,930,0.02
44,3.5664,14.3518,960,0.02
44,3.5808,14.8003,990,0.02
44,3.5867,15.2487,1020,0.02
44,3.6083,15.6972,1050,0.02
44,3.6252,16.1457,1080,0.02
44,3.6364,16.5942,1110,0.02
44,3.645,17.0427,1140,0.02
44,3.6564,17.4912,1170,0.02
44,3.6671,17.9397,1200,0.02
44,3.6794,18.3882,1230,0.02
44,3.6892,18.8367,1260,0.02
44,3.6988,19.2852,1290,0.02
44,3.7104,19.7337,1320,0.02
44,3.7168,20.1822,1350,0.02
44,3.7298,20.6307,1380,0.02
44,3.7256,21.0791,1410,0.02
44,3.7397,21.5276,1440,0.02
44,3.7561,21.9761,1470,0.02
44,3.7568,22.4246,1500,0.02
44,3.7674,22.8731,1530,0.02
44,3.7721,23.3216,1560,0.02
44,3.7834,23.7701,1590,0.02
44,3.7941,24.2186,1620,0.02
44,3.8054,24.6671,1650,0.02
44,3.816,25.1156,1680,0.02
44,3.82,25.5641,1710,0.02
44,3.8323,26.0126,1740,0.02
44,3.8318,26.4611,1770,0.02
44,3.8379,26.9095,1800,0.02
44,3.8517,27.358,1830,0.02
44,3.8606,27.8065,1860,0.02
44,3.8691,28.255,1890,0.02
44,3.8734,28.7035,1920,0.02
44,3.8726,29.152,1950,0.02
44,3.8774,29.6005,1980,0.02
44,3.8859,30.049,2010,0.02
44,3.8879,30.4975,2040,0.02
44,3.8988,30.946,2070,0.02
44,3.9025,31.3945,2100,0.02
44,3.9151,31.843,2130,0.02
44,3.9206,32.2915,2160,0.02
44,3.9177,32.7399,2190,0.02
44,3.9234,33.1884,2220,0.02
44,3.9295,33.6369,2250,0.02
44,3.9442,34.0854,2280,0.02
44,3.9405,34.5339,2310,0.02
44,3.9475,34.9824,2340,0.02
44,3.9493,35.4309,2370,0.02
44,3.954,35.8794,2400,0.02
44,3.9594,36.3279,2430,0.02
44,3.9761,36.7764,2460,0.02
44,3.9726,37.2249,2490,0.02
44,3.9732,37.6734,2520,0.02
44,3.9783,38.1219,2550,0.02
44,3.9924,38.5704,2580,0.02
44,3.9872,39.0188,2610,0.02
44,3.995,39.4673,2640,0.02
44,4.0057,39.9158,2670,0.02
44,3.9972,40.3643,2700,0.02
44,4.0016,40.8128,2730,0.02
44,4.0094,41.2613,2760,0.02
44,4.0143,41.7098,2790,0.02
44,4.0266,42.1583,2820,0.02
44,4.0151,42.6068,2850,0.02
44,4.0308,43.0553,2880,0.02
44,4.0238,43.5038,2910,0.02
44,4.0254,43.9523,2940,0.02
44,4.0349,44.4008,2970,0.02
44,4.0463,44.8492,3000,0.02
44,4.045,45.2977,3030,0.02
44,4.051,45.7462,3060,0.02
44,4.0566,46.1947,3090,0.02
44,4.0486,46.6432,3120,0.02
44,4.0547,47.0917,3150,0.02
44,4.0531,47.5402,3180,0.02
44,4.0584,47.9887,3210,0.02
44,4.0644,48.4372,3240,0.02
44,4.0655,48.8857,3270,0.02
44,4.0615,49.3342,3300,0.02
44,4.074,49.7827,3330,0.02
44,4.0776,50.2312,3360,0.02
44,4.0796,50.6796,3390,0.02
44,4.0788,51.1281,3420,0.02
44,4.0797,51.5766,3450,0.02
44,4.0764,52.0251,3480,0.02
44,4.0867,52.4736,3510,0.02
44,4.0825,52.9221,3540,0.02
44,4.0895,53.3706,3570,0.02
44,4.0951,53.8191,3600,0.02
44,4.0873,54.2676,3630,0.02
44,4.095,54.7161,3660,0.02
44,4.0925,55.1646,3690,0.02
44,4.0956,55.6131,3720,0.02
44,4.1068,56.0616,3750,0.02
44,4.1046,56.5101,3780,0.02
44,4.105,56.9585,3810,0.02
44,4.1037,57.407,3840,0.02
44,4.1097,57.8555,3870,0.02
44,4.1101,58.304,3900,0.02
44,4.1145,58.7525,3930,0.02
44,4.1128,59.201,3960,0.02
44,4.1098,59.6495,3990,0.02
44,4.1265,60.098,4020,0.02
44,4.115,60.5465,4050,0.02
44,4.1254,60.995,4080,0.02
44,4.118,61.4435,4110,0.02
44,4.1225,61.892,4140,0.02
44,4.1275,62.3405,4170,0.02
44,4.128,62.7889,4200,0.02
44,4.1302,63.2374,4230,0.02
44,4.1245,63.6859,4260,0.02
44,4.1336,64.1344,4290,0.02
44,4.1296,64.5829,4320,0.02
44,4.1284,65.0314,4350,0.02
44,4.1354,65.4799,4380,0.02
44,4.1454,65.9284,4410,0.02
44,4.1374,66.3769,4440,0.02
44,4.1385,66.8254,4470,0.02
44,4.1381,67.2739,4500,0.02
44,4.1503,67.7224,4530,0.02
44,4.1399,68.1709,4560,0.02
44,4.1441,68.6193,4590,0.02
44,4.1379,69.0678,4620,0.02
44,4.1498,69.5163,4650,0.02
44,4.142,69.9648,4680,0.02
44,4.1544,70.4133,4710,0.02
44,4.1556,70.8618,4740,0.02
44,4.1557,71.3103,4770,0.02
44,4.147,71.7588,4800,0.02
44,4.1496,72.2073,4830,0.02
44,4.1604,72.6558,4860,0.02
44,4.1519,73.1043,4890,0.02
44,4.155,73.5528,4920,0.02
44,4.1508,74.0013,4950,0.02
44,4.1619,74.4497,4980,0.02
44,4.1609,74.8982,5010,0.02
44,4.153,75.3467,5040,0.02
44,4.1594,75.7952,5070,0.02
44,4.1542,76.2437,5100,0.02
44,4.1606,76.6922,5130,0.02
44,4.1558,77.1407,5160,0.02
44,4.164,77.5892,5190,0.02
44,4.1645,78.0377,5220,0.02
44,4.1644,78.4862,5250,0.02
44,4.1602,78.9347,5280,0.02
44,4.1695,79.3832,5310,0.02
44,4.1724,79.8317,5340,0.02
44,4.1618,80.2802,5370,0.02
44,4.1675,80.7286,5400,0.02
44,4.1637,81.1771,5430,0.02
44,4.1705,81.6256,5460,0.02
44,4.174,82.0741,5490,0.02
44,4.1779,82.5226,5520,0.02
44,4.1706,82.9711,5550,0.02
44,4.1657,83.4196,5580,0.02
44,4.1732,83.8681,5610,0.02
44,4.1784,84.3166,5640,0.02
44,4.1678,84.7651,5670,0.02
44,4.1727,85.2136,5700,0.02
44,4.1708,85.6621,5730,0.02
44,4.1753,86.1106,5760,0.02
44,4.1735,86.559,5790,0.02
44,4.169,87.0075,5820,0.02
44,4.182,87.456,5850,0.02
44,4.1716,87.9045,5880,0.02
44,4.1814,88.353,5910,0.02
44,4.1832,88.8015,5940,0.02
44,4.1708,89.25,5970,0.02
45,3.0032,0.0,0,0.02
45,3.0247,0.4472,30,0.02
45,3.0471,0.8945,60,0.02
45,3.071,1.3417,90,0.02
45,3.0943,1.7889,120,0.02
45,3.1226,2.2362,150,0.02
45,3.1435,2.6834,180,0.02
45,3.1654,3.1307,210,0.02
45,3.1723,3.5779,240,0.02
45,3.196,4.0251,270,0.02
45,3.2168,4.4724,300,0.02
45,3.2352,4.9196,330,0.02
45,3.2565,5.3668,360,0.02
45,3.2721,5.8141,390,0.02
45,3.3002,6.2613,420,0.02
45,3.3066,6.7085,450,0.02
45,3.3264,7.1558,480,0.02
45,3.3506,7.603,510,0.02
45,3.3673,8.0503,540,0.02
45,3.3806,8.4975,570,0.02
45,3.3903,8.9447,600,0.02
45,3.4163,9.392,630,0.02
45,3.4292,9.8392,660,0.02
45,3.4379,10.2864,690,0.02
45,3.4575,10.7337,720,0.02
45,3.4687,11.1809,750,0.02
45,3.4855,11.6281,780,0.02
45,3.5034,12.0754,810,0.02
45,3.5139,12.5226,840,0.02
45,3.53,12.9698,870,0.02
45,3.5452,13.4171,900,0.02
45,3.5627,13.8643,930,0.02
45,3.5734,14.3116,960,0.02
45,3.5773,14.7588,990,0.02
45,3.5975,15.206,1020,0.02
45,3.5997,15.6533,1050,0.02
45,3.6164,16.1005,1080,0.02
45,3.6275,16.5477,1110,0.02
45,3.6347,16.995,1140,0.02
45,3.6493,17.4422,1170,0.02
45,3.6662,17.8894,1200,0.02
45,3.6798,18.3367,1230,0.02
45,3.6814,18.7839,1260,0.02
45,3.6999,19.2312,1290,0.02
45,3.7054,19.6784,1320,0.02
45,3.7082,20.1256,1350,0.02
45,3.7214,20.5729,1380,0.02
45,3.7332,21.0201,1410,0.02
45,3.7357,21.4673,1440,0.02
45,3.7591,21.9146,1470,0.02
45,3.765,22.3618,1500,0.02
45,3.7616,22.809,1530,0.02
45,3.7849,23.2563,1560,0.02
45,3.788,23.7035,1590,0.02
45,3.8012,24.1508,1620,0.02
45,3.8074,24.598,1650,0.02
45,3.8048,25.0452,1680,0.02
45,3.8185,25.4925,1710,0.02
45,3.828,25.9397,1740,0.02
45,3.835,26.3869,1770,0.02
45,3.8374,26.8342,1800,0.02
45,3.8421,27.2814,1830,0.02
45,3.8613,27.7286,1860,0.02
45,3.8589,28.1759,1890,0.02
45,3.8731,28.6231,1920,0.02
45,3.8777,29.0704,1950,0.02
45,3.8812,29.5176,1980,0.02
45,3.8892,29.9648,2010,0.02
45,3.9007,30.4121,2040,0.02
45,3.9042,30.8593,2070,0.02
45,3.906,31.3065,2100,0.02
45,3.9057,31.7538,2130,0.02
45,3.918,32.201,2160,0.02
45,3.9277,32.6482,2190,0.02
45,3.9321,33.0955,2220,0.02
45,3.9387,33.5427,2250,0.02
45,3.9468,33.9899,2280,0.02
45,3.9409,34.4372,2310,0.02
45,3.9418,34.8844,2340,0.02
45,3.9606,35.3317,2370,0.02
45,3.9581,35.7789,2400,0.02
45,3.9609,36.2261,2430,0.02
45,3.9759,36.6734,2460,0.02
45,3.978,37.1206,2490,0.02
45,3.9703,37.5678,2520,0.02
45,3.9778,38.0151,2550,0.02
45,3.9899,38.4623,2580,0.02
45,3.9981,38.9095,2610,0.02
45,3.9918,39.3568,2640,0.02
45,3.9972,39.804,2670,0.02
45,3.9968,40.2513,2700,0.02
45,4.0028,40.6985,2730,0.02
45,4.0059,41.1457,2760,0.02
45,4.0077,41.593,2790,0.02
45,4.0187,42.0402,2820,0.02
45,4.0206,42.4874,2850,0.02
45,4.0225,42.9347,2880,0.02
45,4.0274,43.3819,2910,0.02
45,4.04,43.8291,2940,0.02
45,4.0302,44.2764,2970,0.02
45,4.047,44.7236,3000,0.02
45,4.038,45.1709,3030,0.02
45,4.0487,45.6181,3060,0.02
45,4.0458,46.0653,3090,0.02
45,4.0582,46.5126,3120,0.02
45,4.0623,46.9598,3150,0.02
45,4.0557,47.407,3180,0.02
45,4.0619,47.8543,3210,0.02
45,4.0577,48.3015,3240,0.02
45,4.0655,48.7487,3270,0.02
45,4.0672,49.196,3300,0.02
45,4.0771,49.6432,3330,0.02
45,4.0686,50.0905,3360,0.02
45,4.0738,50.5377,3390,0.02
45,4.083,50.9849,3420,0.02
45,4.0849,51.4322,3450,0.02
45,4.0772,51.8794,3480,0.02
45,4.083,52.3266,3510,0.02
45,4.0815,52.7739,3540,0.02
45,4.0891,53.2211,3570,0.02
45,4.0902,53.6683,3600,0.02
45,4.088,54.1156,3630,0.02
45,4.0997,54.5628,3660,0.02
45,4.0987,55.0101,3690,0.02
45,4.1059,55.4573,3720,0.02
45,4.1041,55.9045,3750,0.02
45,4.1014,56.3518,3780,0.02
45,4.107,56.799,3810,0.02
45,4.102,57.2462,3840,0.02
45,4.11,57.6935,3870,0.02
45,4.1086,58.1407,3900,0.02
45,4.1118,58.5879,3930,0.02
45,4.1081,59.0352,3960,0.02
45,4.1147,59.4824,3990,0.02
45,4.115,59.9296,4020,0.02
45,4.1251,60.3769,4050,0.02
45,4.1237,60.8241,4080,0.02
45,4.1195,61.2714,4110,0.02
45,4.1218,61.7186,4140,0.02
45,4.1311,62.1658,4170,0.02
45,4.1261,62.6131,4200,0.02
45,4.1291,63.0603,4230,0.02
45,4.1329,63.5075,4260,0.02
45,4.1333,63.9548,4290,0.02
45,4.1412,64.402,4320,0.02
45,4.1353,64.8492,4350,0.02
45,4.1344,65.2965,4380,0.02
45,4.14,65.7437,4410,0.02
45,4.1454,66.191,4440,0.02
45,4.1369,66.6382,4470,0.02
45,4.1458,67.0854,4500,0.02
45,4.1461,67.5327,4530,0.02
45,4.1511,67.9799,4560,0.02
45,4.1448,68.4271,4590,0.02
45,4.1433,68.8744,4620,0.02
45,4.1416,69.3216,4650,0.02
45,4.1463,69.7688,4680,0.02
45,4.1542,70.2161,4710,0.02
45,4.15,70.6633,4740,0.02
45,4.1526,71.1106,4770,0.02
45,4.1566,71.5578,4800,0.02
45,4.1555,72.005,4830,0.02
45,4.1531,72.4523,4860,0.02
45,4.1554,72.8995,4890,0.02
45,4.1484,73.3467,4920,0.02
45,4.1533,73.794,4950,0.02
45,4.1569,74.2412,4980,0.02
45,4.1621,74.6884,5010,0.02
45,4.157,75.1357,5040,0.02
45,4.1548,75.5829,5070,0.02
45,4.1573,76.0302,5100,0.02
45,4.1649,76.4774,5130,0.02
45,4.1622,76.9246,5160,0.02
45,4.1589,77.3719,5190,0.02
45,4.1572,77.8191,5220,0.02
45,4.1691,78.2663,5250,0.02
45,4.1664,78.7136,5280,0.02
45,4.158,79.1608,5310,0.02
45,4.1595,79.608,5340,0.02
45,4.1655,80.0553,5370,0.02
45,4.1709,80.5025,5400,0.02
45,4.1663,80.9497,5430,0.02
45,4.1745,81.397,5460,0.02
45,4.1679,81.8442,5490,0.02
45,4.1764,82.2915,5520,0.02
45,4.1725,82.7387,5550,0.02
45,4.1651,83.1859,5580,0.02
45,4.1795,83.6332,5610,0.02
45,4.1804,84.0804,5640,0.02
45,4.167,84.5276,5670,0.02
45,4.1754,84.9749,5700,0.02
45,4.1714,85.4221,5730,0.02
45,4.1718,85.8693,5760,0.02
45,4.1774,86.3166,5790,0.02
45,4.172,86.7638,5820,0.02
45,4.1792,87.2111,5850,0.02
45,4.1838,87.6583,5880,0.02
45,4.1733,88.1055,5910,0.02
45,4.1763,88.5528,5940,0.02
45,4.1705,89.0,5970,0.02
46,3.0049,0.0,0,0.02
46,3.0198,0.446,30,0.02
46,3.0398,0.892,60,0.02
46,3.0738,1.3379,90,0.02
46,3.092,1.7839,120,0.02
46,3.1079,2.2299,150,0.02
46,3.138,2.6759,180,0.02
46,3.1573,3.1219,210,0.02
46,3.1781,3.5678,240,0.02
46,3.1943,4.0138,270,0.02
46,3.2127,4.4598,300,0.02
46,3.2418,4.9058,330,0.02
46,3.2611,5.3518,360,0.02
46,3.2794,5.7977,390,0.02
46,3.2893,6.2437,420,0.02
46,3.3134,6.6897,450,0.02
46,3.3373,7.1357,480,0.02
46,3.3469,7.5817,510,0.02
46,3.3712,8.0276,540,0.02
46,3.388,8.4736,570,0.02
46,3.3942,8.9196,600,0.02
46,3.4055,9.3656,630,0.02
46,3.4312,9.8116,660,0.02
46,3.4377,10.2575,690,0.02
46,3.4534,10.7035,720,0.02
46,3.4782,11.1495,750,0.02
46,3.4928,11.5955,780,0.02
46,3.5072,12.0415,810,0.02
46,3.5172,12.4874,840,0.02
46,3.5245,12.9334,870,0.02
46,3.5507,13.3794,900,0.02
46,3.5628,13.8254,930,0.02
46,3.5744,14.2714,960,0.02
46,3.5764,14.7173,990,0.02
46,3.5993,15.1633,1020,0.02
46,3.6136,15.6093,1050,0.02
46,3.6173,16.0553,1080,0.02
46,3.6259,16.5013,1110,0.02
46,3.6362,16.9472,1140,0.02
46,3.6506,17.3932,1170,0.02
46,3.6705,17.8392,1200,0.02
46,3.6754,18.2852,1230,0.02
46,3.6774,18.7312,1260,0.02
46,3.6884,19.1771,1290,0.02
46,3.7092,19.6231,1320,0.02
46,3.7144,20.0691,1350,0.02
46,3.7207,20.5151,1380,0.02
46,3.73,20.9611,1410,0.02
46,3.7428,21.407,1440,0.02
46,3.7567,21.853,1470,0.02
46,3.7644,22.299,1500,0.02
46,3.7728,22.745,1530,0.02
46,3.7768,23.191,1560,0.02
46,3.793,23.6369,1590,0.02
46,3.8001,24.0829,1620,0.02
46,3.8008,24.5289,1650,0.02
46,3.8036,24.9749,1680,0.02
46,3.82,25.4209,1710,0.02
46,3.8326,25.8668,1740,0.02
46,3.8404,26.3128,1770,0.02
46,3.8373,26.7588,1800,0.02
46,3.8528,27.2048,1830,0.02
46,3.8543,27.6508,1860,0.02
46,3.8602,28.0967,1890,0.02
46,3.8756,28.5427,1920,0.02
46,3.8743,28.9887,1950,0.02
46,3.8756,29.4347,1980,0.02
46,3.8861,29.8807,2010,0.02
46,3.8881,30.3266,2040,0.02
46,3.8961,30.7726,2070,0.02
46,3.9056,31.2186,2100,0.02
46,3.9181,31.6646,2130,0.02
46,3.925,32.1106,2160,0.02
46,3.9172,32.5565,2190,0.02
46,3.9363,33.0025,2220,0.02
46,3.9284,33.4485,2250,0.02
46,3.9408,33.8945,2280,0.02
46,3.943,34.3405,2310,0.02
46,3.9482,34.7864,2340,0.02
46,3.9478,35.2324,2370,0.02
46,3.9553,35.6784,2400,0.02
46,3.9622,36.1244,2430,0.02
46,3.9648,36.5704,2460,0.02
46,3.9677,37.0163,2490,0.02
46,3.9767,37.4623,2520,0.02
46,3.9819,37.9083,2550,0.02
46,3.9884,38.3543,2580,0.02
46,3.9912,38.8003,2610,0.02
46,3.9898,39.2462,2640,0.02
46,3.9966,39.6922,2670,0.02
46,4.003,40.1382,2700,0.02
46,4.0128,40.5842,2730,0.02
46,4.0053,41.0302,2760,0.02
46,4.0215,41.4761,2790,0.02
46,4.0174,41.9221,2820,0.02
46,4.0273,42.3681,2850,0.02
46,4.0188,42.8141,2880,0.02
46,4.0236,43.2601,2910,0.02
46,4.0326,43.706,2940,0.02
46,4.0291,44.152,2970,0.02
46,4.0434,44.598,3000,0.02
46,4.0393,45.044,3030,0.02
46,4.041,45.4899,3060,0.02
46,4.0542,45.9359,3090,0.02
46,4.0511,46.3819,3120,0.02
46,4.0501,46.8279,3150,0.02
46,4.0537,47.2739,3180,0.02
46,4.0669,47.7198,3210,0.02
46,4.0555,48.1658,3240,0.02
46,4.0687,48.6118,3270,0.02
46,4.0643,49.0578,3300,0.02
46,4.0707,49.5038,3330,0.02
46,4.0711,49.9497,3360,0.02
46,4.0812,50.3957,3390,0.02
46,4.0832,50.8417,3420,0.02
46,4.0813,51.2877,3450,0.02
46,4.0848,51.7337,3480,0.02
46,4.0785,52.1796,3510,0.02
46,4.0825,52.6256,3540,0.02
46,4.0883,53.0716,3570,0.02
46,4.0972,53.5176,3600,0.02
46,4.0895,53.9636,3630,0.02
46,4.0995,54.4095,3660,0.02
46,4.0941,54.8555,3690,0.02
46,4.1078,55.3015,3720,0.02
46,4.096,55.7475,3750,0.02
46,4.0969,56.1935,3780,0.02
46,4.1025,56.6394,3810,0.02
46,4.1156,57.0854,3840,0.02
46,4.1087,57.5314,3870,0.02
46,4.1169,57.9774,3900,0.02
46,4.1178,58.4234,3930,0.02
46,4.1128,58.8693,3960,0.02
46,4.1248,59.3153,3990,0.02
46,4.1119,59.7613,4020,0.02
46,4.1145,60.2073,4050,0.02
46,4.1209,60.6533,4080,0.02
46,4.1164,61.0992,4110,0.02
46,4.1238,61.5452,4140,0.02
46,4.1338,61.9912,4170,0.02
46,4.1219,62.4372,4200,0.02
46,4.136,62.8832,4230,0.02
46,4.1372,63.3291,4260,0.02
46,4.1343,63.7751,4290,0.02
46,4.135,64.2211,4320,0.02
46,4.1338,64.6671,4350,0.02
46,4.1405,65.1131,4380,0.02
46,4.1391,65.559,4410,0.02
46,4.1316,66.005,4440,0.02
46,4.1409,66.451,4470,0.02
46,4.1405,66.897,4500,0.02
46,4.1483,67.343,4530,0.02
46,4.1382,67.7889,4560,0.02
46,4.1399,68.2349,4590,0.02
46,4.1447,68.6809,4620,0.02
46,4.1461,69.1269,4650,0.02
46,4.1477,69.5729,4680,0.02
46,4.1425,70.0188,4710,0.02
46,4.1526,70.4648,4740,0.02
46,4.158,70.9108,4770,0.02
46,4.1579,71.3568,4800,0.02
46,4.1606,71.8028,4830,0.02
46,4.1569,72.2487,4860,0.02
46,4.1488,72.6947,4890,0.02
46,4.1493,73.1407,4920,0.02
46,4.162,73.5867,4950,0.02
46,4.1576,74.0327,4980,0.02
46,4.1535,74.4786,5010,0.02
46,4.1527,74.9246,5040,0.02
46,4.1669,75.3706,5070,0.02
46,4.1537,75.8166,5100,0.02
46,4.1669,76.2626,5130,0.02
46,4.1664,76.7085,5160,0.02
46,4.161,77.1545,5190,0.02
46,4.1651,77.6005,5220,0.02
46,4.1666,78.0465,5250,0.02
46,4.1645,78.4925,5280,0.02
46,4.1674,78.9384,5310,0.02
46,4.1675,79.3844,5340,0.02
46,4.1748,79.8304,5370,0.02
46,4.1659,80.2764,5400,0.02
46,4.1701,80.7224,5430,0.02
46,4.1685,81.1683,5460,0.02
46,4.1707,81.6143,5490,0.02
46,4.1649,82.0603,5520,0.02
46,4.1724,82.5063,5550,0.02
46,4.1748,82.9523,5580,0.02
46,4.1682,83.3982,5610,0.02
46,4.1691,83.8442,5640,0.02
46,4.1811,84.2902,5670,0.02
46,4.1731,84.7362,5700,0.02
46,4.1665,85.1822,5730,0.02
46,4.1744,85.6281,5760,0.02
46,4.181,86.0741,5790,0.02
46,4.1788,86.5201,5820,0.02
46,4.183,86.9661,5850,0.02
46,4.1785,87.4121,5880,0.02
46,4.1779,87.858,5910,0.02
46,4.1802,88.304,5940,0.02
46,4.1768,88.75,5970,0.02
47,3.0118,0.0,0,0.02
47,3.047,0.4447,30,0.02
47,3.0482,0.8894,60,0.02
47,3.0824,1.3342,90,0.02
47,3.11,1.7789,120,0.02
47,3.1307,2.2236,150,0.02
47,3.1767,2.6683,180,0.02
47,3.1763,3.1131,210,0.02
47,3.1893,3.5578,240,0.02
47,3.202,4.0025,270,0.02
47,3.1971,4.4472,300,0.02
47,3.2294,4.892,330,0.02
47,3.221,5.3367,360,0.02
47,3.2459,5.7814,390,0.02
47,3.2785,6.2261,420,0.02
47,3.2796,6.6709,450,0.02
47,3.2952,7.1156,480,0.02
47,3.3185,7.5603,510,0.02
47,3.3538,8.005,540,0.02
47,3.3634,8.4497,570,0.02
47,3.3941,8.8945,600,0.02
47,3.4442,9.3392,630,0.02
47,3.4381,9.7839,660,0.02
47,3.4717,10.2286,690,0.02
47,3.4881,10.6734,720,0.02
47,3.4939,11.1181,750,0.02
47,3.5247,11.5628,780,0.02
47,3.4971,12.0075,810,0.02
47,3.5339,12.4523,840,0.02
47,3.5368,12.897,870,0.02
47,3.532,13.3417,900,0.02
47,3.5398,13.7864,930,0.02
47,3.5331,14.2312,960,0.02
47,3.5633,14.6759,990,0.02
47,3.5523,15.1206,1020,0.02
47,3.6009,15.5653,1050,0.02
47,3.5994,16.0101,1080,0.02
47,3.6039,16.4548,1110,0.02
47,3.6299,16.8995,1140,0.02
47,3.6479,17.3442,1170,0.02
47,3.6722,17.7889,1200,0.02
47,3.7114,18.2337,1230,0.02
47,3.7325,18.6784,1260,0.02
47,3.7421,19.1231,1290,0.02
47,3.7276,19.5678,1320,0.02
47,3.7314,20.0126,1350,0.02
47,3.7364,20.4573,1380,0.02
47,3.7257,20.902,1410,0.02
47,3.7482,21.3467,1440,0.02
47,3.7339,21.7915,1470,0.02
47,3.7494,22.2362,1500,0.02
47,3.7336,22.6809,1530,0.02
47,3.7595,23.1256,1560,0.02
47,3.7698,23.5704,1590,0.02
47,3.7914,24.0151,1620,0.02
47,3.8024,24.4598,1650,0.02
47,3.7977,24.9045,1680,0.02
47,3.8305,25.3492,1710,0.02
47,3.838,25.794,1740,0.02
47,3.8539,26.2387,1770,0.02
47,3.8774,26.6834,1800,0.02
47,3.8915,27.1281,1830,0.02
47,3.884,27.5729,1860,0.02
47,3.872,28.0176,1890,0.02
47,3.8758,28.4623,1920,0.02
47,3.8682,28.907,1950,0.02
47,3.8878,29.3518,1980,0.02
47,3.8648,29.7965,2010,0.02
47,3.893,30.2412,2040,0.02
47,3.8737,30.6859,2070,0.02
47,3.8903,31.1307,2100,0.02
47,3.8997,31.5754,2130,0.02
47,3.883,32.0201,2160,0.02
47,3.9154,32.4648,2190,0.02
47,3.9246,32.9095,2220,0.02
47,3.9223,33.3543,2250,0.02
47,3.9485,33.799,2280,0.02
47,3.9574,34.2437,2310,0.02
47,3.9687,34.6884,2340,0.02
47,3.9656,35.1332,2370,0.02
47,3.9723,35.5779,2400,0.02
47,3.9781,36.0226,2430,0.02
47,3.9958,36.4673,2460,0.02
47,3.9713,36.9121,2490,0.02
47,3.9805,37.3568,2520,0.02
47,3.9758,37.8015,2550,0.02
47,3.9782,38.2462,2580,0.02
47,3.9619,38.691,2610,0.02
47,3.9885,39.1357,2640,0.02
47,3.9873,39.5804,2670,0.02
47,3.9855,40.0251,2700,0.02
47,3.991,40.4698,2730,0.02
47,4.0022,40.9146,2760,0.02
47,4.0123,41.3593,2790,0.02
47,4.0161,41.804,2820,0.02
47,4.0266,42.2487,2850,0.02
47,4.0502,42.6935,2880,0.02
47,4.0432,43.1382,2910,0.02
47,4.0767,43.5829,2940,0.02
47,4.08,44.0276,2970,0.02
47,4.0681,44.4724,3000,0.02
47,4.0696,44.9171,3030,0.02
47,4.0761,45.3618,3060,0.02
47,4.0726,45.8065,3090,0.02
47,4.032,46.2513,3120,0.02
47,4.0234,46.696,3150,0.02
47,4.0334,47.1407,3180,0.02
47,4.0232,47.5854,3210,0.02
47,4.0387,48.0302,3240,0.02
47,4.0276,48.4749,3270,0.02
47,4.0301,48.9196,3300,0.02
47,4.0336,49.3643,3330,0.02
47,4.0706,49.809,3360,0.02
47,4.0751,50.2538,3390,0.02
47,4.0698,50.6985,3420,0.02
47,4.0915,51.1432,3450,0.02
47,4.0884,51.5879,3480,0.02
47,4.1152,52.0327,3510,0.02
47,4.0992,52.4774,3540,0.02
47,4.1145,52.9221,3570,0.02
47,4.126,53.3668,3600,0.02
47,4.0939,53.8116,3630,0.02
47,4.1077,54.2563,3660,0.02
47,4.1126,54.701,3690,0.02
47,4.0691,55.1457,3720,0.02
47,4.0714,55.5905,3750,0.02
47,4.0945,56.0352,3780,0.02
47,4.0869,56.4799,3810,0.02
47,4.0973,56.9246,3840,0.02
47,4.0734,57.3693,3870,0.02
47,4.1021,57.8141,3900,0.02
47,4.0859,58.2588,3930,0.02
47,4.1177,58.7035,3960,0.02
47,4.1097,59.1482,3990,0.02
47,4.1292,59.593,4020,0.02
47,4.1589,60.0377,4050,0.02
47,4.1466,60.4824,4080,0.02
47,4.152,60.9271,4110,0.02
47,4.1673,61.3719,4140,0.02
47,4.1441,61.8166,4170,0.02
47,4.1282,62.2613,4200,0.02
47,4.1246,62.706,4230,0.02
47,4.1272,63.1508,4260,0.02
47,4.1143,63.5955,4290,0.02
47,4.1266,64.0402,4320,0.02
47,4.1156,64.4849,4350,0.02
47,4.1085,64.9296,4380,0.02
47,4.1099,65.3744,4410,0.02
47,4.1236,65.8191,4440,0.02
47,4.1343,66.2638,4470,0.02
47,4.1212,66.7085,4500,0.02
47,4.1559,67.1533,4530,0.02
47,4.174,67.598,4560,0.02
47,4.1543,68.0427,4590,0.02
47,4.1622,68.4874,4620,0.02
47,4.1889,68.9322,4650,0.02
47,4.1898,69.3769,4680,0.02
47,4.1918,69.8216,4710,0.02
47,4.1813,70.2663,4740,0.02
47,4.1634,70.7111,4770,0.02
47,4.1424,71.1558,4800,0.02
47,4.1392,71.6005,4830,0.02
47,4.1532,72.0452,4860,0.02
47,4.1149,72.4899,4890,0.02
47,4.1389,72.9347,4920,0.02
47,4.1259,73.3794,4950,0.02
47,4.1436,73.8241,4980,0.02
47,4.1477,74.2688,5010,0.02
47,4.124,74.7136,5040,0.02
47,4.14,75.1583,5070,0.02
47,4.173,75.603,5100,0.02
47,4.1826,76.0477,5130,0.02
47,4.1983,76.4925,5160,0.02
47,4.1908,76.9372,5190,0.02
47,4.1781,77.3819,5220,0.02
47,4.2,77.8266,5250,0.02
47,4.2,78.2714,5280,0.02
47,4.1997,78.7161,5310,0.02
47,4.1695,79.1608,5340,0.02
47,4.171,79.6055,5370,0.02
47,4.1707,80.0503,5400,0.02
47,4.1574,80.495,5430,0.02
47,4.1424,80.9397,5460,0.02
47,4.1385,81.3844,5490,0.02
47,4.1453,81.8291,5520,0.02
47,4.1355,82.2739,5550,0.02
47,4.1349,82.7186,5580,0.02
47,4.1659,83.1633,5610,0.02
47,4.1585,83.608,5640,0.02
47,4.1777,84.0528,5670,0.02
47,4.1778,84.4975,5700,0.02
47,4.1833,84.9422,5730,0.02
47,4.1834,85.3869,5760,0.02
47,4.2,85.8317,5790,0.02
47,4.2,86.2764,5820,0.02
47,4.1838,86.7211,5850,0.02
47,4.1793,87.1658,5880,0.02
47,4.184,87.6106,5910,0.02
47,4.1908,88.0553,5940,0.02
47,4.1715,88.5,5970,0.02
48,3.0,0.0,0,0.02
48,3.0282,0.4435,30,0.02
48,3.0472,0.8869,60,0.02
48,3.0749,1.3304,90,0.02
48,3.0912,1.7739,120,0.02
48,3.1098,2.2173,150,0.02
48,3.1397,2.6608,180,0.02
48,3.1631,3.1043,210,0.02
48,3.1759,3.5477,240,0.02
48,3.2064,3.9912,270,0.02
48,3.2133,4.4347,300,0.02
48,3.2402,4.8781,330,0.02
48,3.2597,5.3216,360,0.02
48,3.2749,5.7651,390,0.02
48,3.2996,6.2085,420,0.02
48,3.3163,6.652,450,0.02
48,3.3294,7.0955,480,0.02
48,3.3536,7.5389,510,0.02
48,3.3595,7.9824,540,0.02
48,3.3767,8.4259,570,0.02
48,3.3925,8.8693,600,0.02
48,3.4207,9.3128,630,0.02
48,3.4358,9.7563,660,0.02
48,3.445,10.1997,690,0.02
48,3.4565,10.6432,720,0.02
48,3.4671,11.0867,750,0.02
48,3.4945,11.5302,780,0.02
48,3.5046,11.9736,810,0.02
48,3.5106,12.4171,840,0.02
48,3.5321,12.8606,870,0.02
48,3.5443,13.304,900,0.02
48,3.5516,13.7475,930,0.02
48,3.5649,14.191,960,0.02
48,3.5813,14.6344,990,0.02
48,3.588,15.0779,1020,0.02
48,3.602,15.5214,1050,0.02
48,3.6111,15.9648,1080,0.02
48,3.6237,16.4083,1110,0.02
48,3.6409,16.8518,1140,0.02
48,3.6584,17.2952,1170,0.02
48,3.6635,17.7387,1200,0.02
48,3.6665,18.1822,1230,0.02
48,3.687,18.6256,1260,0.02
48,3.6949,19.0691,1290,0.02
48,3.7114,19.5126,1320,0.02
48,3.7214,19.956,1350,0.02
48,3.7292,20.3995,1380,0.02
48,3.7311,20.843,1410,0.02
48,3.749,21.2864,1440,0.02
48,3.7576,21.7299,1470,0.02
48,3.7684,22.1734,1500,0.02
48,3.7719,22.6168,1530,0.02
48,3.7834,23.0603,1560,0.02
48,3.7911,23.5038,1590,0.02
48,3.7956,23.9472,1620,0.02
48,3.8092,24.3907,1650,0.02
48,3.8115,24.8342,1680,0.02
48,3.8159,25.2776,1710,0.02
48,3.8309,25.7211,1740,0.02
48,3.8327,26.1646,1770,0.02
48,3.8398,26.608,1800,0.02
48,3.8549,27.0515,1830,0.02
48,3.8583,27.495,1860,0.02
48,3.8684,27.9384,1890,0.02
48,3.8629,28.3819,1920,0.02
48,3.8683,28.8254,1950,0.02
48,3.8865,29.2688,1980,0.02
48,3.8802,29.7123,2010,0.02
48,3.8896,30.1558,2040,0.02
48,3.8974,30.5992,2070,0.02
48,3.9137,31.0427,2100,0.02
48,3.9189,31.4862,2130,0.02
48,3.9253,31.9296,2160,0.02
48,3.9304,32.3731,2190,0.02
48,3.9304,32.8166,2220,0.02
48,3.9327,33.2601,2250,0.02
48,3.9467,33.7035,2280,0.02
48,3.9374,34.147,2310,0.02
48,3.9464,34.5905,2340,0.02
48,3.9491,35.0339,2370,0.02
48,3.9547,35.4774,2400,0.02
48,3.9632,35.9209,2430,0.02
48,3.9626,36.3643,2460,0.02
48,3.9795,36.8078,2490,0.02
48,3.9745,37.2513,2520,0.02
48,3.9797,37.6947,2550,0.02
48,3.979,38.1382,2580,0.02
48,3.9902,38.5817,2610,0.02
48,4.0013,39.0251,2640,0.02
48,4.0,39.4686,2670,0.02
48,3.9965,39.9121,2700,0.02
48,3.9997,40.3555,2730,0.02
48,4.0187,40.799,2760,0.02
48,4.021,41.2425,2790,0.02
48,4.0147,41.6859,2820,0.02
48,4.017,42.1294,2850,0.02
48,4.0296,42.5729,2880,0.02
48,4.0214,43.0163,2910,0.02
48,4.0358,43.4598,2940,0.02
48,4.0417,43.9033,2970,0.02
48,4.0372,44.3467,3000,0.02
48,4.0352,44.7902,3030,0.02
48,4.052,45.2337,3060,0.02
48,4.047,45.6771,3090,0.02
48,4.0492,46.1206,3120,0.02
48,4.0536,46.5641,3150,0.02
48,4.0561,47.0075,3180,0.02
48,4.0659,47.451,3210,0.02
48,4.058,47.8945,3240,0.02
48,4.0618,48.3379,3270,0.02
48,4.0712,48.7814,3300,0.02
48,4.0753,49.2249,3330,0.02
48,4.0796,49.6683,3360,0.02
48,4.0708,50.1118,3390,0.02
48,4.0832,50.5553,3420,0.02
48,4.0887,50.9987,3450,0.02
48,4.0892,51.4422,3480,0.02
48,4.0921,51.8857,3510,0.02
48,4.0951,52.3291,3540,0.02
48,4.09,52.7726,3570,0.02
48,4.0941,53.2161,3600,0.02
48,4.0956,53.6595,3630,0.02
48,4.0929,54.103,3660,0.02
48,4.0976,54.5465,3690,0.02
48,4.103,54.9899,3720,0.02
48,4.1089,55.4334,3750,0.02
48,4.0969,55.8769,3780,0.02
48,4.1014,56.3204,3810,0.02
48,4.1142,56.7638,3840,0.02
48,4.1176,57.2073,3870,0.02
48,4.1045,57.6508,3900,0.02
48,4.1169,58.0942,3930,0.02
48,4.1191,58.5377,3960,0.02
48,4.1106,58.9812,3990,0.02
48,4.1261,59.4246,4020,0.02
48,4.1155,59.8681,4050,0.02
48,4.122,60.3116,4080,0.02
48,4.1235,60.755,4110,0.02
48,4.1229,61.1985,4140,0.02
48,4.1189,61.642,4170,0.02
48,4.1224,62.0854,4200,0.02
48,4.1333,62.5289,4230,0.02
48,4.133,62.9724,4260,0.02
48,4.1258,63.4158,4290,0.02
48,4.1262,63.8593,4320,0.02
48,4.1349,64.3028,4350,0.02
48,4.1407,64.7462,4380,0.02
48,4.1335,65.1897,4410,0.02
48,4.1418,65.6332,4440,0.02
48,4.1339,66.0766,4470,0.02
48,4.1411,66.5201,4500,0.02
48,4.1353,66.9636,4530,0.02
48,4.138,67.407,4560,0.02
48,4.1367,67.8505,4590,0.02
48,4.147,68.294,4620,0.02
48,4.1412,68.7374,4650,0.02
48,4.1468,69.1809,4680,0.02
48,4.1542,69.6244,4710,0.02
48,4.1559,70.0678,4740,0.02
48,4.1508,70.5113,4770,0.02
48,4.1552,70.9548,4800,0.02
48,4.1495,71.3982,4830,0.02
48,4.1501,71.8417,4860,0.02
48,4.1488,72.2852,4890,0.02
48,4.1527,72.7286,4920,0.02
48,4.1645,73.1721,4950,0.02
48,4.1631,73.6156,4980,0.02
48,4.1552,74.059,5010,0.02
48,4.1616,74.5025,5040,0.02
48,4.1564,74.946,5070,0.02
48,4.168,75.3894,5100,0.02
48,4.1613,75.8329,5130,0.02
48,4.16,76.2764,5160,0.02
48,4.168,76.7198,5190,0.02
48,4.1595,77.1633,5220,0.02
48,4.1587,77.6068,5250,0.02
48,4.1602,78.0503,5280,0.02
48,4.1665,78.4937,5310,0.02
48,4.163,78.9372,5340,0.02
48,4.1715,79.3807,5370,0.02
48,4.166,79.8241,5400,0.02
48,4.1625,80.2676,5430,0.02
48,4.1738,80.7111,5460,0.02
48,4.1676,81.1545,5490,0.02
48,4.1702,81.598,5520,0.02
48,4.1659,82.0415,5550,0.02
48,4.1742,82.4849,5580,0.02
48,4.1683,82.9284,5610,0.02
48,4.1751,83.3719,5640,0.02
48,4.178,83.8153,5670,0.02
48,4.1759,84.2588,5700,0.02
48,4.1679,84.7023,5730,0.02
48,4.1694,85.1457,5760,0.02
48,4.1743,85.5892,5790,0.02
48,4.1699,86.0327,5820,0.02
48,4.1815,86.4761,5850,0.02
48,4.1846,86.9196,5880,0.02
48,4.1708,87.3631,5910,0.02
48,4.1712,87.8065,5940,0.02
48,4.1859,88.25,5970,0.02
49,3.0,0.0,0,0.02
49,3.0302,0.4422,30,0.02
49,3.0457,0.8844,60,0.02
49,3.0652,1.3266,90,0.02
49,3.1003,1.7688,120,0.02
49,3.1089,2.2111,150,0.02
49,3.1394,2.6533,180,0.02
49,3.1588,3.0955,210,0.02
49,3.1732,3.5377,240,0.02
49,3.1933,3.9799,270,0.02
49,3.2214,4.4221,300,0.02
49,3.2409,4.8643,330,0.02
49,3.2602,5.3065,360,0.02
49,3.281,5.7487,390,0.02
49,3.29,6.191,420,0.02
49,3.3155,6.6332,450,0.02
49,3.3237,7.0754,480,0.02
49,3.3538,7.5176,510,0.02
49,3.3614,7.9598,540,0.02
49,3.383,8.402,570,0.02
49,3.3979,8.8442,600,0.02
49,3.4175,9.2864,630,0.02
49,3.4263,9.7286,660,0.02
49,3.4387,10.1709,690,0.02
49,3.452,10.6131,720,0.02
49,3.4765,11.0553,750,0.02
49,3.4934,11.4975,780,0.02
49,3.4952,11.9397,810,0.02
49,3.5161,12.3819,840,0.02
49,3.5275,12.8241,870,0.02
49,3.5468,13.2663,900,0.02
49,3.5496,13.7085,930,0.02
49,3.5633,14.1508,960,0.02
49,3.5744,14.593,990,0.02
49,3.5867,15.0352,1020,0.02
49,3.6069,15.4774,1050,0.02
49,3.6125,15.9196,1080,0.02
49,3.6345,16.3618,1110,0.02
49,3.6439,16.804,1140,0.02
49,3.6489,17.2462,1170,0.02
49,3.6578,17.6884,1200,0.02
49,3.678,18.1307,1230,0.02
49,3.6913,18.5729,1260,0.02
49,3.7023,19.0151,1290,0.02
49,3.7098,19.4573,1320,0.02
49,3.7154,19.8995,1350,0.02
49,3.7227,20.3417,1380,0.02
49,3.7309,20.7839,1410,0.02
49,3.7369,21.2261,1440,0.02
49,3.7454,21.6683,1470,0.02
49,3.7536,22.1106,1500,0.02
49,3.766,22.5528,1530,0.02
49,3.7826,22.995,1560,0.02
49,3.786,23.4372,1590,0.02
49,3.7937,23.8794,1620,0.02
49,3.8001,24.3216,1650,0.02
49,3.8142,24.7638,1680,0.02
49,3.8162,25.206,1710,0.02
49,3.824,25.6482,1740,0.02
49,3.8281,26.0905,1770,0.02
49,3.8436,26.5327,1800,0.02
49,3.8412,26.9749,1830,0.02
49,3.8487,27.4171,1860,0.02
49,3.8667,27.8593,1890,0.02
49,3.8713,28.3015,1920,0.02
49,3.8767,28.7437,1950,0.02
49,3.8776,29.1859,1980,0.02
49,3.8883,29.6281,2010,0.02
49,3.8868,30.0704,2040,0.02
49,3.8997,30.5126,2070,0.02
49,3.9127,30.9548,2100,0.02
49,3.9088,31.397,2130,0.02
49,3.9217,31.8392,2160,0.02
49,3.9185,32.2814,2190,0.02
49,3.9302,32.7236,2220,0.02
49,3.9394,33.1658,2250,0.02
49,3.9468,33.608,2280,0.02
49,3.949,34.0503,2310,0.02
49,3.9517,34.4925,2340,0.02
49,3.9587,34.9347,2370,0.02
49,3.9609,35.3769,2400,0.02
49,3.9648,35.8191,2430,0.02
49,3.9668,36.2613,2460,0.02
49,3.975,36.7035,2490,0.02
49,3.9735,37.1457,2520,0.02
49,3.9816,37.5879,2550,0.02
49,3.9874,38.0302,2580,0.02
49,3.9928,38.4724,2610,0.02
49,3.9957,38.9146,2640,0.02
49,3.995,39.3568,2670,0.02
49,4.0073,39.799,2700,0.02
49,4.0086,40.2412,2730,0.02
49,4.0115,40.6834,2760,0.02
49,4.0175,41.1256,2790,0.02
49,4.0192,41.5678,2820,0.02
49,4.017,42.0101,2850,0.02
49,4.024,42.4523,2880,0.02
49,4.023,42.8945,2910,0.02
49,4.0256,43.3367,2940,0.02
49,4.0284,43.7789,2970,0.02
49,4.0427,44.2211,3000,0.02
49,4.0433,44.6633,3030,0.02
49,4.0383,45.1055,3060,0.02
49,4.0479,45.5477,3090,0.02
49,4.0522,45.9899,3120,0.02
49,4.0515,46.4322,3150,0.02
49,4.0517,46.8744,3180,0.02
49,4.0589,47.3166,3210,0.02
49,4.061,47.7588,3240,0.02
49,4.0679,48.201,3270,0.02
49,4.0688,48.6432,3300,0.02
49,4.0709,49.0854,3330,0.02
49,4.0657,49.5276,3360,0.02
49,4.0772,49.9698,3390,0.02
49,4.0764,50.4121,3420,0.02
49,4.0873,50.8543,3450,0.02
49,4.0906,51.2965,3480,0.02
49,4.0826,51.7387,3510,0.02
49,4.0958,52.1809,3540,0.02
49,4.0885,52.6231,3570,0.02
49,4.0908,53.0653,3600,0.02
49,4.097,53.5075,3630,0.02
49,4.0942,53.9497,3660,0.02
49,4.0914,54.392,3690,0.02
49,4.0942,54.8342,3720,0.02
49,4.0956,55.2764,3750,0.02
49,4.1077,55.7186,3780,0.02
49,4.114,56.1608,3810,0.02
49,4.1164,56.603,3840,0.02
49,4.1123,57.0452,3870,0.02
49,4.107,57.4874,3900,0.02
49,4.1063,57.9296,3930,0.02
49,4.1096,58.3719,3960,0.02
49,4.1248,58.8141,3990,0.02
49,4.1168,59.2563,4020,0.02
49,4.1281,59.6985,4050,0.02
49,4.1193,60.1407,4080,0.02
49,4.1166,60.5829,4110,0.02
49,4.1262,61.0251,4140,0.02
49,4.1282,61.4673,4170,0.02
49,4.1257,61.9095,4200,0.02
49,4.1226,62.3518,4230,0.02
49,4.1316,62.794,4260,0.02
49,4.1346,63.2362,4290,0.02
49,4.1401,63.6784,4320,0.02
49,4.1339,64.1206,4350,0.02
49,4.143,64.5628,4380,0.02
49,4.1346,65.005,4410,0.02
49,4.137,65.4472,4440,0.02
49,4.1427,65.8894,4470,0.02
49,4.1386,66.3317,4500,0.02
49,4.1369,66.7739,4530,0.02
49,4.1489,67.2161,4560,0.02
49,4.1441,67.6583,4590,0.02
49,4.1443,68.1005,4620,0.02
49,4.1542,68.5427,4650,0.02
49,4.1552,68.9849,4680,0.02
49,4.1521,69.4271,4710,0.02
49,4.1554,69.8693,4740,0.02
49,4.1436,70.3116,4770,0.02
49,4.1536,70.7538,4800,0.02
49,4.1583,71.196,4830,0.02
49,4.1491,71.6382,4860,0.02
49,4.1482,72.0804,4890,0.02
49,4.1578,72.5226,4920,0.02
49,4.1507,72.9648,4950,0.02
49,4.162,73.407,4980,0.02
49,4.1604,73.8492,5010,0.02
49,4.1545,74.2915,5040,0.02
49,4.1557,74.7337,5070,0.02
49,4.1546,75.1759,5100,0.02
49,4.1694,75.6181,5130,0.02
49,4.1544,76.0603,5160,0.02
49,4.1582,76.5025,5190,0.02
49,4.1715,76.9447,5220,0.02
49,4.1711,77.3869,5250,0.02
49,4.1662,77.8291,5280,0.02
49,4.1582,78.2714,5310,0.02
49,4.17,78.7136,5340,0.02
49,4.1616,79.1558,5370,0.02
49,4.1622,79.598,5400,0.02
49,4.1704,80.0402,5430,0.02
49,4.1699,80.4824,5460,0.02
49,4.1765,80.9246,5490,0.02
49,4.1735,81.3668,5520,0.02
49,4.1778,81.809,5550,0.02
49,4.1711,82.2513,5580,0.02
49,4.1733,82.6935,5610,0.02
49,4.1685,83.1357,5640,0.02
49,4.174,83.5779,5670,0.02
49,4.1769,84.0201,5700,0.02
49,4.1698,84.4623,5730,0.02
49,4.1716,84.9045,5760,0.02
49,4.1818,85.3467,5790,0.02
49,4.1735,85.7889,5820,0.02
49,4.1809,86.2312,5850,0.02
49,4.1797,86.6734,5880,0.02
49,4.1798,87.1156,5910,0.02
49,4.1836,87.5578,5940,0.02
49,4.1785,88.0,5970,0.02
50,3.0,0.0,0,0.02
50,3.0167,0.441,30,0.02
50,3.0472,0.8819,60,0.02
50,3.1034,1.3229,90,0.02
50,3.1264,1.7638,120,0.02
50,3.1314,2.2048,150,0.02
50,3.1787,2.6457,180,0.02
50,3.1793,3.0867,210,0.02
50,3.2066,3.5276,240,0.02
50,3.2182,3.9686,270,0.02
50,3.215,4.4095,300,0.02
50,3.2301,4.8505,330,0.02
50,3.2451,5.2915,360,0.02
50,3.2529,5.7324,390,0.02
50,3.2521,6.1734,420,0.02
50,3.2684,6.6143,450,0.02
50,3.2879,7.0553,480,0.02
50,3.3476,7.4962,510,0.02
50,3.3639,7.9372,540,0.02
50,3.3905,8.3781,570,0.02
50,3.3977,8.8191,600,0.02
50,3.4282,9.2601,630,0.02
50,3.4528,9.701,660,0.02
50,3.4664,10.142,690,0.02
50,3.5054,10.5829,720,0.02
50,3.5148,11.0239,750,0.02
50,3.5025,11.4648,780,0.02
50,3.5022,11.9058,810,0.02
50,3.5219,12.3467,840,0.02
50,3.5163,12.7877,870,0.02
50,3.5118,13.2286,900,0.02
50,3.5449,13.6696,930,0.02
50,3.5455,14.1106,960,0.02
50,3.5447,14.5515,990,0.02
50,3.5797,14.9925,1020,0.02
50,3.5822,15.4334,1050,0.02
50,3.5838,15.8744,1080,0.02
50,3.634,16.3153,1110,0.02
50,3.635,16.7563,1140,0.02
50,3.6821,17.1972,1170,0.02
50,3.6823,17.6382,1200,0.02
50,3.6998,18.0791,1230,0.02
50,3.7245,18.5201,1260,0.02
50,3.7039,18.9611,1290,0.02
50,3.7235,19.402,1320,0.02
50,3.7337,19.843,1350,0.02
50,3.7364,20.2839,1380,0.02
50,3.7296,20.7249,1410,0.02
50,3.7265,21.1658,1440,0.02
50,3.7173,21.6068,1470,0.02
50,3.7416,22.0477,1500,0.02
50,3.7338,22.4887,1530,0.02
50,3.7545,22.9296,1560,0.02
50,3.7502,23.3706,1590,0.02
50,3.7548,23.8116,1620,0.02
50,3.7771,24.2525,1650,0.02
50,3.8072,24.6935,1680,0.02
50,3.8074,25.1344,1710,0.02
50,3.8361,25.5754,1740,0.02
50,3.8533,26.0163,1770,0.02
50,3.8849,26.4573,1800,0.02
50,3.8639,26.8982,1830,0.02
50,3.8976,27.3392,1860,0.02
50,3.9033,27.7802,1890,0.02
50,3.8822,28.2211,1920,0.02
50,3.8696,28.6621,1950,0.02
50,3.8829,29.103,1980,0.02
50,3.8779,29.544,2010,0.02
50,3.8921,29.9849,2040,0.02
50,3.8833,30.4259,2070,0.02
50,3.8726,30.8668,2100,0.02
50,3.8677,31.3078,2130,0.02
50,3.908,31.7487,2160,0.02
50,3.8828,32.1897,2190,0.02
50,3.9106,32.6307,2220,0.02
50,3.9252,33.0716,2250,0.02
50,3.9369,33.5126,2280,0.02
50,3.9722,33.9535,2310,0.02
50,3.9683,34.3945,2340,0.02
50,3.9899,34.8354,2370,0.02
50,3.9987,35.2764,2400,0.02
50,4.009,35.7173,2430,0.02
50,3.9814,36.1583,2460,0.02
50,3.9965,36.5992,2490,0.02
50,3.9985,37.0402,2520,0.02
50,3.9824,37.4812,2550,0.02
50,3.9939,37.9221,2580,0.02
50,3.9692,38.3631,2610,0.02
50,3.9788,38.804,2640,0.02
50,3.9873,39.245,2670,0.02
50,3.9736,39.6859,2700,0.02
50,3.9634,40.1269,2730,0.02
50,3.9978,40.5678,2760,0.02
50,3.9854,41.0088,2790,0.02
50,3.9983,41.4497,2820,0.02
50,4.04,41.8907,2850,0.02
50,4.0555,42.3317,2880,0.02
50,4.0612,42.7726,2910,0.02
50,4.074,43.2136,2940,0.02
50,4.0533,43.6545,2970,0.02
50,4.0475,44.0955,3000,0.02
50,4.0533,44.5364,3030,0.02
50,4.0527,44.9774,3060,0.02
50,4.064,45.4183,3090,0.02
50,4.0421,45.8593,3120,0.02
50,4.0442,46.3003,3150,0.02
50,4.032,46.7412,3180,0.02
50,4.0289,47.1822,3210,0.02
50,4.0511,47.6231,3240,0.02
50,4.0355,48.0641,3270,0.02
50,4.0496,48.505,3300,0.02
50,4.0638,48.946,3330,0.02
50,4.0731,49.3869,3360,0.02
50,4.0934,49.8279,3390,0.02
50,4.0962,50.2688,3420,0.02
50,4.1101,50.7098,3450,0.02
50,4.1168,51.1508,3480,0.02
50,4.1335,51.5917,3510,0.02
50,4.1316,52.0327,3540,0.02
50,4.1087,52.4736,3570,0.02
50,4.1004,52.9146,3600,0.02
50,4.0975,53.3555,3630,0.02
50,4.0832,53.7965,3660,0.02
50,4.0962,54.2374,3690,0.02
50,4.0969,54.6784,3720,0.02
50,4.0741,55.1193,3750,0.02
50,4.0793,55.5603,3780,0.02
50,4.0592,56.0013,3810,0.02
50,4.065,56.4422,3840,0.02
50,4.0733,56.8832,3870,0.02
50,4.1053,57.3241,3900,0.02
50,4.1197,57.7651,3930,0.02
50,4.1104,58.206,3960,0.02
50,4.131,58.647,3990,0.02
50,4.1481,59.0879,4020,0.02
50,4.1444,59.5289,4050,0.02
50,4.1421,59.9698,4080,0.02
50,4.1675,60.4108,4110,0.02
50,4.166,60.8518,4140,0.02
50,4.1632,61.2927,4170,0.02
50,4.1299,61.7337,4200,0.02
50,4.1163,62.1746,4230,0.02
50,4.1215,62.6156,4260,0.02
50,4.1128,63.0565,4290,0.02
50,4.0933,63.4975,4320,0.02
50,4.1208,63.9384,4350,0.02
50,4.1113,64.3794,4380,0.02
50,4.1185,64.8204,4410,0.02
50,4.1035,65.2613,4440,0.02
50,4.119,65.7023,4470,0.02
50,4.1447,66.1432,4500,0.02
50,4.1292,66.5842,4530,0.02
50,4.1502,67.0251,4560,0.02
50,4.178,67.4661,4590,0.02
50,4.1819,67.907,4620,0.02
50,4.1938,68.348,4650,0.02
50,4.162,68.7889,4680,0.02
50,4.1641,69.2299,4710,0.02
50,4.1527,69.6709,4740,0.02
50,4.1449,70.1118,4770,0.02
50,4.1344,70.5528,4800,0.02
50,4.1544,70.9937,4830,0.02
50,4.123,71.4347,4860,0.02
50,4.1397,71.8756,4890,0.02
50,4.1219,72.3166,4920,0.02
50,4.1463,72.7575,4950,0.02
50,4.1192,73.1985,4980,0.02
50,4.1236,73.6394,5010,0.02
50,4.1374,74.0804,5040,0.02
50,4.1727,74.5214,5070,0.02
50,4.1568,74.9623,5100,0.02
50,4.1674,75.4033,5130,0.02
50,4.1767,75.8442,5160,0.02
50,4.1751,76.2852,5190,0.02
50,4.1766,76.7261,5220,0.02
50,4.2,77.1671,5250,0.02
50,4.1772,77.608,5280,0.02
50,4.1667,78.049,5310,0.02
50,4.1915,78.4899,5340,0.02
50,4.1779,78.9309,5370,0.02
50,4.1561,79.3719,5400,0.02
50,4.1317,79.8128,5430,0.02
50,4.147,80.2538,5460,0.02
50,4.1327,80.6947,5490,0.02
50,4.1253,81.1357,5520,0.02
50,4.1538,81.5766,5550,0.02
50,4.1528,82.0176,5580,0.02
50,4.165,82.4585,5610,0.02
50,4.1811,82.8995,5640,0.02
50,4.1929,83.3405,5670,0.02
50,4.1976,83.7814,5700,0.02
50,4.1896,84.2224,5730,0.02
50,4.1922,84.6633,5760,0.02
50,4.2,85.1043,5790,0.02
50,4.1936,85.5452,5820,0.02
50,4.1929,85.9862,5850,0.02
50,4.1937,86.4271,5880,0.02
50,4.1961,86.8681,5910,0.02
50,4.1655,87.309,5940,0.02
50,4.165,87.75,5970,0.02
51,3.0,0.0,0,0.02
51,3.022,0.4397,30,0.02
51,3.0476,0.8794,60,0.02
51,3.0697,1.3191,90,0.02
51,3.0911,1.7588,120,0.02
51,3.1218,2.1985,150,0.02
51,3.1425,2.6382,180,0.02
51,3.1515,3.0779,210,0.02
51,3.1749,3.5176,240,0.02
51,3.1936,3.9573,270,0.02
51,3.2114,4.397,300,0.02
51,3.2442,4.8367,330,0.02
51,3.2585,5.2764,360,0.02
51,3.2724,5.7161,390,0.02
51,3.2982,6.1558,420,0.02
51,3.3075,6.5955,450,0.02
51,3.3378,7.0352,480,0.02
51,3.3504,7.4749,510,0.02
51,3.3718,7.9146,540,0.02
51,3.3741,8.3543,570,0.02
51,3.3923,8.794,600,0.02
51,3.4131,9.2337,630,0.02
51,3.4305,9.6734,660,0.02
51,3.4402,10.1131,690,0.02
51,3.4622,10.5528,720,0.02
51,3.4768,10.9925,750,0.02
51,3.4865,11.4322,780,0.02
51,3.4975,11.8719,810,0.02
51,3.515,12.3116,840,0.02
51,3.5303,12.7513,870,0.02
51,3.5494,13.191,900,0.02
51,3.5598,13.6307,930,0.02
51,3.5716,14.0704,960,0.02
51,3.5749,14.5101,990,0.02
51,3.5978,14.9497,1020,0.02
51,3.6129,15.3894,1050,0.02
51,3.6147,15.8291,1080,0.02
51,3.6257,16.2688,1110,0.02
51,3.6471,16.7085,1140,0.02
51,3.6459,17.1482,1170,0.02
51,3.6627,17.5879,1200,0.02
51,3.673,18.0276,1230,0.02
51,3.6856,18.4673,1260,0.02
51,3.6953,18.907,1290,0.02
51,3.6983,19.3467,1320,0.02
51,3.7181,19.7864,1350,0.02
51,3.7188,20.2261,1380,0.02
51,3.7369,20.6658,1410,0.02
51,3.741,21.1055,1440,0.02
51,3.7496,21.5452,1470,0.02
51,3.7637,21.9849,1500,0.02
51,3.7743,22.4246,1530,0.02
51,3.7763,22.8643,1560,0.02
51,3.7863,23.304,1590,0.02
51,3.7929,23.7437,1620,0.02
51,3.8015,24.1834,1650,0.02
51,3.8098,24.6231,1680,0.02
51,3.8115,25.0628,1710,0.02
51,3.8308,25.5025,1740,0.02
51,3.8306,25.9422,1770,0.02
51,3.8345,26.3819,1800,0.02
51,3.8499,26.8216,1830,0.02
51,3.8564,27.2613,1860,0.02
51,3.8559,27.701,1890,0.02
51,3.8761,28.1407,1920,0.02
51,3.8786,28.5804,1950,0.02
51,3.8747,29.0201,1980,0.02
51,3.8916,29.4598,2010,0.02
51,3.8971,29.8995,2040,0.02
51,3.8958,30.3392,2070,0.02
51,3.9014,30.7789,2100,0.02
51,3.9136,31.2186,2130,0.02
51,3.9199,31.6583,2160,0.02
51,3.9177,32.098,2190,0.02
51,3.9255,32.5377,2220,0.02
51,3.9395,32.9774,2250,0.02
51,3.9328,33.4171,2280,0.02
51,3.9474,33.8568,2310,0.02
51,3.9434,34.2965,2340,0.02
51,3.9603,34.7362,2370,0.02
51,3.9563,35.1759,2400,0.02
51,3.9672,35.6156,2430,0.02
51,3.9727,36.0553,2460,0.02
51,3.9764,36.495,2490,0.02
51,3.9722,36.9347,2520,0.02
51,3.9827,37.3744,2550,0.02
51,3.9865,37.8141,2580,0.02
51,3.9925,38.2538,2610,0.02
51,3.99,38.6935,2640,0.02
51,3.9989,39.1332,2670,0.02
51,4.0097,39.5729,2700,0.02
51,4.01,40.0126,2730,0.02
51,4.0079,40.4523,2760,0.02
51,4.0132,40.892,2790,0.02
51,4.015,41.3317,2820,0.02
51,4.0298,41.7714,2850,0.02
51,4.0183,42.2111,2880,0.02
51,4.0354,42.6508,2910,0.02
51,4.0309,43.0905,2940,0.02
51,4.0386,43.5302,2970,0.02
51,4.0414,43.9698,3000,0.02
51,4.0368,44.4095,3030,0.02
51,4.0422,44.8492,3060,0.02
51,4.0418,45.2889,3090,0.02
51,4.0572,45.7286,3120,0.02
51,4.0522,46.1683,3150,0.02
51,4.0648,46.608,3180,0.02
51,4.0666,47.0477,3210,0.02
51,4.0707,47.4874,3240,0.02
51,4.0704,47.9271,3270,0.02
51,4.0705,48.3668,3300,0.02
51,4.0648,48.8065,3330,0.02
51,4.0721,49.2462,3360,0.02
51,4.0749,49.6859,3390,0.02
51,4.0729,50.1256,3420,0.02
51,4.0889,50.5653,3450,0.02
51,4.0908,51.005,3480,0.02
51,4.0894,51.4447,3510,0.02
51,4.0887,51.8844,3540,0.02
51,4.0938,52.3241,3570,0.02
51,4.1003,52.7638,3600,0.02
51,4.0904,53.2035,3630,0.02
51,4.0894,53.6432,3660,0.02
51,4.0952,54.0829,3690,0.02
51,4.0961,54.5226,3720,0.02
51,4.098,54.9623,3750,0.02
51,4.0988,55.402,3780,0.02
51,4.1015,55.8417,3810,0.02
51,4.1154,56.2814,3840,0.02
51,4.1027,56.7211,3870,0.02
51,4.1171,57.1608,3900,0.02
51,4.1213,57.6005,3930,0.02
51,4.1154,58.0402,3960,0.02
51,4.1178,58.4799,3990,0.02
51,4.116,58.9196,4020,0.02
51,4.1161,59.3593,4050,0.02
51,4.1147,59.799,4080,0.02
51,4.1197,60.2387,4110,0.02
51,4.1306,60.6784,4140,0.02
51,4.1322,61.1181,4170,0.02
51,4.1202,61.5578,4200,0.02
51,4.1232,61.9975,4230,0.02
51,4.1233,62.4372,4260,0.02
51,4.1293,62.8769,4290,0.02
51,4.1308,63.3166,4320,0.02
51,4.1372,63.7563,4350,0.02
51,4.1386,64.196,4380,0.02
51,4.1361,64.6357,4410,0.02
51,4.137,65.0754,4440,0.02
51,4.1435,65.5151,4470,0.02
51,4.1488,65.9548,4500,0.02
51,4.1458,66.3945,4530,0.02
51,4.1417,66.8342,4560,0.02
51,4.139,67.2739,4590,0.02
51,4.1501,67.7136,4620,0.02
51,4.1393,68.1533,4650,0.02
51,4.152,68.593,4680,0.02
51,4.1521,69.0327,4710,0.02
51,4.142,69.4724,4740,0.02
51,4.1542,69.9121,4770,0.02
51,4.1524,70.3518,4800,0.02
51,4.1508,70.7915,4830,0.02
51,4.1543,71.2312,4860,0.02
51,4.1546,71.6709,4890,0.02
51,4.157,72.1106,4920,0.02
51,4.1615,72.5503,4950,0.02
51,4.1494,72.9899,4980,0.02
51,4.1636,73.4296,5010,0.02
51,4.1629,73.8693,5040,0.02
51,4.153,74.309,5070,0.02
51,4.1565,74.7487,5100,0.02
51,4.164,75.1884,5130,0.02
51,4.1647,75.6281,5160,0.02
51,4.1634,76.0678,5190,0.02
51,4.166,76.5075,5220,0.02
51,4.162,76.9472,5250,0.02
51,4.1725,77.3869,5280,0.02
51,4.1625,77.8266,5310,0.02
51,4.1609,78.2663,5340,0.02
51,4.1751,78.706,5370,0.02
51,4.1624,79.1457,5400,0.02
51,4.1713,79.5854,5430,0.02
51,4.166,80.0251,5460,0.02
51,4.1735,80.4648,5490,0.02
51,4.167,80.9045,5520,0.02
51,4.1683,81.3442,5550,0.02
51,4.1715,81.7839,5580,0.02
51,4.1651,82.2236,5610,0.02
51,4.1795,82.6633,5640,0.02
51,4.1744,83.103,5670,0.02
51,4.1763,83.5427,5700,0.02
51,4.1796,83.9824,5730,0.02
51,4.175,84.4221,5760,0.02
51,4.1691,84.8618,5790,0.02
51,4.1682,85.3015,5820,0.02
51,4.1705,85.7412,5850,0.02
51,4.1824,86.1809,5880,0.02
51,4.1753,86.6206,5910,0.02
51,4.178,87.0603,5940,0.02
51,4.1706,87.5,5970,0.02
52,3.0,0.0,0,0.02
52,3.0257,0.4384,30,0.02
52,3.0467,0.8769,60,0.02
52,3.0718,1.3153,90,0.02
52,3.0927,1.7538,120,0.02
52,3.1141,2.1922,150,0.02
52,3.1351,2.6307,180,0.02
52,3.1557,3.0691,210,0.02
52,3.1788,3.5075,240,0.02
52,3.1992,3.946,270,0.02
52,3.2158,4.3844,300,0.02
52,3.2393,4.8229,330,0.02
52,3.2555,5.2613,360,0.02
52,3.275,5.6997,390,0.02
52,3.2929,6.1382,420,0.02
52,3.3117,6.5766,450,0.02
52,3.3312,7.0151,480,0.02
52,3.3473,7.4535,510,0.02
52,3.3629,7.892,540,0.02
52,3.3833,8.3304,570,0.02
52,3.3998,8.7688,600,0.02
52,3.4127,9.2073,630,0.02
52,3.426,9.6457,660,0.02
52,3.4431,10.0842,690,0.02
52,3.4578,10.5226,720,0.02
52,3.4759,10.9611,750,0.02
52,3.4888,11.3995,780,0.02
52,3.5021,11.8379,810,0.02
52,3.5175,12.2764,840,0.02
52,3.5279,12.7148,870,0.02
52,3.5457,13.1533,900,0.02
52,3.5579,13.5917,930,0.02
52,3.5696,14.0302,960,0.02
52,3.5823,14.4686,990,0.02
52,3.5934,14.907,1020,0.02
52,3.6065,15.3455,1050,0.02
52,3.6163,15.7839,1080,0.02
52,3.6325,16.2224,1110,0.02
52,3.6412,16.6608,1140,0.02
52,3.6506,17.0992,1170,0.02
52,3.6638,17.5377,1200,0.02
52,3.6745,17.9761,1230,0.02
52,3.6862,18.4146,1260,0.02
52,3.6949,18.853,1290,0.02
52,3.7016,19.2915,1320,0.02
52,3.7163,19.7299,1350,0.02
52,3.7227,20.1683,1380,0.02
52,3.7328,20.6068,1410,0.02
52,3.7441,21.0452,1440,0.02
52,3.7518,21.4837,1470,0.02
52,3.7584,21.9221,1500,0.02
52,3.7685,22.3606,1530,0.02
52,3.7802,22.799,1560,0.02
52,3.784,23.2374,1590,0.02
52,3.7972,23.6759,1620,0.02
52,3.8025,24.1143,1650,0.02
52,3.8136,24.5528,1680,0.02
52,3.8154,24.9912,1710,0.02
52,3.8239,25.4296,1740,0.02
52,3.8337,25.8681,1770,0.02
52,3.8412,26.3065,1800,0.02
52,3.85,26.745,1830,0.02
52,3.8556,27.1834,1860,0.02
52,3.8606,27.6219,1890,0.02
52,3.8714,28.0603,1920,0.02
52,3.8778,28.4987,1950,0.02
52,3.8837,28.9372,1980,0.02
52,3.8858,29.3756,2010,0.02
52,3.892,29.8141,2040,0.02
52,3.8981,30.2525,2070,0.02
52,3.9046,30.691,2100,0.02
52,3.9123,31.1294,2130,0.02
52,3.917,31.5678,2160,0.02
52,3.9224,32.0063,2190,0.02
52,3.9299,32.4447,2220,0.02
52,3.9328,32.8832,2250,0.02
52,3.9393,33.3216,2280,0.02
52,3.9451,33.7601,2310,0.02
52,3.9481,34.1985,2340,0.02
52,3.9535,34.6369,2370,0.02
52,3.9569,35.0754,2400,0.02
52,3.9643,35.5138,2430,0.02
52,3.9667,35.9523,2460,0.02
52,3.9761,36.3907,2490,0.02
52,3.9794,36.8291,2520,0.02
52,3.9813,37.2676,2550,0.02
52,3.9894,37.706,2580,0.02
52,3.9889,38.1445,2610,0.02
52,3.9933,38.5829,2640,0.02
52,4.0019,39.0214,2670,0.02
52,4.0011,39.4598,2700,0.02
52,4.0046,39.8982,2730,0.02
52,4.0124,40.3367,2760,0.02
52,4.0164,40.7751,2790,0.02
52,4.0173,41.2136,2820,0.02
52,4.0199,41.652,2850,0.02
52,4.0259,42.0905,2880,0.02
52,4.03,42.5289,2910,0.02
52,4.0313,42.9673,2940,0.02
52,4.0371,43.4058,2970,0.02
52,4.0416,43.8442,3000,0.02
52,4.0395,44.2827,3030,0.02
52,4.0453,44.7211,3060,0.02
52,4.0467,45.1595,3090,0.02
52,4.051,45.598,3120,0.02
52,4.0519,46.0364,3150,0.02
52,4.0588,46.4749,3180,0.02
52,4.0615,46.9133,3210,0.02
52,4.0641,47.3518,3240,0.02
52,4.0663,47.7902,3270,0.02
52,4.0704,48.2286,3300,0.02
52,4.0688,48.6671,3330,0.02
52,4.0734,49.1055,3360,0.02
52,4.0773,49.544,3390,0.02
52,4.0776,49.9824,3420,0.02
52,4.0826,50.4209,3450,0.02
52,4.0816,50.8593,3480,0.02
52,4.0879,51.2977,3510,0.02
52,4.0901,51.7362,3540,0.02
52,4.0883,52.1746,3570,0.02
52,4.0903,52.6131,3600,0.02
52,4.0924,53.0515,3630,0.02
52,4.0997,53.4899,3660,0.02
52,4.1016,53.9284,3690,0.02
52,4.102,54.3668,3720,0.02
52,4.102,54.8053,3750,0.02
52,4.1018,55.2437,3780,0.02
52,4.1064,55.6822,3810,0.02
52,4.1092,56.1206,3840,0.02
52,4.1108,56.559,3870,0.02
52,4.1105,56.9975,3900,0.02
52,4.112,57.4359,3930,0.02
52,4.1173,57.8744,3960,0.02
52,4.1195,58.3128,3990,0.02
52,4.1213,58.7513,4020,0.02
52,4.1229,59.1897,4050,0.02
52,4.1238,59.6281,4080,0.02
52,4.1217,60.0666,4110,0.02
52,4.1262,60.505,4140,0.02
52,4.1279,60.9435,4170,0.02
52,4.1298,61.3819,4200,0.02
52,4.132,61.8204,4230,0.02
52,4.131,62.2588,4260,0.02
52,4.1323,62.6972,4290,0.02
52,4.1344,63.1357,4320,0.02
52,4.1368,63.5741,4350,0.02
52,4.1351,64.0126,4380,0.02
52,4.1378,64.451,4410,0.02
52,4.1399,64.8894,4440,0.02
52,4.1375,65.3279,4470,0.02
52,4.1424,65.7663,4500,0.02
52,4.1414,66.2048,4530,0.02
52,4.1458,66.6432,4560,0.02
52,4.1422,67.0817,4590,0.02
52,4.1459,67.5201,4620,0.02
52,4.1467,67.9585,4650,0.02
52,4.1489,68.397,4680,0.02
52,4.1516,68.8354,4710,0.02
52,4.1473,69.2739,4740,0.02
52,4.1522,69.7123,4770,0.02
52,4.1505,70.1508,4800,0.02
52,4.1546,70.5892,4830,0.02
52,4.1537,71.0276,4860,0.02
52,4.1524,71.4661,4890,0.02
52,4.1563,71.9045,4920,0.02
52,4.1538,72.343,4950,0.02
52,4.1563,72.7814,4980,0.02
52,4.1584,73.2198,5010,0.02
52,4.1596,73.6583,5040,0.02
52,4.1601,74.0967,5070,0.02
52,4.1589,74.5352,5100,0.02
52,4.1599,74.9736,5130,0.02
52,4.1644,75.4121,5160,0.02
52,4.164,75.8505,5190,0.02
52,4.1648,76.2889,5220,0.02
52,4.1622,76.7274,5250,0.02
52,4.1624,77.1658,5280,0.02
52,4.1639,77.6043,5310,0.02
52,4.1678,78.0427,5340,0.02
52,4.1696,78.4812,5370,0.02
52,4.1656,78.9196,5400,0.02
52,4.1667,79.358,5430,0.02
52,4.168,79.7965,5460,0.02
52,4.1669,80.2349,5490,0.02
52,4.1694,80.6734,5520,0.02
52,4.1687,81.1118,5550,0.02
52,4.1687,81.5503,5580,0.02
52,4.171,81.9887,5610,0.02
52,4.1719,82.4271,5640,0.02
52,4.1704,82.8656,5670,0.02
52,4.1719,83.304,5700,0.02
52,4.1725,83.7425,5730,0.02
52,4.1742,84.1809,5760,0.02
52,4.1727,84.6193,5790,0.02
52,4.1738,85.0578,5820,0.02
52,4.1781,85.4962,5850,0.02
52,4.1777,85.9347,5880,0.02
52,4.1769,86.3731,5910,0.02
52,4.1802,86.8116,5940,0.02
52,4.1762,87.25,5970,0.02
53,3.0,0.0,0,0.02
53,3.0181,0.4372,30,0.02
53,3.0427,0.8744,60,0.02
53,3.0723,1.3116,90,0.02
53,3.0904,1.7487,120,0.02
53,3.1113,2.1859,150,0.02
53,3.134,2.6231,180,0.02
53,3.1563,3.0603,210,0.02
53,3.1783,3.4975,240,0.02
53,3.1975,3.9347,270,0.02
53,3.2248,4.3719,300,0.02
53,3.2423,4.809,330,0.02
53,3.2529,5.2462,360,0.02
53,3.2684,5.6834,390,0.02
53,3.2933,6.1206,420,0.02
53,3.3166,6.5578,450,0.02
53,3.3248,6.995,480,0.02
53,3.3493,7.4322,510,0.02
53,3.364,7.8693,540,0.02
53,3.3746,8.3065,570,0.02
53,3.3979,8.7437,600,0.02
53,3.4211,9.1809,630,0.02
53,3.4322,9.6181,660,0.02
53,3.4488,10.0553,690,0.02
53,3.4664,10.4925,720,0.02
53,3.4662,10.9296,750,0.02
53,3.4947,11.3668,780,0.02
53,3.4949,11.804,810,0.02
53,3.5166,12.2412,840,0.02
53,3.5221,12.6784,870,0.02
53,3.5412,13.1156,900,0.02
53,3.5589,13.5528,930,0.02
53,3.5617,13.9899,960,0.02
53,3.5779,14.4271,990,0.02
53,3.5865,14.8643,1020,0.02
53,3.6102,15.3015,1050,0.02
53,3.6159,15.7387,1080,0.02
53,3.6365,16.1759,1110,0.02
53,3.6388,16.6131,1140,0.02
53,3.6553,17.0503,1170,0.02
53,3.6593,17.4874,1200,0.02
53,3.6774,17.9246,1230,0.02
53,3.6833,18.3618,1260,0.02
53,3.695,18.799,1290,0.02
53,3.7072,19.2362,1320,0.02
53,3.7072,19.6734,1350,0.02
53,3.725,20.1106,1380,0.02
53,3.7375,20.5477,1410,0.02
53,3.7367,20.9849,1440,0.02
53,3.7526,21.4221,1470,0.02
53,3.7576,21.8593,1500,0.02
53,3.7735,22.2965,1530,0.02
53,3.7817,22.7337,1560,0.02
53,3.7904,23.1709,1590,0.02
53,3.7969,23.608,1620,0.02
53,3.8043,24.0452,1650,0.02
53,3.8178,24.4824,1680,0.02
53,3.8158,24.9196,1710,0.02
53,3.8199,25.3568,1740,0.02
53,3.8399,25.794,1770,0.02
53,3.8433,26.2312,1800,0.02
53,3.8524,26.6683,1830,0.02
53,3.8484,27.1055,1860,0.02
53,3.862,27.5427,1890,0.02
53,3.8731,27.9799,1920,0.02
53,3.8798,28.4171,1950,0.02
53,3.8895,28.8543,1980,0.02
53,3.8938,29.2915,2010,0.02
53,3.901,29.7286,2040,0.02
53,3.9038,30.1658,2070,0.02
53,3.9017,30.603,2100,0.02
53,3.9109,31.0402,2130,0.02
53,3.9103,31.4774,2160,0.02
53,3.927,31.9146,2190,0.02
53,3.9346,32.3518,2220,0.02
53,3.9288,32.7889,2250,0.02
53,3.9351,33.2261,2280,0.02
53,3.9379,33.6633,2310,0.02
53,3.9519,34.1005,2340,0.02
53,3.9513,34.5377,2370,0.02
53,3.9538,34.9749,2400,0.02
53,3.9722,35.4121,2430,0.02
53,3.9763,35.8492,2460,0.02
53,3.9779,36.2864,2490,0.02
53,3.9739,36.7236,2520,0.02
53,3.984,37.1608,2550,0.02
53,3.988,37.598,2580,0.02
53,3.9924,38.0352,2610,0.02
53,3.9979,38.4724,2640,0.02
53,3.995,38.9095,2670,0.02
53,4.0045,39.3467,2700,0.02
53,4.0094,39.7839,2730,0.02
53,4.0057,40.2211,2760,0.02
53,4.0144,40.6583,2790,0.02
53,4.0192,41.0955,2820,0.02
53,4.0232,41.5327,2850,0.02
53,4.0215,41.9698,2880,0.02
53,4.0247,42.407,2910,0.02
53,4.0329,42.8442,2940,0.02
53,4.0435,43.2814,2970,0.02
53,4.0358,43.7186,3000,0.02
53,4.0497,44.1558,3030,0.02
53,4.0455,44.593,3060,0.02
53,4.0425,45.0302,3090,0.02
53,4.0463,45.4673,3120,0.02
53,4.0515,45.9045,3150,0.02
53,4.0637,46.3417,3180,0.02
53,4.0531,46.7789,3210,0.02
53,4.0612,47.2161,3240,0.02
53,4.0631,47.6533,3270,0.02
53,4.069,48.0905,3300,0.02
53,4.0674,48.5276,3330,0.02
53,4.0674,48.9648,3360,0.02
53,4.0747,49.402,3390,0.02
53,4.0741,49.8392,3420,0.02
53,4.0839,50.2764,3450,0.02
53,4.0864,50.7136,3480,0.02
53,4.0893,51.1508,3510,0.02
53,4.0955,51.5879,3540,0.02
53,4.0888,52.0251,3570,0.02
53,4.096,52.4623,3600,0.02
53,4.0942,52.8995,3630,0.02
53,4.0914,53.3367,3660,0.02
53,4.0967,53.7739,3690,0.02
53,4.1059,54.2111,3720,0.02
53,4.1029,54.6482,3750,0.02
53,4.0971,55.0854,3780,0.02
53,4.1002,55.5226,3810,0.02
53,4.1015,55.9598,3840,0.02
53,4.114,56.397,3870,0.02
53,4.1105,56.8342,3900,0.02
53,4.1185,57.2714,3930,0.02
53,4.1197,57.7085,3960,0.02
53,4.1173,58.1457,3990,0.02
53,4.118,58.5829,4020,0.02
53,4.1258,59.0201,4050,0.02
53,4.1202,59.4573,4080,0.02
53,4.1309,59.8945,4110,0.02
53,4.1243,60.3317,4140,0.02
53,4.1274,60.7688,4170,0.02
53,4.1279,61.206,4200,0.02
53,4.1243,61.6432,4230,0.02
53,4.13,62.0804,4260,0.02
53,4.1358,62.5176,4290,0.02
53,4.1371,62.9548,4320,0.02
53,4.1352,63.392,4350,0.02
53,4.1427,63.8291,4380,0.02
53,4.1405,64.2663,4410,0.02
53,4.146,64.7035,4440,0.02
53,4.1375,65.1407,4470,0.02
53,4.1418,65.5779,4500,0.02
53,4.146,66.0151,4530,0.02
53,4.1371,66.4523,4560,0.02
53,4.1451,66.8894,4590,0.02
53,4.138,67.3266,4620,0.02
53,4.1452,67.7638,4650,0.02
53,4.1462,68.201,4680,0.02
53,4.1472,68.6382,4710,0.02
53,4.1478,69.0754,4740,0.02
53,4.152,69.5126,4770,0.02
53,4.144,69.9497,4800,0.02
53,4.1588,70.3869,4830,0.02
53,4.1511,70.8241,4860,0.02
53,4.1475,71.2613,4890,0.02
53,4.1491,71.6985,4920,0.02
53,4.1519,72.1357,4950,0.02
53,4.153,72.5729,4980,0.02
53,4.1545,73.0101,5010,0.02
53,4.1637,73.4472,5040,0.02
53,4.1625,73.8844,5070,0.02
53,4.1598,74.3216,5100,0.02
53,4.1574,74.7588,5130,0.02
53,4.1691,75.196,5160,0.02
53,4.1618,75.6332,5190,0.02
53,4.1619,76.0704,5220,0.02
53,4.1684,76.5075,5250,0.02
53,4.167,76.9447,5280,0.02
53,4.1729,77.3819,5310,0.02
53,4.1638,77.8191,5340,0.02
53,4.1632,78.2563,5370,0.02
53,4.1679,78.6935,5400,0.02
53,4.1642,79.1307,5430,0.02
53,4.1657,79.5678,5460,0.02
53,4.174,80.005,5490,0.02
53,4.1682,80.4422,5520,0.02
53,4.1666,80.8794,5550,0.02
53,4.1704,81.3166,5580,0.02
53,4.1788,81.7538,5610,0.02
53,4.1674,82.191,5640,0.02
53,4.1694,82.6281,5670,0.02
53,4.1784,83.0653,5700,0.02
53,4.1812,83.5025,5730,0.02
53,4.177,83.9397,5760,0.02
53,4.1812,84.3769,5790,0.02
53,4.1816,84.8141,5820,0.02
53,4.1748,85.2513,5850,0.02
53,4.1735,85.6884,5880,0.02
53,4.1702,86.1256,5910,0.02
53,4.1822,86.5628,5940,0.02
53,4.1727,87.0,5970,0.02
54,3.0,0.0,0,0.02
54,3.0208,0.4359,30,0.02
54,3.0453,0.8719,60,0.02
54,3.0693,1.3078,90,0.02
54,3.0945,1.7437,120,0.02
54,3.1131,2.1796,150,0.02
54,3.1363,2.6156,180,0.02
54,3.1595,3.0515,210,0.02
54,3.177,3.4874,240,0.02
54,3.1907,3.9234,270,0.02
54,3.2138,4.3593,300,0.02
54,3.2448,4.7952,330,0.02
54,3.2614,5.2312,360,0.02
54,3.2836,5.6671,390,0.02
54,3.2967,6.103,420,0.02
54,3.308,6.5389,450,0.02
54,3.3284,6.9749,480,0.02
54,3.3476,7.4108,510,0.02
54,3.3692,7.8467,540,0.02
54,3.377,8.2827,570,0.02
54,3.3969,8.7186,600,0.02
54,3.4161,9.1545,630,0.02
54,3.4275,9.5905,660,0.02
54,3.4374,10.0264,690,0.02
54,3.4595,10.4623,720,0.02
54,3.476,10.8982,750,0.02
54,3.4938,11.3342,780,0.02
54,3.4954,11.7701,810,0.02
54,3.5206,12.206,840,0.02
54,3.5266,12.642,870,0.02
54,3.5487,13.0779,900,0.02
54,3.5525,13.5138,930,0.02
54,3.5626,13.9497,960,0.02
54,3.5799,14.3857,990,0.02
54,3.5991,14.8216,1020,0.02
54,3.6104,15.2575,1050,0.02
54,3.6189,15.6935,1080,0.02
54,3.6326,16.1294,1110,0.02
54,3.6461,16.5653,1140,0.02
54,3.6578,17.0013,1170,0.02
54,3.6594,17.4372,1200,0.02
54,3.6712,17.8731,1230,0.02
54,3.6909,18.309,1260,0.02
54,3.7006,18.745,1290,0.02
54,3.6977,19.1809,1320,0.02
54,3.7164,19.6168,1350,0.02
54,3.7212,20.0528,1380,0.02
54,3.7357,20.4887,1410,0.02
54,3.7459,20.9246,1440,0.02
54,3.7593,21.3606,1470,0.02
54,3.7606,21.7965,1500,0.02
54,3.7624,22.2324,1530,0.02
54,3.7753,22.6683,1560,0.02
54,3.7894,23.1043,1590,0.02
54,3.7963,23.5402,1620,0.02
54,3.8054,23.9761,1650,0.02
54,3.8066,24.4121,1680,0.02
54,3.8206,24.848,1710,0.02
54,3.8267,25.2839,1740,0.02
54,3.8363,25.7198,1770,0.02
54,3.8383,26.1558,1800,0.02
54,3.842,26.5917,1830,0.02
54,3.8481,27.0276,1860,0.02
54,3.8692,27.4636,1890,0.02
54,3.8732,27.8995,1920,0.02
54,3.8743,28.3354,1950,0.02
54,3.8889,28.7714,1980,0.02
54,3.8951,29.2073,2010,0.02
54,3.8975,29.6432,2040,0.02
54,3.8952,30.0791,2070,0.02
54,3.9062,30.5151,2100,0.02
54,3.9119,30.951,2130,0.02
54,3.9254,31.3869,2160,0.02
54,3.9264,31.8229,2190,0.02
54,3.9311,32.2588,2220,0.02
54,3.9403,32.6947,2250,0.02
54,3.9329,33.1307,2280,0.02
54,3.9467,33.5666,2310,0.02
54,3.9465,34.0025,2340,0.02
54,3.9616,34.4384,2370,0.02
54,3.9607,34.8744,2400,0.02
54,3.9611,35.3103,2430,0.02
54,3.9673,35.7462,2460,0.02
54,3.981,36.1822,2490,0.02
54,3.9778,36.6181,2520,0.02
54,3.9875,37.054,2550,0.02
54,3.9899,37.4899,2580,0.02
54,3.989,37.9259,2610,0.02
54,3.989,38.3618,2640,0.02
54,3.9959,38.7977,2670,0.02
54,4.0001,39.2337,2700,0.02
54,4.0115,39.6696,2730,0.02
54,4.0106,40.1055,2760,0.02
54,4.022,40.5415,2790,0.02
54,4.0163,40.9774,2820,0.02
54,4.0247,41.4133,2850,0.02
54,4.0285,41.8492,2880,0.02
54,4.0234,42.2852,2910,0.02
54,4.0277,42.7211,2940,0.02
54,4.0283,43.157,2970,0.02
54,4.0443,43.593,3000,0.02
54,4.0437,44.0289,3030,0.02
54,4.0517,44.4648,3060,0.02
54,4.0435,44.9008,3090,0.02
54,4.055,45.3367,3120,0.02
54,4.058,45.7726,3150,0.02
54,4.0629,46.2085,3180,0.02
54,4.0571,46.6445,3210,0.02
54,4.0648,47.0804,3240,0.02
54,4.0683,47.5163,3270,0.02
54,4.0667,47.9523,3300,0.02
54,4.0752,48.3882,3330,0.02
54,4.0763,48.8241,3360,0.02
54,4.0834,49.2601,3390,0.02
54,4.0839,49.696,3420,0.02
54,4.0869,50.1319,3450,0.02
54,4.0793,50.5678,3480,0.02
54,4.0899,51.0038,3510,0.02
54,4.0896,51.4397,3540,0.02
54,4.0832,51.8756,3570,0.02
54,4.0896,52.3116,3600,0.02
54,4.0905,52.7475,3630,0.02
54,4.0971,53.1834,3660,0.02
54,4.0935,53.6193,3690,0.02
54,4.1002,54.0553,3720,0.02
54,4.0986,54.4912,3750,0.02
54,4.1097,54.9271,3780,0.02
54,4.1008,55.3631,3810,0.02
54,4.1075,55.799,3840,0.02
54,4.1068,56.2349,3870,0.02
54,4.1126,56.6709,3900,0.02
54,4.1194,57.1068,3930,0.02
54,4.1126,57.5427,3960,0.02
54,4.1181,57.9786,3990,0.02
54,4.1229,58.4146,4020,0.02
54,4.1155,58.8505,4050,0.02
54,4.1196,59.2864,4080,0.02
54,4.1197,59.7224,4110,0.02
54,4.1199,60.1583,4140,0.02
54,4.1204,60.5942,4170,0.02
54,4.1305,61.0302,4200,0.02
54,4.133,61.4661,4230,0.02
54,4.1232,61.902,4260,0.02
54,4.1264,62.3379,4290,0.02
54,4.1296,62.7739,4320,0.02
54,4.1311,63.2098,4350,0.02
54,4.1431,63.6457,4380,0.02
54,4.1364,64.0817,4410,0.02
54,4.1356,64.5176,4440,0.02
54,4.1328,64.9535,4470,0.02
54,4.1338,65.3894,4500,0.02
54,4.1493,65.8254,4530,0.02
54,4.1488,66.2613,4560,0.02
54,4.1501,66.6972,4590,0.02
54,4.1442,67.1332,4620,0.02
54,4.14,67.5691,4650,0.02
54,4.1525,68.005,4680,0.02
54,4.1519,68.441,4710,0.02
54,4.1568,68.8769,4740,0.02
54,4.146,69.3128,4770,0.02
54,4.1445,69.7487,4800,0.02
54,4.149,70.1847,4830,0.02
54,4.1519,70.6206,4860,0.02
54,4.1528,71.0565,4890,0.02
54,4.1572,71.4925,4920,0.02
54,4.1593,71.9284,4950,0.02
54,4.1617,72.3643,4980,0.02
54,4.157,72.8003,5010,0.02
54,4.1654,73.2362,5040,0.02
54,4.1589,73.6721,5070,0.02
54,4.1643,74.108,5100,0.02
54,4.167,74.544,5130,0.02
54,4.1682,74.9799,5160,0.02
54,4.1689,75.4158,5190,0.02
54,4.1639,75.8518,5220,0.02
54,4.1696,76.2877,5250,0.02
54,4.1695,76.7236,5280,0.02
54,4.1661,77.1595,5310,0.02
54,4.173,77.5955,5340,0.02
54,4.1733,78.0314,5370,0.02
54,4.1749,78.4673,5400,0.02
54,4.1736,78.9033,5430,0.02
54,4.1624,79.3392,5460,0.02
54,4.1678,79.7751,5490,0.02
54,4.1709,80.2111,5520,0.02
54,4.1717,80.647,5550,0.02
54,4.1746,81.0829,5580,0.02
54,4.165,81.5188,5610,0.02
54,4.1736,81.9548,5640,0.02
54,4.1722,82.3907,5670,0.02
54,4.1815,82.8266,5700,0.02
54,4.1741,83.2626,5730,0.02
54,4.1798,83.6985,5760,0.02
54,4.1791,84.1344,5790,0.02
54,4.1765,84.5704,5820,0.02
54,4.1802,85.0063,5850,0.02
54,4.177,85.4422,5880,0.02
54,4.1793,85.8781,5910,0.02
54,4.1715,86.3141,5940,0.02
54,4.1818,86.75,5970,0.02
55,3.0035,0.0,0,0.02
55,3.0259,0.4347,30,0.02
55,3.0427,0.8693,60,0.02
55,3.074,1.304,90,0.02
55,3.0973,1.7387,120,0.02
55,3.1196,2.1734,150,0.02
55,3.1343,2.608,180,0.02
55,3.1551,3.0427,210,0.02
55,3.183,3.4774,240,0.02
55,3.1944,3.9121,270,0.02
55,3.2143,4.3467,300,0.02
55,3.2403,4.7814,330,0.02
55,3.2551,5.2161,360,0.02
55,3.2745,5.6508,390,0.02
55,3.2877,6.0854,420,0.02
55,3.3131,6.5201,450,0.02
55,3.3265,6.9548,480,0.02
55,3.3502,7.3894,510,0.02
55,3.3692,7.8241,540,0.02
55,3.3828,8.2588,570,0.02
55,3.3915,8.6935,600,0.02
55,3.4099,9.1281,630,0.02
55,3.4251,9.5628,660,0.02
55,3.4522,9.9975,690,0.02
55,3.4646,10.4322,720,0.02
55,3.4763,10.8668,750,0.02
55,3.4812,11.3015,780,0.02
55,3.5062,11.7362,810,0.02
55,3.513,12.1709,840,0.02
55,3.5313,12.6055,870,0.02
55,3.5451,13.0402,900,0.02
55,3.5591,13.4749,930,0.02
55,3.5768,13.9095,960,0.02
55,3.5757,14.3442,990,0.02
55,3.5864,14.7789,1020,0.02
55,3.5984,15.2136,1050,0.02
55,3.6169,15.6482,1080,0.02
55,3.6271,16.0829,1110,0.02
55,3.6379,16.5176,1140,0.02
55,3.6539,16.9523,1170,0.02
55,3.6608,17.3869,1200,0.02
55,3.6739,17.8216,1230,0.02
55,3.6826,18.2563,1260,0.02
55,3.6957,18.691,1290,0.02
55,3.702,19.1256,1320,0.02
55,3.7105,19.5603,1350,0.02
55,3.7253,19.995,1380,0.02
55,3.735,20.4296,1410,0.02
55,3.7367,20.8643,1440,0.02
55,3.7507,21.299,1470,0.02
55,3.7628,21.7337,1500,0.02
55,3.7682,22.1683,1530,0.02
55,3.7803,22.603,1560,0.02
55,3.7837,23.0377,1590,0.02
55,3.7888,23.4724,1620,0.02
55,3.801,23.907,1650,0.02
55,3.8117,24.3417,1680,0.02
55,3.8206,24.7764,1710,0.02
55,3.8204,25.2111,1740,0.02
55,3.8279,25.6457,1770,0.02
55,3.844,26.0804,1800,0.02
55,3.8404,26.5151,1830,0.02
55,3.8605,26.9497,1860,0.02
55,3.8669,27.3844,1890,0.02
55,3.8696,27.8191,1920,0.02
55,3.8675,28.2538,1950,0.02
55,3.8781,28.6884,1980,0.02
55,3.8869,29.1231,2010,0.02
55,3.8913,29.5578,2040,0.02
55,3.8985,29.9925,2070,0.02
55,3.9115,30.4271,2100,0.02
55,3.906,30.8618,2130,0.02
55,3.9195,31.2965,2160,0.02
55,3.9181,31.7312,2190,0.02
55,3.9351,32.1658,2220,0.02
55,3.9266,32.6005,2250,0.02
55,3.9466,33.0352,2280,0.02
55,3.9488,33.4698,2310,0.02
55,3.9528,33.9045,2340,0.02
55,3.9504,34.3392,2370,0.02
55,3.9578,34.7739,2400,0.02
55,3.9626,35.2085,2430,0.02
55,3.9648,35.6432,2460,0.02
55,3.9767,36.0779,2490,0.02
55,3.975,36.5126,2520,0.02
55,3.9781,36.9472,2550,0.02
55,3.9792,37.3819,2580,0.02
55,3.9856,37.8166,2610,0.02
55,3.9996,38.2513,2640,0.02
55,4.0057,38.6859,2670,0.02
55,4.0093,39.1206,2700,0.02
55,4.0015,39.5553,2730,0.02
55,4.014,39.9899,2760,0.02
55,4.0077,40.4246,2790,0.02
55,4.0125,40.8593,2820,0.02
55,4.0244,41.294,2850,0.02
55,4.0306,41.7286,2880,0.02
55,4.0292,42.1633,2910,0.02
55,4.0395,42.598,2940,0.02
55,4.031,43.0327,2970,0.02
55,4.0442,43.4673,3000,0.02
55,4.0494,43.902,3030,0.02
55,4.0494,44.3367,3060,0.02
55,4.0473,44.7714,3090,0.02
55,4.0574,45.206,3120,0.02
55,4.0527,45.6407,3150,0.02
55,4.0613,46.0754,3180,0.02
55,4.0581,46.5101,3210,0.02
55,4.0699,46.9447,3240,0.02
55,4.072,47.3794,3270,0.02
55,4.0641,47.8141,3300,0.02
55,4.0774,48.2487,3330,0.02
55,4.0678,48.6834,3360,0.02
55,4.0803,49.1181,3390,0.02
55,4.0797,49.5528,3420,0.02
55,4.0767,49.9874,3450,0.02
55,4.0835,50.4221,3480,0.02
55,4.0894,50.8568,3510,0.02
55,4.091,51.2915,3540,0.02
55,4.0925,51.7261,3570,0.02
55,4.0938,52.1608,3600,0.02
55,4.0905,52.5955,3630,0.02
55,4.0946,53.0302,3660,0.02
55,4.1014,53.4648,3690,0.02
55,4.0992,53.8995,3720,0.02
55,4.1031,54.3342,3750,0.02
55,4.1057,54.7688,3780,0.02
55,4.1057,55.2035,3810,0.02
55,4.1091,55.6382,3840,0.02
55,4.114,56.0729,3870,0.02
55,4.1175,56.5075,3900,0.02
55,4.1184,56.9422,3930,0.02
55,4.1217,57.3769,3960,0.02
55,4.1153,57.8116,3990,0.02
55,4.12,58.2462,4020,0.02
55,4.1217,58.6809,4050,0.02
55,4.1168,59.1156,4080,0.02
55,4.1265,59.5503,4110,0.02
55,4.1208,59.9849,4140,0.02
55,4.1243,60.4196,4170,0.02
55,4.1269,60.8543,4200,0.02
55,4.1302,61.2889,4230,0.02
55,4.1284,61.7236,4260,0.02
55,4.1263,62.1583,4290,0.02
55,4.1281,62.593,4320,0.02
55,4.1311,63.0276,4350,0.02
55,4.1345,63.4623,4380,0.02
55,4.1389,63.897,4410,0.02
55,4.1464,64.3317,4440,0.02
55,4.1325,64.7663,4470,0.02
55,4.1362,65.201,4500,0.02
55,4.1382,65.6357,4530,0.02
55,4.1356,66.0704,4560,0.02
55,4.1374,66.505,4590,0.02
55,4.1387,66.9397,4620,0.02
55,4.1542,67.3744,4650,0.02
55,4.1466,67.809,4680,0.02
55,4.1457,68.2437,4710,0.02
55,4.1561,68.6784,4740,0.02
55,4.1454,69.1131,4770,0.02
55,4.1571,69.5477,4800,0.02
55,4.157,69.9824,4830,0.02
55,4.1522,70.4171,4860,0.02
55,4.1512,70.8518,4890,0.02
55,4.1566,71.2864,4920,0.02
55,4.1506,71.7211,4950,0.02
55,4.1508,72.1558,4980,0.02
55,4.1605,72.5905,5010,0.02
55,4.1536,73.0251,5040,0.02
55,4.1671,73.4598,5070,0.02
55,4.158,73.8945,5100,0.02
55,4.1601,74.3291,5130,0.02
55,4.1672,74.7638,5160,0.02
55,4.1688,75.1985,5190,0.02
55,4.1635,75.6332,5220,0.02
55,4.1588,76.0678,5250,0.02
55,4.1592,76.5025,5280,0.02
55,4.1664,76.9372,5310,0.02
55,4.1645,77.3719,5340,0.02
55,4.1685,77.8065,5370,0.02
55,4.1706,78.2412,5400,0.02
55,4.1702,78.6759,5430,0.02
55,4.1709,79.1106,5460,0.02
55,4.1633,79.5452,5490,0.02
55,4.1749,79.9799,5520,0.02
55,4.1669,80.4146,5550,0.02
55,4.1649,80.8492,5580,0.02
55,4.178,81.2839,5610,0.02
55,4.1741,81.7186,5640,0.02
55,4.1686,82.1533,5670,0.02
55,4.1757,82.5879,5700,0.02
55,4.1711,83.0226,5730,0.02
55,4.1811,83.4573,5760,0.02
55,4.1731,83.892,5790,0.02
55,4.18,84.3266,5820,0.02
55,4.1699,84.7613,5850,0.02
55,4.1709,85.196,5880,0.02
55,4.1713,85.6307,5910,0.02
55,4.1822,86.0653,5940,0.02
55,4.1793,86.5,5970,0.02
56,3.0065,0.0,0,0.02
56,3.0172,0.4334,30,0.02
56,3.0512,0.8668,60,0.02
56,3.0883,1.3003,90,0.02
56,3.1346,1.7337,120,0.02
56,3.1592,2.1671,150,0.02
56,3.1552,2.6005,180,0.02
56,3.1641,3.0339,210,0.02
56,3.1754,3.4673,240,0.02
56,3.2009,3.9008,270,0.02
56,3.1949,4.3342,300,0.02
56,3.2326,4.7676,330,0.02
56,3.2485,5.201,360,0.02
56,3.2623,5.6344,390,0.02
56,3.2476,6.0678,420,0.02
56,3.2883,6.5013,450,0.02
56,3.3139,6.9347,480,0.02
56,3.3314,7.3681,510,0.02
56,3.3627,7.8015,540,0.02
56,3.3842,8.2349,570,0.02
56,3.4004,8.6683,600,0.02
56,3.4343,9.1018,630,0.02
56,3.4597,9.5352,660,0.02
56,3.4875,9.9686,690,0.02
56,3.4952,10.402,720,0.02
56,3.5203,10.8354,750,0.02
56,3.5167,11.2688,780,0.02
56,3.5088,11.7023,810,0.02
56,3.539,12.1357,840,0.02
56,3.5126,12.5691,870,0.02
56,3.525,13.0025,900,0.02
56,3.5288,13.4359,930,0.02
56,3.5323,13.8693,960,0.02
56,3.5459,14.3028,990,0.02
56,3.5735,14.7362,1020,0.02
56,3.5742,15.1696,1050,0.02
56,3.5904,15.603,1080,0.02
56,3.6166,16.0364,1110,0.02
56,3.6309,16.4698,1140,0.02
56,3.6752,16.9033,1170,0.02
56,3.6943,17.3367,1200,0.02
56,3.6956,17.7701,1230,0.02
56,3.707,18.2035,1260,0.02
56,3.7141,18.6369,1290,0.02
56,3.7245,19.0704,1320,0.02
56,3.7408,19.5038,1350,0.02
56,3.7527,19.9372,1380,0.02
56,3.7264,20.3706,1410,0.02
56,3.746,20.804,1440,0.02
56,3.736,21.2374,1470,0.02
56,3.7279,21.6709,1500,0.02
56,3.7349,22.1043,1530,0.02
56,3.7624,22.5377,1560,0.02
56,3.75,22.9711,1590,0.02
56,3.7749,23.4045,1620,0.02
56,3.8006,23.8379,1650,0.02
56,3.8018,24.2714,1680,0.02
56,3.8421,24.7048,1710,0.02
56,3.8368,25.1382,1740,0.02
56,3.8652,25.5716,1770,0.02
56,3.8859,26.005,1800,0.02
56,3.8637,26.4384,1830,0.02
56,3.8675,26.8719,1860,0.02
56,3.9029,27.3053,1890,0.02
56,3.8902,27.7387,1920,0.02
56,3.8866,28.1721,1950,0.02
56,3.8695,28.6055,1980,0.02
56,3.8819,29.0389,2010,0.02
56,3.8911,29.4724,2040,0.02
56,3.8706,29.9058,2070,0.02
56,3.8829,30.3392,2100,0.02
56,3.8803,30.7726,2130,0.02
56,3.8963,31.206,2160,0.02
56,3.8889,31.6394,2190,0.02
56,3.9026,32.0729,2220,0.02
56,3.9243,32.5063,2250,0.02
56,3.9388,32.9397,2280,0.02
56,3.9424,33.3731,2310,0.02
56,3.9754,33.8065,2340,0.02
56,3.9697,34.2399,2370,0.02
56,3.9793,34.6734,2400,0.02
56,3.9778,35.1068,2430,0.02
56,3.987,35.5402,2460,0.02
56,4.0086,35.9736,2490,0.02
56,3.9917,36.407,2520,0.02
56,3.9645,36.8405,2550,0.02
56,3.9626,37.2739,2580,0.02
56,3.983,37.7073,2610,0.02
56,3.965,38.1407,2640,0.02
56,3.9623,38.5741,2670,0.02
56,3.9867,39.0075,2700,0.02
56,3.9723,39.441,2730,0.02
56,4.0072,39.8744,2760,0.02
56,3.9892,40.3078,2790,0.02
56,4.0169,40.7412,2820,0.02
56,4.0446,41.1746,2850,0.02
56,4.0336,41.608,2880,0.02
56,4.0375,42.0415,2910,0.02
56,4.0603,42.4749,2940,0.02
56,4.08,42.9083,2970,0.02
56,4.0757,43.3417,3000,0.02
56,4.073,43.7751,3030,0.02
56,4.0598,44.2085,3060,0.02
56,4.0598,44.642,3090,0.02
56,4.0571,45.0754,3120,0.02
56,4.0385,45.5088,3150,0.02
56,4.0546,45.9422,3180,0.02
56,4.0291,46.3756,3210,0.02
56,4.0162,46.809,3240,0.02
56,4.0396,47.2425,3270,0.02
56,4.0542,47.6759,3300,0.02
56,4.0423,48.1093,3330,0.02
56,4.08,48.5427,3360,0.02
56,4.0817,48.9761,3390,0.02
56,4.0925,49.4095,3420,0.02
56,4.0809,49.843,3450,0.02
56,4.0971,50.2764,3480,0.02
56,4.1146,50.7098,3510,0.02
56,4.1291,51.1432,3540,0.02
56,4.1028,51.5766,3570,0.02
56,4.1096,52.0101,3600,0.02
56,4.0957,52.4435,3630,0.02
56,4.0987,52.8769,3660,0.02
56,4.0953,53.3103,3690,0.02
56,4.0788,53.7437,3720,0.02
56,4.0835,54.1771,3750,0.02
56,4.0895,54.6106,3780,0.02
56,4.0694,55.044,3810,0.02
56,4.0771,55.4774,3840,0.02
56,4.1042,55.9108,3870,0.02
56,4.0928,56.3442,3900,0.02
56,4.0894,56.7776,3930,0.02
56,4.1087,57.2111,3960,0.02
56,4.142,57.6445,3990,0.02
56,4.1181,58.0779,4020,0.02
56,4.1339,58.5113,4050,0.02
56,4.1629,58.9447,4080,0.02
56,4.1464,59.3781,4110,0.02
56,4.1419,59.8116,4140,0.02
56,4.1419,60.245,4170,0.02
56,4.1291,60.6784,4200,0.02
56,4.1437,61.1118,4230,0.02
56,4.1368,61.5452,4260,0.02
56,4.0997,61.9786,4290,0.02
56,4.1143,62.4121,4320,0.02
56,4.0986,62.8455,4350,0.02
56,4.1164,63.2789,4380,0.02
56,4.1132,63.7123,4410,0.02
56,4.1342,64.1457,4440,0.02
56,4.1211,64.5791,4470,0.02
56,4.1372,65.0126,4500,0.02
56,4.1323,65.446,4530,0.02
56,4.1634,65.8794,4560,0.02
56,4.1463,66.3128,4590,0.02
56,4.1621,66.7462,4620,0.02
56,4.1898,67.1796,4650,0.02
56,4.1808,67.6131,4680,0.02
56,4.1649,68.0465,4710,0.02
56,4.1597,68.4799,4740,0.02
56,4.1532,68.9133,4770,0.02
56,4.1641,69.3467,4800,0.02
56,4.1368,69.7802,4830,0.02
56,4.1458,70.2136,4860,0.02
56,4.1215,70.647,4890,0.02
56,4.1343,71.0804,4920,0.02
56,4.1213,71.5138,4950,0.02
56,4.1294,71.9472,4980,0.02
56,4.1201,72.3807,5010,0.02
56,4.1317,72.8141,5040,0.02
56,4.1559,73.2475,5070,0.02
56,4.1668,73.6809,5100,0.02
56,4.1771,74.1143,5130,0.02
56,4.1847,74.5477,5160,0.02
56,4.194,74.9812,5190,0.02
56,4.1773,75.4146,5220,0.02
56,4.1976,75.848,5250,0.02
56,4.1899,76.2814,5280,0.02
56,4.1911,76.7148,5310,0.02
56,4.1787,77.1482,5340,0.02
56,4.1786,77.5817,5370,0.02
56,4.1455,78.0151,5400,0.02
56,4.1352,78.4485,5430,0.02
56,4.1558,78.8819,5460,0.02
56,4.1606,79.3153,5490,0.02
56,4.1575,79.7487,5520,0.02
56,4.1601,80.1822,5550,0.02
56,4.1604,80.6156,5580,0.02
56,4.173,81.049,5610,0.02
56,4.1498,81.4824,5640,0.02
56,4.1905,81.9158,5670,0.02
56,4.191,82.3492,5700,0.02
56,4.187,82.7827,5730,0.02
56,4.2,83.2161,5760,0.02
56,4.2,83.6495,5790,0.02
56,4.2,84.0829,5820,0.02
56,4.2,84.5163,5850,0.02
56,4.1835,84.9497,5880,0.02
56,4.1916,85.3832,5910,0.02
56,4.1707,85.8166,5940,0.02
56,4.1736,86.25,5970,0.02
57,3.0,0.0,0,0.02
57,3.0313,0.4322,30,0.02
57,3.0463,0.8643,60,0.02
57,3.0708,1.2965,90,0.02
57,3.0888,1.7286,120,0.02
57,3.1185,2.1608,150,0.02
57,3.1387,2.593,180,0.02
57,3.151,3.0251,210,0.02
57,3.1848,3.4573,240,0.02
57,3.2062,3.8894,270,0.02
57,3.216,4.3216,300,0.02
57,3.2434,4.7538,330,0.02
57,3.2503,5.1859,360,0.02
57,3.275,5.6181,390,0.02
57,3.2902,6.0503,420,0.02
57,3.3143,6.4824,450,0.02
57,3.3281,6.9146,480,0.02
57,3.3475,7.3467,510,0.02
57,3.3685,7.7789,540,0.02
57,3.3781,8.2111,570,0.02
57,3.4028,8.6432,600,0.02
57,3.4121,9.0754,630,0.02
57,3.4288,9.5075,660,0.02
57,3.4363,9.9397,690,0.02
57,3.4648,10.3719,720,0.02
57,3.4753,10.804,750,0.02
57,3.4843,11.2362,780,0.02
57,3.5053,11.6683,810,0.02
57,3.5199,12.1005,840,0.02
57,3.5253,12.5327,870,0.02
57,3.5425,12.9648,900,0.02
57,3.5616,13.397,930,0.02
57,3.5672,13.8291,960,0.02
57,3.5772,14.2613,990,0.02
57,3.5906,14.6935,1020,0.02
57,3.6124,15.1256,1050,0.02
57,3.6134,15.5578,1080,0.02
57,3.6259,15.9899,1110,0.02
57,3.6417,16.4221,1140,0.02
57,3.6475,16.8543,1170,0.02
57,3.666,17.2864,1200,0.02
57,3.6789,17.7186,1230,0.02
57,3.6833,18.1508,1260,0.02
57,3.6885,18.5829,1290,0.02
57,3.7117,19.0151,1320,0.02
57,3.7184,19.4472,1350,0.02
57,3.7204,19.8794,1380,0.02
57,3.7336,20.3116,1410,0.02
57,3.7408,20.7437,1440,0.02
57,3.7445,21.1759,1470,0.02
57,3.7529,21.608,1500,0.02
57,3.7773,22.0402,1530,0.02
57,3.78,22.4724,1560,0.02
57,3.7794,22.9045,1590,0.02
57,3.7872,23.3367,1620,0.02
57,3.7958,23.7688,1650,0.02
57,3.8054,24.201,1680,0.02
57,3.8247,24.6332,1710,0.02
57,3.8182,25.0653,1740,0.02
57,3.8328,25.4975,1770,0.02
57,3.8444,25.9296,1800,0.02
57,3.855,26.3618,1830,0.02
57,3.859,26.794,1860,0.02
57,3.8681,27.2261,1890,0.02
57,3.8717,27.6583,1920,0.02
57,3.8723,28.0905,1950,0.02
57,3.8789,28.5226,1980,0.02
57,3.8843,28.9548,2010,0.02
57,3.8874,29.3869,2040,0.02
57,3.903,29.8191,2070,0.02
57,3.9027,30.2513,2100,0.02
57,3.9063,30.6834,2130,0.02
57,3.92,31.1156,2160,0.02
57,3.9255,31.5477,2190,0.02
57,3.9321,31.9799,2220,0.02
57,3.9362,32.4121,2250,0.02
57,3.933,32.8442,2280,0.02
57,3.9476,33.2764,2310,0.02
57,3.9532,33.7085,2340,0.02
57,3.9608,34.1407,2370,0.02
57,3.9628,34.5729,2400,0.02
57,3.9609,35.005,2430,0.02
57,3.9762,35.4372,2460,0.02
57,3.9759,35.8693,2490,0.02
57,3.9831,36.3015,2520,0.02
57,3.9791,36.7337,2550,0.02
57,3.992,37.1658,2580,0.02
57,3.9868,37.598,2610,0.02
57,3.9951,38.0302,2640,0.02
57,4.0035,38.4623,2670,0.02
57,3.9998,38.8945,2700,0.02
57,3.9997,39.3266,2730,0.02
57,4.0128,39.7588,2760,0.02
57,4.0176,40.191,2790,0.02
57,4.0166,40.6231,2820,0.02
57,4.0184,41.0553,2850,0.02
57,4.0294,41.4874,2880,0.02
57,4.0281,41.9196,2910,0.02
57,4.0276,42.3518,2940,0.02
57,4.0284,42.7839,2970,0.02
57,4.0351,43.2161,3000,0.02
57,4.0393,43.6482,3030,0.02
57,4.0435,44.0804,3060,0.02
57,4.0449,44.5126,3090,0.02
57,4.0531,44.9447,3120,0.02
57,4.0624,45.3769,3150,0.02
57,4.0506,45.809,3180,0.02
57,4.0536,46.2412,3210,0.02
57,4.0576,46.6734,3240,0.02
57,4.0607,47.1055,3270,0.02
57,4.0699,47.5377,3300,0.02
57,4.0704,47.9698,3330,0.02
57,4.0784,48.402,3360,0.02
57,4.0747,48.8342,3390,0.02
57,4.0744,49.2663,3420,0.02
57,4.0799,49.6985,3450,0.02
57,4.0867,50.1307,3480,0.02
57,4.0813,50.5628,3510,0.02
57,4.0818,50.995,3540,0.02
57,4.0937,51.4271,3570,0.02
57,4.0903,51.8593,3600,0.02
57,4.1008,52.2915,3630,0.02
57,4.0898,52.7236,3660,0.02
57,4.1053,53.1558,3690,0.02
57,4.1017,53.5879,3720,0.02
57,4.0983,54.0201,3750,0.02
57,4.1026,54.4523,3780,0.02
57,4.1061,54.8844,3810,0.02
57,4.1058,55.3166,3840,0.02
57,4.1048,55.7487,3870,0.02
57,4.1045,56.1809,3900,0.02
57,4.1067,56.6131,3930,0.02
57,4.1095,57.0452,3960,0.02
57,4.1108,57.4774,3990,0.02
57,4.1119,57.9095,4020,0.02
57,4.1146,58.3417,4050,0.02
57,4.117,58.7739,4080,0.02
57,4.1187,59.206,4110,0.02
57,4.1179,59.6382,4140,0.02
57,4.1273,60.0704,4170,0.02
57,4.1318,60.5025,4200,0.02
57,4.1361,60.9347,4230,0.02
57,4.1242,61.3668,4260,0.02
57,4.1352,61.799,4290,0.02
57,4.1284,62.2312,4320,0.02
57,4.1327,62.6633,4350,0.02
57,4.131,63.0955,4380,0.02
57,4.1391,63.5276,4410,0.02
57,4.1377,63.9598,4440,0.02
57,4.1431,64.392,4470,0.02
57,4.1361,64.8241,4500,0.02
57,4.1445,65.2563,4530,0.02
57,4.1453,65.6884,4560,0.02
57,4.1506,66.1206,4590,0.02
57,4.1431,66.5528,4620,0.02
57,4.1414,66.9849,4650,0.02
57,4.1446,67.4171,4680,0.02
57,4.1494,67.8492,4710,0.02
57,4.153,68.2814,4740,0.02
57,4.1575,68.7136,4770,0.02
57,4.1525,69.1457,4800,0.02
57,4.1454,69.5779,4830,0.02
57,4.1516,70.0101,4860,0.02
57,4.1486,70.4422,4890,0.02
57,4.1617,70.8744,4920,0.02
57,4.1642,71.3065,4950,0.02
57,4.1616,71.7387,4980,0.02
57,4.1647,72.1709,5010,0.02
57,4.1616,72.603,5040,0.02
57,4.1554,73.0352,5070,0.02
57,4.1612,73.4673,5100,0.02
57,4.1686,73.8995,5130,0.02
57,4.1696,74.3317,5160,0.02
57,4.1597,74.7638,5190,0.02
57,4.1695,75.196,5220,0.02
57,4.171,75.6281,5250,0.02
57,4.1636,76.0603,5280,0.02
57,4.1667,76.4925,5310,0.02
57,4.1724,76.9246,5340,0.02
57,4.1741,77.3568,5370,0.02
57,4.1654,77.7889,5400,0.02
57,4.1763,78.2211,5430,0.02
57,4.1661,78.6533,5460,0.02
57,4.1727,79.0854,5490,0.02
57,4.1692,79.5176,5520,0.02
57,4.1747,79.9497,5550,0.02
57,4.1716,80.3819,5580,0.02
57,4.1777,80.8141,5610,0.02
57,4.1718,81.2462,5640,0.02
57,4.1803,81.6784,5670,0.02
57,4.166,82.1106,5700,0.02
57,4.1796,82.5427,5730,0.02
57,4.1792,82.9749,5760,0.02
57,4.1811,83.407,5790,0.02
57,4.1808,83.8392,5820,0.02
57,4.1805,84.2714,5850,0.02
57,4.1779,84.7035,5880,0.02
57,4.1767,85.1357,5910,0.02
57,4.184,85.5678,5940,0.02
57,4.1725,86.0,5970,0.02
58,3.0,0.0,0,0.02
58,3.0194,0.4309,30,0.02
58,3.0428,0.8618,60,0.02
58,3.0665,1.2927,90,0.02
58,3.0992,1.7236,120,0.02
58,3.1153,2.1545,150,0.02
58,3.1424,2.5854,180,0.02
58,3.1576,3.0163,210,0.02
58,3.1815,3.4472,240,0.02
58,3.2036,3.8781,270,0.02
58,3.212,4.309,300,0.02
58,3.2334,4.7399,330,0.02
58,3.26,5.1709,360,0.02
58,3.2768,5.6018,390,0.02
58,3.296,6.0327,420,0.02
58,3.3144,6.4636,450,0.02
58,3.3333,6.8945,480,0.02
58,3.3418,7.3254,510,0.02
58,3.3569,7.7563,540,0.02
58,3.3873,8.1872,570,0.02
58,3.3966,8.6181,600,0.02
58,3.4132,9.049,630,0.02
58,3.4316,9.4799,660,0.02
58,3.4396,9.9108,690,0.02
58,3.4651,10.3417,720,0.02
58,3.4697,10.7726,750,0.02
58,3.4944,11.2035,780,0.02
58,3.5017,11.6344,810,0.02
58,3.5153,12.0653,840,0.02
58,3.5287,12.4962,870,0.02
58,3.5487,12.9271,900,0.02
58,3.5501,13.358,930,0.02
58,3.5766,13.7889,960,0.02
58,3.5832,14.2198,990,0.02
58,3.5906,14.6508,1020,0.02
58,3.6123,15.0817,1050,0.02
58,3.6243,15.5126,1080,0.02
58,3.6356,15.9435,1110,0.02
58,3.6344,16.3744,1140,0.02
58,3.6466,16.8053,1170,0.02
58,3.6702,17.2362,1200,0.02
58,3.6798,17.6671,1230,0.02
58,3.6803,18.098,1260,0.02
58,3.6945,18.5289,1290,0.02
58,3.7025,18.9598,1320,0.02
58,3.7184,19.3907,1350,0.02
58,3.7192,19.8216,1380,0.02
58,3.7308,20.2525,1410,0.02
58,3.742,20.6834,1440,0.02
58,3.7467,21.1143,1470,0.02
58,3.7687,21.5452,1500,0.02
58,3.7725,21.9761,1530,0.02
58,3.7767,22.407,1560,0.02
58,3.7939,22.8379,1590,0.02
58,3.7996,23.2688,1620,0.02
58,3.7958,23.6997,1650,0.02
58,3.8099,24.1307,1680,0.02
58,3.8191,24.5616,1710,0.02
58,3.8302,24.9925,1740,0.02
58,3.8303,25.4234,1770,0.02
58,3.8332,25.8543,1800,0.02
58,3.8514,26.2852,1830,0.02
58,3.8521,26.7161,1860,0.02
58,3.8623,27.147,1890,0.02
58,3.8668,27.5779,1920,0.02
58,3.8802,28.0088,1950,0.02
58,3.8792,28.4397,1980,0.02
58,3.8869,28.8706,2010,0.02
58,3.8993,29.3015,2040,0.02
58,3.9058,29.7324,2070,0.02
58,3.905,30.1633,2100,0.02
58,3.908,30.5942,2130,0.02
58,3.9237,31.0251,2160,0.02
58,3.9178,31.456,2190,0.02
58,3.93,31.8869,2220,0.02
58,3.9371,32.3178,2250,0.02
58,3.9432,32.7487,2280,0.02
58,3.942,33.1796,2310,0.02
58,3.9479,33.6106,2340,0.02
58,3.9541,34.0415,2370,0.02
58,3.9632,34.4724,2400,0.02
58,3.9662,34.9033,2430,0.02
58,3.9611,35.3342,2460,0.02
58,3.9782,35.7651,2490,0.02
58,3.9862,36.196,2520,0.02
58,3.9851,36.6269,2550,0.02
58,3.9871,37.0578,2580,0.02
58,3.9863,37.4887,2610,0.02
58,3.9942,37.9196,2640,0.02
58,4.0046,38.3505,2670,0.02
58,3.9966,38.7814,2700,0.02
58,4.0003,39.2123,2730,0.02
58,4.0118,39.6432,2760,0.02
58,4.0076,40.0741,2790,0.02
58,4.0197,40.505,2820,0.02
58,4.0185,40.9359,2850,0.02
58,4.0326,41.3668,2880,0.02
58,4.0321,41.7977,2910,0.02
58,4.0299,42.2286,2940,0.02
58,4.0378,42.6595,2970,0.02
58,4.0421,43.0905,3000,0.02
58,4.0404,43.5214,3030,0.02
58,4.0436,43.9523,3060,0.02
58,4.0417,44.3832,3090,0.02
58,4.0449,44.8141,3120,0.02
58,4.0466,45.245,3150,0.02
58,4.0531,45.6759,3180,0.02
58,4.0527,46.1068,3210,0.02
58,4.0629,46.5377,3240,0.02
58,4.0712,46.9686,3270,0.02
58,4.063,47.3995,3300,0.02
58,4.0763,47.8304,3330,0.02
58,4.0762,48.2613,3360,0.02
58,4.0699,48.6922,3390,0.02
58,4.0797,49.1231,3420,0.02
58,4.0839,49.554,3450,0.02
58,4.0826,49.9849,3480,0.02
58,4.0816,50.4158,3510,0.02
58,4.0824,50.8467,3540,0.02
58,4.0935,51.2776,3570,0.02
58,4.0971,51.7085,3600,0.02
58,4.0882,52.1394,3630,0.02
58,4.0956,52.5704,3660,0.02
58,4.1053,53.0013,3690,0.02
58,4.0982,53.4322,3720,0.02
58,4.1103,53.8631,3750,0.02
58,4.1123,54.294,3780,0.02
58,4.1073,54.7249,3810,0.02
58,4.1031,55.1558,3840,0.02
58,4.1138,55.5867,3870,0.02
58,4.1199,56.0176,3900,0.02
58,4.1137,56.4485,3930,0.02
58,4.1187,56.8794,3960,0.02
58,4.1214,57.3103,3990,0.02
58,4.1203,57.7412,4020,0.02
58,4.1208,58.1721,4050,0.02
58,4.1217,58.603,4080,0.02
58,4.1202,59.0339,4110,0.02
58,4.1237,59.4648,4140,0.02
58,4.1323,59.8957,4170,0.02
58,4.1358,60.3266,4200,0.02
58,4.1296,60.7575,4230,0.02
58,4.1372,61.1884,4260,0.02
58,4.1335,61.6193,4290,0.02
58,4.1335,62.0503,4320,0.02
58,4.1413,62.4812,4350,0.02
58,4.1352,62.9121,4380,0.02
58,4.1448,63.343,4410,0.02
58,4.1347,63.7739,4440,0.02
58,4.1459,64.2048,4470,0.02
58,4.1375,64.6357,4500,0.02
58,4.1405,65.0666,4530,0.02
58,4.1485,65.4975,4560,0.02
58,4.1525,65.9284,4590,0.02
58,4.1447,66.3593,4620,0.02
58,4.1477,66.7902,4650,0.02
58,4.1502,67.2211,4680,0.02
58,4.153,67.652,4710,0.02
58,4.1421,68.0829,4740,0.02
58,4.144,68.5138,4770,0.02
58,4.1443,68.9447,4800,0.02
58,4.1476,69.3756,4830,0.02
58,4.1617,69.8065,4860,0.02
58,4.1547,70.2374,4890,0.02
58,4.1533,70.6683,4920,0.02
58,4.1544,71.0992,4950,0.02
58,4.1525,71.5302,4980,0.02
58,4.1655,71.9611,5010,0.02
58,4.1665,72.392,5040,0.02
58,4.1611,72.8229,5070,0.02
58,4.167,73.2538,5100,0.02
58,4.1643,73.6847,5130,0.02
58,4.1598,74.1156,5160,0.02
58,4.1631,74.5465,5190,0.02
58,4.1577,74.9774,5220,0.02
58,4.1579,75.4083,5250,0.02
58,4.1712,75.8392,5280,0.02
58,4.1597,76.2701,5310,0.02
58,4.1589,76.701,5340,0.02
58,4.1711,77.1319,5370,0.02
58,4.1734,77.5628,5400,0.02
58,4.1627,77.9937,5430,0.02
58,4.1726,78.4246,5460,0.02
58,4.1716,78.8555,5490,0.02
58,4.17,79.2864,5520,0.02
58,4.1753,79.7173,5550,0.02
58,4.1674,80.1482,5580,0.02
58,4.1643,80.5791,5610,0.02
58,4.1799,81.0101,5640,0.02
58,4.166,81.441,5670,0.02
58,4.18,81.8719,5700,0.02
58,4.178,82.3028,5730,0.02
58,4.172,82.7337,5760,0.02
58,4.1786,83.1646,5790,0.02
58,4.1811,83.5955,5820,0.02
58,4.18,84.0264,5850,0.02
58,4.1711,84.4573,5880,0.02
58,4.1706,84.8882,5910,0.02
58,4.17,85.3191,5940,0.02
58,4.1752,85.75,5970,0.02
59,3.0072,0.0,0,0.02
59,3.0513,0.4296,30,0.02
59,3.0502,0.8593,60,0.02
59,3.0965,1.2889,90,0.02
59,3.1259,1.7186,120,0.02
59,3.1596,2.1482,150,0.02
59,3.1703,2.5779,180,0.02
59,3.1825,3.0075,210,0.02
59,3.187,3.4372,240,0.02
59,3.1856,3.8668,270,0.02
59,3.2246,4.2965,300,0.02
59,3.2255,4.7261,330,0.02
59,3.2291,5.1558,360,0.02
59,3.2319,5.5854,390,0.02
59,3.2494,6.0151,420,0.02
59,3.2933,6.4447,450,0.02
59,3.2931,6.8744,480,0.02
59,3.3145,7.304,510,0.02
59,3.3634,7.7337,540,0.02
59,3.3841,8.1633,570,0.02
59,3.4116,8.593,600,0.02
59,3.4188,9.0226,630,0.02
59,3.457,9.4523,660,0.02
59,3.4839,9.8819,690,0.02
59,3.5031,10.3116,720,0.02
59,3.5102,10.7412,750,0.02
59,3.5035,11.1709,780,0.02
59,3.5299,11.6005,810,0.02
59,3.5163,12.0302,840,0.02
59,3.5212,12.4598,870,0.02
59,3.5215,12.8894,900,0.02
59,3.54,13.3191,930,0.02
59,3.5368,13.7487,960,0.02
59,3.5675,14.1784,990,0.02
59,3.5849,14.608,1020,0.02
59,3.5644,15.0377,1050,0.02
59,3.6145,15.4673,1080,0.02
59,3.6038,15.897,1110,0.02
59,3.6422,16.3266,1140,0.02
59,3.6832,16.7563,1170,0.02
59,3.7027,17.1859,1200,0.02
59,3.7061,17.6156,1230,0.02
59,3.7079,18.0452,1260,0.02
59,3.7223,18.4749,1290,0.02
59,3.7494,18.9045,1320,0.02
59,3.7238,19.3342,1350,0.02
59,3.7494,19.7638,1380,0.02
59,3.7254,20.1935,1410,0.02
59,3.7381,20.6231,1440,0.02
59,3.7395,21.0528,1470,0.02
59,3.7163,21.4824,1500,0.02
59,3.7293,21.9121,1530,0.02
59,3.7675,22.3417,1560,0.02
59,3.7484,22.7714,1590,0.02
59,3.7879,23.201,1620,0.02
59,3.7716,23.6307,1650,0.02
59,3.7897,24.0603,1680,0.02
59,3.8032,24.4899,1710,0.02
59,3.831,24.9196,1740,0.02
59,3.8573,25.3492,1770,0.02
59,3.8535,25.7789,1800,0.02
59,3.8917,26.2085,1830,0.02
59,3.877,26.6382,1860,0.02
59,3.898,27.0678,1890,0.02
59,3.8747,27.4975,1920,0.02
59,3.8863,27.9271,1950,0.02
59,3.8873,28.3568,1980,0.02
59,3.878,28.7864,2010,0.02
59,3.8764,29.2161,2040,0.02
59,3.8623,29.6457,2070,0.02
59,3.8749,30.0754,2100,0.02
59,3.8721,30.505,2130,0.02
59,3.8715,30.9347,2160,0.02
59,3.895,31.3643,2190,0.02
59,3.91,31.794,2220,0.02
59,3.9468,32.2236,2250,0.02
59,3.9453,32.6533,2280,0.02
59,3.9669,33.0829,2310,0.02
59,3.9923,33.5126,2340,0.02
59,3.9736,33.9422,2370,0.02
59,3.99,34.3719,2400,0.02
59,3.9871,34.8015,2430,0.02
59,3.9941,35.2312,2460,0.02
59,4.0005,35.6608,2490,0.02
59,3.9912,36.0905,2520,0.02
59,3.9923,36.5201,2550,0.02
59,3.9909,36.9497,2580,0.02
59,3.983,37.3794,2610,0.02
59,3.9579,37.809,2640,0.02
59,3.9522,38.2387,2670,0.02
59,3.9639,38.6683,2700,0.02
59,3.9842,39.098,2730,0.02
59,4.0004,39.5276,2760,0.02
59,3.9907,39.9573,2790,0.02
59,4.0207,40.3869,2820,0.02
59,4.0117,40.8166,2850,0.02
59,4.0398,41.2462,2880,0.02
59,4.037,41.6759,2910,0.02
59,4.0762,42.1055,2940,0.02
59,4.0839,42.5352,2970,0.02
59,4.0499,42.9648,3000,0.02
59,4.0517,43.3945,3030,0.02
59,4.0576,43.8241,3060,0.02
59,4.0718,44.2538,3090,0.02
59,4.0666,44.6834,3120,0.02
59,4.032,45.1131,3150,0.02
59,4.0229,45.5427,3180,0.02
59,4.0176,45.9724,3210,0.02
59,4.0434,46.402,3240,0.02
59,4.0505,46.8317,3270,0.02
59,4.0326,47.2613,3300,0.02
59,4.0625,47.691,3330,0.02
59,4.043,48.1206,3360,0.02
59,4.0636,48.5503,3390,0.02
59,4.104,48.9799,3420,0.02
59,4.1127,49.4095,3450,0.02
59,4.0996,49.8392,3480,0.02
59,4.104,50.2688,3510,0.02
59,4.1209,50.6985,3540,0.02
59,4.1023,51.1281,3570,0.02
59,4.1187,51.5578,3600,0.02
59,4.1284,51.9874,3630,0.02
59,4.1113,52.4171,3660,0.02
59,4.0939,52.8467,3690,0.02
59,4.0911,53.2764,3720,0.02
59,4.0914,53.706,3750,0.02
59,4.0697,54.1357,3780,0.02
59,4.0942,54.5653,3810,0.02
59,4.0757,54.995,3840,0.02
59,4.0932,55.4246,3870,0.02
59,4.0857,55.8543,3900,0.02
59,4.1143,56.2839,3930,0.02
59,4.108,56.7136,3960,0.02
59,4.121,57.1432,3990,0.02
59,4.1219,57.5729,4020,0.02
59,4.1515,58.0025,4050,0.02
59,4.1419,58.4322,4080,0.02
59,4.1516,58.8618,4110,0.02
59,4.1486,59.2915,4140,0.02
59,4.1396,59.7211,4170,0.02
59,4.1541,60.1508,4200,0.02
59,4.1265,60.5804,4230,0.02
59,4.1169,61.0101,4260,0.02
59,4.1216,61.4397,4290,0.02
59,4.1156,61.8693,4320,0.02
59,4.1077,62.299,4350,0.02
59,4.0966,62.7286,4380,0.02
59,4.1075,63.1583,4410,0.02
59,4.1002,63.5879,4440,0.02
59,4.1244,64.0176,4470,0.02
59,4.124,64.4472,4500,0.02
59,4.1585,64.8769,4530,0.02
59,4.1358,65.3065,4560,0.02
59,4.1617,65.7362,4590,0.02
59,4.1915,66.1658,4620,0.02
59,4.1727,66.5955,4650,0.02
59,4.165,67.0251,4680,0.02
59,4.1806,67.4548,4710,0.02
59,4.1586,67.8844,4740,0.02
59,4.1722,68.3141,4770,0.02
59,4.1447,68.7437,4800,0.02
59,4.1509,69.1734,4830,0.02
59,4.1533,69.603,4860,0.02
59,4.1324,70.0327,4890,0.02
59,4.128,70.4623,4920,0.02
59,4.1212,70.892,4950,0.02
59,4.1218,71.3216,4980,0.02
59,4.1413,71.7513,5010,0.02
59,4.1547,72.1809,5040,0.02
59,4.1438,72.6106,5070,0.02
59,4.1611,73.0402,5100,0.02
59,4.1886,73.4698,5130,0.02
59,4.1815,73.8995,5160,0.02
59,4.1856,74.3291,5190,0.02
59,4.182,74.7588,5220,0.02
59,4.1843,75.1884,5250,0.02
59,4.1857,75.6181,5280,0.02
59,4.2,76.0477,5310,0.02
59,4.1707,76.4774,5340,0.02
59,4.155,76.907,5370,0.02
59,4.1519,77.3367,5400,0.02
59,4.1306,77.7663,5430,0.02
59,4.1516,78.196,5460,0.02
59,4.1464,78.6256,5490,0.02
59,4.13,79.0553,5520,0.02
59,4.1313,79.4849,5550,0.02
59,4.165,79.9146,5580,0.02
59,4.153,80.3442,5610,0.02
59,4.1758,80.7739,5640,0.02
59,4.1933,81.2035,5670,0.02
59,4.1879,81.6332,5700,0.02
59,4.1821,82.0628,5730,0.02
59,4.2,82.4925,5760,0.02
59,4.196,82.9221,5790,0.02
59,4.1976,83.3518,5820,0.02
59,4.2,83.7814,5850,0.02
59,4.2,84.2111,5880,0.02
59,4.1851,84.6407,5910,0.02
59,4.1699,85.0704,5940,0.02
59,4.1718,85.5,5970,0.02
60,3.0,0.0,0,0.02
60,3.0172,0.4284,30,0.02
60,3.0488,0.8568,60,0.02
60,3.0661,1.2852,90,0.02
60,3.0914,1.7136,120,0.02
60,3.1184,2.142,150,0.02
60,3.1321,2.5704,180,0.02
60,3.1499,2.9987,210,0.02
60,3.183,3.4271,240,0.02
60,3.2013,3.8555,270,0.02
60,3.2107,4.2839,300,0.02
60,3.232,4.7123,330,0.02
60,3.2493,5.1407,360,0.02
60,3.2761,5.5691,390,0.02
60,3.2899,5.9975,420,0.02
60,3.3164,6.4259,450,0.02
60,3.3375,6.8543,480,0.02
60,3.3442,7.2827,510,0.02
60,3.3665,7.7111,540,0.02
60,3.3823,8.1394,570,0.02
60,3.394,8.5678,600,0.02
60,3.4094,8.9962,630,0.02
60,3.4279,9.4246,660,0.02
60,3.4464,9.853,690,0.02
60,3.4644,10.2814,720,0.02
60,3.4804,10.7098,750,0.02
60,3.4929,11.1382,780,0.02
60,3.4953,11.5666,810,0.02
60,3.5115,11.995,840,0.02
60,3.5354,12.4234,870,0.02
60,3.5373,12.8518,900,0.02
60,3.5621,13.2802,930,0.02
60,3.5764,13.7085,960,0.02
60,3.5844,14.1369,990,0.02
60,3.588,14.5653,1020,0.02
60,3.6119,14.9937,1050,0.02
60,3.6221,15.4221,1080,0.02
60,3.6344,15.8505,1110,0.02
60,3.6355,16.2789,1140,0.02
60,3.659,16.7073,1170,0.02
60,3.6689,17.1357,1200,0.02
60,3.678,17.5641,1230,0.02
60,3.6871,17.9925,1260,0.02
60,3.6969,18.4209,1290,0.02
60,3.701,18.8492,1320,0.02
60,3.711,19.2776,1350,0.02
60,3.7285,19.706,1380,0.02
60,3.7363,20.1344,1410,0.02
60,3.7428,20.5628,1440,0.02
60,3.7563,20.9912,1470,0.02
60,3.7568,21.4196,1500,0.02
60,3.7629,21.848,1530,0.02
60,3.7854,22.2764,1560,0.02
60,3.7843,22.7048,1590,0.02
60,3.7907,23.1332,1620,0.02
60,3.8016,23.5616,1650,0.02
60,3.8186,23.9899,1680,0.02
60,3.8227,24.4183,1710,0.02
60,3.8181,24.8467,1740,0.02
60,3.829,25.2751,1770,0.02
60,3.842,25.7035,1800,0.02
60,3.8421,26.1319,1830,0.02
60,3.8518,26.5603,1860,0.02
60,3.8581,26.9887,1890,0.02
60,3.8714,27.4171,1920,0.02
60,3.8683,27.8455,1950,0.02
60,3.8756,28.2739,1980,0.02
60,3.8799,28.7023,2010,0.02
60,3.8946,29.1307,2040,0.02
60,3.9068,29.559,2070,0.02
60,3.9078,29.9874,2100,0.02
60,3.9061,30.4158,2130,0.02
60,3.9161,30.8442,2160,0.02
60,3.9254,31.2726,2190,0.02
60,3.9264,31.701,2220,0.02
60,3.9293,32.1294,2250,0.02
60,3.9458,32.5578,2280,0.02
60,3.9439,32.9862,2310,0.02
60,3.9505,33.4146,2340,0.02
60,3.9487,33.843,2370,0.02
60,3.9535,34.2714,2400,0.02
60,3.9595,34.6997,2430,0.02
60,3.9709,35.1281,2460,0.02
60,3.9775,35.5565,2490,0.02
60,3.9718,35.9849,2520,0.02
60,3.9802,36.4133,2550,0.02
60,3.9833,36.8417,2580,0.02
60,3.9852,37.2701,2610,0.02
60,3.9975,37.6985,2640,0.02
60,3.9953,38.1269,2670,0.02
60,4.0043,38.5553,2700,0.02
60,4.01,38.9837,2730,0.02
60,4.0162,39.4121,2760,0.02
60,4.0131,39.8405,2790,0.02
60,4.0167,40.2688,2820,0.02
60,4.0181,40.6972,2850,0.02
60,4.0243,41.1256,2880,0.02
60,4.029,41.554,2910,0.02
60,4.0263,41.9824,2940,0.02
60,4.0405,42.4108,2970,0.02
60,4.0471,42.8392,3000,0.02
60,4.0372,43.2676,3030,0.02
60,4.0503,43.696,3060,0.02
60,4.0492,44.1244,3090,0.02
60,4.049,44.5528,3120,0.02
60,4.0609,44.9812,3150,0.02
60,4.054,45.4095,3180,0.02
60,4.0621,45.8379,3210,0.02
60,4.0628,46.2663,3240,0.02
60,4.0606,46.6947,3270,0.02
60,4.0657,47.1231,3300,0.02
60,4.0771,47.5515,3330,0.02
60,4.0763,47.9799,3360,0.02
60,4.0796,48.4083,3390,0.02
60,4.0761,48.8367,3420,0.02
60,4.0799,49.2651,3450,0.02
60,4.0905,49.6935,3480,0.02
60,4.0935,50.1219,3510,0.02
60,4.0847,50.5503,3540,0.02
60,4.0898,50.9786,3570,0.02
60,4.0969,51.407,3600,0.02
60,4.1017,51.8354,3630,0.02
60,4.1001,52.2638,3660,0.02
60,4.0937,52.6922,3690,0.02
60,4.1063,53.1206,3720,0.02
60,4.0953,53.549,3750,0.02
60,4.1062,53.9774,3780,0.02
60,4.1073,54.4058,3810,0.02
60,4.1049,54.8342,3840,0.02
60,4.1135,55.2626,3870,0.02
60,4.1158,55.691,3900,0.02
60,4.1212,56.1193,3930,0.02
60,4.1211,56.5477,3960,0.02
60,4.1185,56.9761,3990,0.02
60,4.1128,57.4045,4020,0.02
60,4.1175,57.8329,4050,0.02
60,4.1239,58.2613,4080,0.02
60,4.1254,58.6897,4110,0.02
60,4.1207,59.1181,4140,0.02
60,4.1334,59.5465,4170,0.02
60,4.1285,59.9749,4200,0.02
60,4.1289,60.4033,4230,0.02
60,4.1384,60.8317,4260,0.02
60,4.1295,61.2601,4290,0.02
60,4.1326,61.6884,4320,0.02
60,4.1344,62.1168,4350,0.02
60,4.1417,62.5452,4380,0.02
60,4.1386,62.9736,4410,0.02
60,4.144,63.402,4440,0.02
60,4.1347,63.8304,4470,0.02
60,4.1461,64.2588,4500,0.02
60,4.1348,64.6872,4530,0.02
60,4.1444,65.1156,4560,0.02
60,4.147,65.544,4590,0.02
60,4.1482,65.9724,4620,0.02
60,4.1508,66.4008,4650,0.02
60,4.1408,66.8291,4680,0.02
60,4.1441,67.2575,4710,0.02
60,4.156,67.6859,4740,0.02
60,4.1446,68.1143,4770,0.02
60,4.1455,68.5427,4800,0.02
60,4.1539,68.9711,4830,0.02
60,4.1557,69.3995,4860,0.02
60,4.1581,69.8279,4890,0.02
60,4.1507,70.2563,4920,0.02
60,4.1539,70.6847,4950,0.02
60,4.1542,71.1131,4980,0.02
60,4.1658,71.5415,5010,0.02
60,4.1667,71.9698,5040,0.02
60,4.1657,72.3982,5070,0.02
60,4.1622,72.8266,5100,0.02
60,4.1625,73.255,5130,0.02
60,4.165,73.6834,5160,0.02
60,4.163,74.1118,5190,0.02
60,4.17,74.5402,5220,0.02
60,4.1617,74.9686,5250,0.02
60,4.168,75.397,5280,0.02
60,4.1595,75.8254,5310,0.02
60,4.1585,76.2538,5340,0.02
60,4.1614,76.6822,5370,0.02
60,4.1681,77.1106,5400,0.02
60,4.1738,77.5389,5430,0.02
60,4.169,77.9673,5460,0.02
60,4.1705,78.3957,5490,0.02
60,4.1671,78.8241,5520,0.02
60,4.1683,79.2525,5550,0.02
60,4.1637,79.6809,5580,0.02
60,4.1679,80.1093,5610,0.02
60,4.1802,80.5377,5640,0.02
60,4.1674,80.9661,5670,0.02
60,4.1763,81.3945,5700,0.02
60,4.177,81.8229,5730,0.02
60,4.1683,82.2513,5760,0.02
60,4.1794,82.6796,5790,0.02
60,4.1738,83.108,5820,0.02
60,4.1777,83.5364,5850,0.02
60,4.1705,83.9648,5880,0.02
60,4.1692,84.3932,5910,0.02
60,4.1744,84.8216,5940,0.02
60,4.1791,85.25,5970,0.02
61,3.0,0.0,0,0.02
61,3.0295,0.4271,30,0.02
61,3.0403,0.8543,60,0.02
61,3.0742,1.2814,90,0.02
61,3.0941,1.7085,120,0.02
61,3.1144,2.1357,150,0.02
61,3.1333,2.5628,180,0.02
61,3.1638,2.9899,210,0.02
61,3.181,3.4171,240,0.02
61,3.2048,3.8442,270,0.02
61,3.2217,4.2714,300,0.02
61,3.2373,4.6985,330,0.02
61,3.263,5.1256,360,0.02
61,3.2768,5.5528,390,0.02
61,3.2933,5.9799,420,0.02
61,3.3194,6.407,450,0.02
61,3.33,6.8342,480,0.02
61,3.3542,7.2613,510,0.02
61,3.3569,7.6884,540,0.02
61,3.3801,8.1156,570,0.02
61,3.3949,8.5427,600,0.02
61,3.419,8.9698,630,0.02
61,3.4262,9.397,660,0.02
61,3.4497,9.8241,690,0.02
61,3.4658,10.2513,720,0.02
61,3.4775,10.6784,750,0.02
61,3.4889,11.1055,780,0.02
61,3.5079,11.5327,810,0.02
61,3.5139,11.9598,840,0.02
61,3.529,12.3869,870,0.02
61,3.5387,12.8141,900,0.02
61,3.5485,13.2412,930,0.02
61,3.5696,13.6683,960,0.02
61,3.5839,14.0955,990,0.02
61,3.6018,14.5226,1020,0.02
61,3.6073,14.9497,1050,0.02
61,3.6137,15.3769,1080,0.02
61,3.6291,15.804,1110,0.02
61,3.64,16.2312,1140,0.02
61,3.6539,16.6583,1170,0.02
61,3.6591,17.0854,1200,0.02
61,3.6738,17.5126,1230,0.02
61,3.6762,17.9397,1260,0.02
61,3.6901,18.3668,1290,0.02
61,3.7066,18.794,1320,0.02
61,3.7189,19.2211,1350,0.02
61,3.7223,19.6482,1380,0.02
61,3.7261,20.0754,1410,0.02
61,3.7442,20.5025,1440,0.02
61,3.7554,20.9296,1470,0.02
61,3.757,21.3568,1500,0.02
61,3.7662,21.7839,1530,0.02
61,3.7742,22.2111,1560,0.02
61,3.7936,22.6382,1590,0.02
61,3.7882,23.0653,1620,0.02
61,3.802,23.4925,1650,0.02
61,3.8155,23.9196,1680,0.02
61,3.817,24.3467,1710,0.02
61,3.8226,24.7739,1740,0.02
61,3.8262,25.201,1770,0.02
61,3.8349,25.6281,1800,0.02
61,3.8416,26.0553,1830,0.02
61,3.8573,26.4824,1860,0.02
61,3.8665,26.9095,1890,0.02
61,3.8666,27.3367,1920,0.02
61,3.8675,27.7638,1950,0.02
61,3.8798,28.191,1980,0.02
61,3.8807,28.6181,2010,0.02
61,3.8882,29.0452,2040,0.02
61,3.8993,29.4724,2070,0.02
61,3.9003,29.8995,2100,0.02
61,3.9116,30.3266,2130,0.02
61,3.9155,30.7538,2160,0.02
61,3.9207,31.1809,2190,0.02
61,3.9265,31.608,2220,0.02
61,3.9337,32.0352,2250,0.02
61,3.939,32.4623,2280,0.02
61,3.9393,32.8894,2310,0.02
61,3.9541,33.3166,2340,0.02
61,3.9623,33.7437,2370,0.02
61,3.9655,34.1709,2400,0.02
61,3.9682,34.598,2430,0.02
61,3.9663,35.0251,2460,0.02
61,3.9759,35.4523,2490,0.02
61,3.9778,35.8794,2520,0.02
61,3.9839,36.3065,2550,0.02
61,3.9931,36.7337,2580,0.02
61,3.9989,37.1608,2610,0.02
61,3.9958,37.5879,2640,0.02
61,3.9974,38.0151,2670,0.02
61,4.0042,38.4422,2700,0.02
61,4.0145,38.8693,2730,0.02
61,4.0079,39.2965,2760,0.02
61,4.0102,39.7236,2790,0.02
61,4.0261,40.1508,2820,0.02
61,4.0241,40.5779,2850,0.02
61,4.0241,41.005,2880,0.02
61,4.0225,41.4322,2910,0.02
61,4.0297,41.8593,2940,0.02
61,4.0295,42.2864,2970,0.02
61,4.042,42.7136,3000,0.02
61,4.0407,43.1407,3030,0.02
61,4.0493,43.5678,3060,0.02
61,4.0564,43.995,3090,0.02
61,4.0539,44.4221,3120,0.02
61,4.0549,44.8492,3150,0.02
61,4.0588,45.2764,3180,0.02
61,4.0552,45.7035,3210,0.02
61,4.0596,46.1307,3240,0.02
61,4.0685,46.5578,3270,0.02
61,4.0625,46.9849,3300,0.02
61,4.0774,47.4121,3330,0.02
61,4.0774,47.8392,3360,0.02
61,4.082,48.2663,3390,0.02
61,4.0773,48.6935,3420,0.02
61,4.0887,49.1206,3450,0.02
61,4.0875,49.5477,3480,0.02
61,4.0821,49.9749,3510,0.02
61,4.0815,50.402,3540,0.02
61,4.0868,50.8291,3570,0.02
61,4.0973,51.2563,3600,0.02
61,4.096,51.6834,3630,0.02
61,4.0974,52.1106,3660,0.02
61,4.1001,52.5377,3690,0.02
61,4.1047,52.9648,3720,0.02
61,4.1009,53.392,3750,0.02
61,4.1042,53.8191,3780,0.02
61,4.1141,54.2462,3810,0.02
61,4.1109,54.6734,3840,0.02
61,4.1102,55.1005,3870,0.02
61,4.1102,55.5276,3900,0.02
61,4.1212,55.9548,3930,0.02
61,4.1078,56.3819,3960,0.02
61,4.1142,56.809,3990,0.02
61,4.1227,57.2362,4020,0.02
61,4.1266,57.6633,4050,0.02
61,4.1247,58.0905,4080,0.02
61,4.1288,58.5176,4110,0.02
61,4.1211,58.9447,4140,0.02
61,4.1204,59.3719,4170,0.02
61,4.1309,59.799,4200,0.02
61,4.1355,60.2261,4230,0.02
61,4.136,60.6533,4260,0.02
61,4.1349,61.0804,4290,0.02
61,4.1352,61.5075,4320,0.02
61,4.1328,61.9347,4350,0.02
61,4.1348,62.3618,4380,0.02
61,4.1382,62.7889,4410,0.02
61,4.1338,63.2161,4440,0.02
61,4.1437,63.6432,4470,0.02
61,4.1346,64.0704,4500,0.02
61,4.1407,64.4975,4530,0.02
61,4.1509,64.9246,4560,0.02
61,4.146,65.3518,4590,0.02
61,4.1431,65.7789,4620,0.02
61,4.1466,66.206,4650,0.02
61,4.154,66.6332,4680,0.02
61,4.1437,67.0603,4710,0.02
61,4.1448,67.4874,4740,0.02
61,4.151,67.9146,4770,0.02
61,4.1509,68.3417,4800,0.02
61,4.152,68.7688,4830,0.02
61,4.1558,69.196,4860,0.02
61,4.153,69.6231,4890,0.02
61,4.1601,70.0503,4920,0.02
61,4.1513,70.4774,4950,0.02
61,4.1621,70.9045,4980,0.02
61,4.155,71.3317,5010,0.02
61,4.1655,71.7588,5040,0.02
61,4.1595,72.1859,5070,0.02
61,4.1613,72.6131,5100,0.02
61,4.1634,73.0402,5130,0.02
61,4.1578,73.4673,5160,0.02
61,4.1653,73.8945,5190,0.02
61,4.1599,74.3216,5220,0.02
61,4.1695,74.7487,5250,0.02
61,4.1669,75.1759,5280,0.02
61,4.1583,75.603,5310,0.02
61,4.1738,76.0302,5340,0.02
61,4.1742,76.4573,5370,0.02
61,4.1628,76.8844,5400,0.02
61,4.169,77.3116,5430,0.02
61,4.1659,77.7387,5460,0.02
61,4.1695,78.1658,5490,0.02
61,4.1764,78.593,5520,0.02
61,4.1639,79.0201,5550,0.02
61,4.1682,79.4472,5580,0.02
61,4.1688,79.8744,5610,0.02
61,4.1653,80.3015,5640,0.02
61,4.1777,80.7286,5670,0.02
61,4.1676,81.1558,5700,0.02
61,4.1728,81.5829,5730,0.02
61,4.1682,82.0101,5760,0.02
61,4.1831,82.4372,5790,0.02
61,4.182,82.8643,5820,0.02
61,4.1781,83.2915,5850,0.02
61,4.178,83.7186,5880,0.02
61,4.1729,84.1457,5910,0.02
61,4.1762,84.5729,5940,0.02
61,4.1705,85.0,5970,0.02
62,3.0062,0.0,0,0.02
62,3.0213,0.4259,30,0.02
62,3.0516,0.8518,60,0.02
62,3.0698,1.2776,90,0.02
62,3.098,1.7035,120,0.02
62,3.1111,2.1294,150,0.02
62,3.1406,2.5553,180,0.02
62,3.1533,2.9812,210,0.02
62,3.1772,3.407,240,0.02
62,3.2058,3.8329,270,0.02
62,3.2107,4.2588,300,0.02
62,3.2342,4.6847,330,0.02
62,3.2548,5.1106,360,0.02
62,3.2769,5.5364,390,0.02
62,3.2893,5.9623,420,0.02
62,3.3074,6.3882,450,0.02
62,3.3357,6.8141,480,0.02
62,3.3467,7.2399,510,0.02
62,3.3611,7.6658,540,0.02
62,3.3742,8.0917,570,0.02
62,3.4038,8.5176,600,0.02
62,3.4102,8.9435,630,0.02
62,3.4333,9.3693,660,0.02
62,3.4417,9.7952,690,0.02
62,3.4583,10.2211,720,0.02
62,3.4745,10.647,750,0.02
62,3.4817,11.0729,780,0.02
62,3.4983,11.4987,810,0.02
62,3.5123,11.9246,840,0.02
62,3.5277,12.3505,870,0.02
62,3.5387,12.7764,900,0.02
62,3.5554,13.2023,930,0.02
62,3.5667,13.6281,960,0.02
62,3.5851,14.054,990,0.02
62,3.5938,14.4799,1020,0.02
62,3.5994,14.9058,1050,0.02
62,3.6218,15.3317,1080,0.02
62,3.6359,15.7575,1110,0.02
62,3.6477,16.1834,1140,0.02
62,3.6584,16.6093,1170,0.02
62,3.6611,17.0352,1200,0.02
62,3.6702,17.4611,1230,0.02
62,3.6871,17.8869,1260,0.02
62,3.6969,18.3128,1290,0.02
62,3.7034,18.7387,1320,0.02
62,3.7093,19.1646,1350,0.02
62,3.7178,19.5905,1380,0.02
62,3.7288,20.0163,1410,0.02
62,3.7504,20.4422,1440,0.02
62,3.7495,20.8681,1470,0.02
62,3.7587,21.294,1500,0.02
62,3.7654,21.7198,1530,0.02
62,3.7845,22.1457,1560,0.02
62,3.7926,22.5716,1590,0.02
62,3.7882,22.9975,1620,0.02
62,3.8041,23.4234,1650,0.02
62,3.8047,23.8492,1680,0.02
62,3.8135,24.2751,1710,0.02
62,3.8232,24.701,1740,0.02
62,3.8404,25.1269,1770,0.02
62,3.8395,25.5528,1800,0.02
62,3.8521,25.9786,1830,0.02
62,3.8471,26.4045,1860,0.02
62,3.8663,26.8304,1890,0.02
62,3.8669,27.2563,1920,0.02
62,3.8701,27.6822,1950,0.02
62,3.8836,28.108,1980,0.02
62,3.8894,28.5339,2010,0.02
62,3.894,28.9598,2040,0.02
62,3.8935,29.3857,2070,0.02
62,3.8995,29.8116,2100,0.02
62,3.909,30.2374,2130,0.02
62,3.9164,30.6633,2160,0.02
62,3.9207,31.0892,2190,0.02
62,3.9323,31.5151,2220,0.02
62,3.9305,31.941,2250,0.02
62,3.9365,32.3668,2280,0.02
62,3.9373,32.7927,2310,0.02
62,3.9468,33.2186,2340,0.02
62,3.9531,33.6445,2370,0.02
62,3.9547,34.0704,2400,0.02
62,3.9672,34.4962,2430,0.02
62,3.9617,34.9221,2460,0.02
62,3.9776,35.348,2490,0.02
62,3.9724,35.7739,2520,0.02
62,3.9749,36.1997,2550,0.02
62,3.9824,36.6256,2580,0.02
62,3.995,37.0515,2610,0.02
62,3.9923,37.4774,2640,0.02
62,3.9951,37.9033,2670,0.02
62,4.0108,38.3291,2700,0.02
62,4.0127,38.755,2730,0.02
62,4.0069,39.1809,2760,0.02
62,4.0088,39.6068,2790,0.02
62,4.0188,40.0327,2820,0.02
62,4.0225,40.4585,2850,0.02
62,4.0326,40.8844,2880,0.02
62,4.0364,41.3103,2910,0.02
62,4.0335,41.7362,2940,0.02
62,4.029,42.1621,2970,0.02
62,4.0419,42.5879,3000,0.02
62,4.0382,43.0138,3030,0.02
62,4.0491,43.4397,3060,0.02
62,4.0453,43.8656,3090,0.02
62,4.047,44.2915,3120,0.02
62,4.0572,44.7173,3150,0.02
62,4.06,45.1432,3180,0.02
62,4.067,45.5691,3210,0.02
62,4.0556,45.995,3240,0.02
62,4.0622,46.4209,3270,0.02
62,4.0673,46.8467,3300,0.02
62,4.075,47.2726,3330,0.02
62,4.0782,47.6985,3360,0.02
62,4.0817,48.1244,3390,0.02
62,4.0717,48.5503,3420,0.02
62,4.0786,48.9761,3450,0.02
62,4.0847,49.402,3480,0.02
62,4.0839,49.8279,3510,0.02
62,4.0841,50.2538,3540,0.02
62,4.089,50.6796,3570,0.02
62,4.0979,51.1055,3600,0.02
62,4.1017,51.5314,3630,0.02
62,4.0979,51.9573,3660,0.02
62,4.1032,52.3832,3690,0.02
62,4.0998,52.809,3720,0.02
62,4.1052,53.2349,3750,0.02
62,4.1003,53.6608,3780,0.02
62,4.1014,54.0867,3810,0.02
62,4.1163,54.5126,3840,0.02
62,4.1098,54.9384,3870,0.02
62,4.1087,55.3643,3900,0.02
62,4.1117,55.7902,3930,0.02
62,4.1169,56.2161,3960,0.02
62,4.1215,56.642,3990,0.02
62,4.1147,57.0678,4020,0.02
62,4.1229,57.4937,4050,0.02
62,4.1208,57.9196,4080,0.02
62,4.1251,58.3455,4110,0.02
62,4.1302,58.7714,4140,0.02
62,4.1307,59.1972,4170,0.02
62,4.1255,59.6231,4200,0.02
62,4.1259,60.049,4230,0.02
62,4.1353,60.4749,4260,0.02
62,4.1319,60.9008,4290,0.02
62,4.1391,61.3266,4320,0.02
62,4.127,61.7525,4350,0.02
62,4.1373,62.1784,4380,0.02
62,4.1427,62.6043,4410,0.02
62,4.1425,63.0302,4440,0.02
62,4.1432,63.456,4470,0.02
62,4.1416,63.8819,4500,0.02
62,4.146,64.3078,4530,0.02
62,4.1421,64.7337,4560,0.02
62,4.1401,65.1595,4590,0.02
62,4.148,65.5854,4620,0.02
62,4.1491,66.0113,4650,0.02
62,4.1419,66.4372,4680,0.02
62,4.1446,66.8631,4710,0.02
62,4.1575,67.2889,4740,0.02
62,4.1572,67.7148,4770,0.02
62,4.1549,68.1407,4800,0.02
62,4.1509,68.5666,4830,0.02
62,4.1519,68.9925,4860,0.02
62,4.1514,69.4183,4890,0.02
62,4.162,69.8442,4920,0.02
62,4.1547,70.2701,4950,0.02
62,4.1632,70.696,4980,0.02
62,4.1642,71.1219,5010,0.02
62,4.1649,71.5477,5040,0.02
62,4.1619,71.9736,5070,0.02
62,4.1548,72.3995,5100,0.02
62,4.1621,72.8254,5130,0.02
62,4.17,73.2513,5160,0.02
62,4.1597,73.6771,5190,0.02
62,4.1587,74.103,5220,0.02
62,4.1654,74.5289,5250,0.02
62,4.1702,74.9548,5280,0.02
62,4.1706,75.3807,5310,0.02
62,4.1669,75.8065,5340,0.02
62,4.1597,76.2324,5370,0.02
62,4.1702,76.6583,5400,0.02
62,4.1632,77.0842,5430,0.02
62,4.173,77.5101,5460,0.02
62,4.1645,77.9359,5490,0.02
62,4.1652,78.3618,5520,0.02
62,4.173,78.7877,5550,0.02
62,4.1715,79.2136,5580,0.02
62,4.1773,79.6394,5610,0.02
62,4.1652,80.0653,5640,0.02
62,4.1736,80.4912,5670,0.02
62,4.176,80.9171,5700,0.02
62,4.1673,81.343,5730,0.02
62,4.1771,81.7688,5760,0.02
62,4.1783,82.1947,5790,0.02
62,4.1823,82.6206,5820,0.02
62,4.1696,83.0465,5850,0.02
62,4.1784,83.4724,5880,0.02
62,4.1786,83.8982,5910,0.02
62,4.1852,84.3241,5940,0.02
62,4.1746,84.75,5970,0.02
63,3.0,0.0,0,0.02
63,3.024,0.4246,30,0.02
63,3.0411,0.8492,60,0.02
63,3.0655,1.2739,90,0.02
63,3.0864,1.6985,120,0.02
63,3.1186,2.1231,150,0.02
63,3.1322,2.5477,180,0.02
63,3.1579,2.9724,210,0.02
63,3.1806,3.397,240,0.02
63,3.2049,3.8216,270,0.02
63,3.2223,4.2462,300,0.02
63,3.231,4.6709,330,0.02
63,3.2603,5.0955,360,0.02
63,3.2725,5.5201,390,0.02
63,3.3011,5.9447,420,0.02
63,3.3128,6.3693,450,0.02
63,3.334,6.794,480,0.02
63,3.3469,7.2186,510,0.02
63,3.3634,7.6432,540,0.02
63,3.3866,8.0678,570,0.02
63,3.3993,8.4925,600,0.02
63,3.4182,8.9171,630,0.02
63,3.4234,9.3417,660,0.02
63,3.441,9.7663,690,0.02
63,3.46,10.191,720,0.02
63,3.4729,10.6156,750,0.02
63,3.4957,11.0402,780,0.02
63,3.5084,11.4648,810,0.02
63,3.5224,11.8894,840,0.02
63,3.535,12.3141,870,0.02
63,3.5384,12.7387,900,0.02
63,3.5561,13.1633,930,0.02
63,3.577,13.5879,960,0.02
63,3.579,14.0126,990,0.02
63,3.5916,14.4372,1020,0.02
63,3.608,14.8618,1050,0.02
63,3.6165,15.2864,1080,0.02
63,3.6306,15.7111,1110,0.02
63,3.6449,16.1357,1140,0.02
63,3.6458,16.5603,1170,0.02
63,3.6592,16.9849,1200,0.02
63,3.6794,17.4095,1230,0.02
63,3.681,17.8342,1260,0.02
63,3.6988,18.2588,1290,0.02
63,3.7013,18.6834,1320,0.02
63,3.7064,19.108,1350,0.02
63,3.7283,19.5327,1380,0.02
63,3.7279,19.9573,1410,0.02
63,3.7387,20.3819,1440,0.02
63,3.7477,20.8065,1470,0.02
63,3.7632,21.2312,1500,0.02
63,3.7739,21.6558,1530,0.02
63,3.7764,22.0804,1560,0.02
63,3.7869,22.505,1590,0.02
63,3.7894,22.9296,1620,0.02
63,3.7983,23.3543,1650,0.02
63,3.8033,23.7789,1680,0.02
63,3.8154,24.2035,1710,0.02
63,3.8254,24.6281,1740,0.02
63,3.8263,25.0528,1770,0.02
63,3.8412,25.4774,1800,0.02
63,3.8441,25.902,1830,0.02
63,3.8621,26.3266,1860,0.02
63,3.8589,26.7513,1890,0.02
63,3.8758,27.1759,1920,0.02
63,3.8677,27.6005,1950,0.02
63,3.8787,28.0251,1980,0.02
63,3.886,28.4497,2010,0.02
63,3.8918,28.8744,2040,0.02
63,3.9055,29.299,2070,0.02
63,3.9,29.7236,2100,0.02
63,3.9178,30.1482,2130,0.02
63,3.9121,30.5729,2160,0.02
63,3.9196,30.9975,2190,0.02
63,3.9365,31.4221,2220,0.02
63,3.94,31.8467,2250,0.02
63,3.9317,32.2714,2280,0.02
63,3.9412,32.696,2310,0.02
63,3.9506,33.1206,2340,0.02
63,3.9622,33.5452,2370,0.02
63,3.955,33.9698,2400,0.02
63,3.9682,34.3945,2430,0.02
63,3.9618,34.8191,2460,0.02
63,3.9795,35.2437,2490,0.02
63,3.9742,35.6683,2520,0.02
63,3.9843,36.093,2550,0.02
63,3.9793,36.5176,2580,0.02
63,3.9863,36.9422,2610,0.02
63,3.9977,37.3668,2640,0.02
63,4.0016,37.7915,2670,0.02
63,4.0041,38.2161,2700,0.02
63,4.0008,38.6407,2730,0.02
63,4.0102,39.0653,2760,0.02
63,4.0128,39.4899,2790,0.02
63,4.0242,39.9146,2820,0.02
63,4.0216,40.3392,2850,0.02
63,4.0291,40.7638,2880,0.02
63,4.0305,41.1884,2910,0.02
63,4.0391,41.6131,2940,0.02
63,4.0303,42.0377,2970,0.02
63,4.0413,42.4623,3000,0.02
63,4.0384,42.8869,3030,0.02
63,4.0452,43.3116,3060,0.02
63,4.044,43.7362,3090,0.02
63,4.0545,44.1608,3120,0.02
63,4.0563,44.5854,3150,0.02
63,4.055,45.0101,3180,0.02
63,4.0588,45.4347,3210,0.02
63,4.0701,45.8593,3240,0.02
63,4.0605,46.2839,3270,0.02
63,4.0627,46.7085,3300,0.02
63,4.0741,47.1332,3330,0.02
63,4.0808,47.5578,3360,0.02
63,4.0729,47.9824,3390,0.02
63,4.0796,48.407,3420,0.02
63,4.0769,48.8317,3450,0.02
63,4.0908,49.2563,3480,0.02
63,4.0793,49.6809,3510,0.02
63,4.0868,50.1055,3540,0.02
63,4.0827,50.5302,3570,0.02
63,4.0893,50.9548,3600,0.02
63,4.1016,51.3794,3630,0.02
63,4.096,51.804,3660,0.02
63,4.0912,52.2286,3690,0.02
63,4.1057,52.6533,3720,0.02
63,4.1028,53.0779,3750,0.02
63,4.0995,53.5025,3780,0.02
63,4.0994,53.9271,3810,0.02
63,4.1136,54.3518,3840,0.02
63,4.103,54.7764,3870,0.02
63,4.1071,55.201,3900,0.02
63,4.1111,55.6256,3930,0.02
63,4.123,56.0503,3960,0.02
63,4.1192,56.4749,3990,0.02
63,4.1186,56.8995,4020,0.02
63,4.1194,57.3241,4050,0.02
63,4.1142,57.7487,4080,0.02
63,4.1264,58.1734,4110,0.02
63,4.1206,58.598,4140,0.02
63,4.1259,59.0226,4170,0.02
63,4.121,59.4472,4200,0.02
63,4.1364,59.8719,4230,0.02
63,4.1309,60.2965,4260,0.02
63,4.1386,60.7211,4290,0.02
63,4.1308,61.1457,4320,0.02
63,4.1401,61.5704,4350,0.02
63,4.1395,61.995,4380,0.02
63,4.1405,62.4196,4410,0.02
63,4.1418,62.8442,4440,0.02
63,4.1471,63.2688,4470,0.02
63,4.1375,63.6935,4500,0.02
63,4.135,64.1181,4530,0.02
63,4.1492,64.5427,4560,0.02
63,4.1452,64.9673,4590,0.02
63,4.1523,65.392,4620,0.02
63,4.1528,65.8166,4650,0.02
63,4.1418,66.2412,4680,0.02
63,4.1548,66.6658,4710,0.02
63,4.1496,67.0905,4740,0.02
63,4.144,67.5151,4770,0.02
63,4.1444,67.9397,4800,0.02
63,4.1515,68.3643,4830,0.02
63,4.1545,68.7889,4860,0.02
63,4.1501,69.2136,4890,0.02
63,4.1536,69.6382,4920,0.02
63,4.161,70.0628,4950,0.02
63,4.1542,70.4874,4980,0.02
63,4.1658,70.9121,5010,0.02
63,4.1639,71.3367,5040,0.02
63,4.1647,71.7613,5070,0.02
63,4.1614,72.1859,5100,0.02
63,4.1627,72.6106,5130,0.02
63,4.1605,73.0352,5160,0.02
63,4.1617,73.4598,5190,0.02
63,4.1649,73.8844,5220,0.02
63,4.1705,74.309,5250,0.02
63,4.1663,74.7337,5280,0.02
63,4.1718,75.1583,5310,0.02
63,4.1649,75.5829,5340,0.02
63,4.1641,76.0075,5370,0.02
63,4.1746,76.4322,5400,0.02
63,4.1655,76.8568,5430,0.02
63,4.1709,77.2814,5460,0.02
63,4.1713,77.706,5490,0.02
63,4.1754,78.1307,5520,0.02
63,4.1689,78.5553,5550,0.02
63,4.1697,78.9799,5580,0.02
63,4.1671,79.4045,5610,0.02
63,4.1683,79.8291,5640,0.02
63,4.1677,80.2538,5670,0.02
63,4.1769,80.6784,5700,0.02
63,4.1693,81.103,5730,0.02
63,4.1793,81.5276,5760,0.02
63,4.175,81.9523,5790,0.02
63,4.1717,82.3769,5820,0.02
63,4.178,82.8015,5850,0.02
63,4.1836,83.2261,5880,0.02
63,4.1773,83.6508,5910,0.02
63,4.1855,84.0754,5940,0.02
63,4.1713,84.5,5970,0.02
64,3.0,0.0,0,0.02
64,3.0257,0.4234,30,0.02
64,3.0402,0.8467,60,0.02
64,3.0745,1.2701,90,0.02
64,3.0957,1.6935,120,0.02
64,3.1135,2.1168,150,0.02
64,3.1291,2.5402,180,0.02
64,3.157,2.9636,210,0.02
64,3.1732,3.3869,240,0.02
64,3.1922,3.8103,270,0.02
64,3.2229,4.2337,300,0.02
64,3.2327,4.657,330,0.02
64,3.2522,5.0804,360,0.02
64,3.2693,5.5038,390,0.02
64,3.2954,5.9271,420,0.02
64,3.3145,6.3505,450,0.02
64,3.3366,6.7739,480,0.02
64,3.3415,7.1972,510,0.02
64,3.3598,7.6206,540,0.02
64,3.3799,8.044,570,0.02
64,3.4,8.4673,600,0.02
64,3.4109,8.8907,630,0.02
64,3.4328,9.3141,660,0.02
64,3.447,9.7374,690,0.02
64,3.4634,10.1608,720,0.02
64,3.4699,10.5842,750,0.02
64,3.483,11.0075,780,0.02
64,3.5103,11.4309,810,0.02
64,3.52,11.8543,840,0.02
64,3.5376,12.2776,870,0.02
64,3.5497,12.701,900,0.02
64,3.563,13.1244,930,0.02
64,3.5718,13.5477,960,0.02
64,3.5821,13.9711,990,0.02
64,3.6009,14.3945,1020,0.02
64,3.5992,14.8178,1050,0.02
64,3.6156,15.2412,1080,0.02
64,3.6295,15.6646,1110,0.02
64,3.6376,16.0879,1140,0.02
64,3.6455,16.5113,1170,0.02
64,3.6643,16.9347,1200,0.02
64,3.6716,17.358,1230,0.02
64,3.6835,17.7814,1260,0.02
64,3.6974,18.2048,1290,0.02
64,3.6982,18.6281,1320,0.02
64,3.7106,19.0515,1350,0.02
64,3.73,19.4749,1380,0.02
64,3.7411,19.8982,1410,0.02
64,3.7446,20.3216,1440,0.02
64,3.7456,20.745,1470,0.02
64,3.7592,21.1683,1500,0.02
64,3.7681,21.5917,1530,0.02
64,3.7751,22.0151,1560,0.02
64,3.7851,22.4384,1590,0.02
64,3.7964,22.8618,1620,0.02
64,3.8051,23.2852,1650,0.02
64,3.8156,23.7085,1680,0.02
64,3.8252,24.1319,1710,0.02
64,3.8333,24.5553,1740,0.02
64,3.8379,24.9786,1770,0.02
64,3.8445,25.402,1800,0.02
64,3.8469,25.8254,1830,0.02
64,3.8597,26.2487,1860,0.02
64,3.8556,26.6721,1890,0.02
64,3.8667,27.0955,1920,0.02
64,3.8732,27.5188,1950,0.02
64,3.8813,27.9422,1980,0.02
64,3.8861,28.3656,2010,0.02
64,3.8998,28.7889,2040,0.02
64,3.9049,29.2123,2070,0.02
64,3.9033,29.6357,2100,0.02
64,3.9196,30.059,2130,0.02
64,3.9134,30.4824,2160,0.02
64,3.9275,30.9058,2190,0.02
64,3.9285,31.3291,2220,0.02
64,3.9384,31.7525,2250,0.02
64,3.935,32.1759,2280,0.02
64,3.9481,32.5992,2310,0.02
64,3.9551,33.0226,2340,0.02
64,3.954,33.446,2370,0.02
64,3.9659,33.8693,2400,0.02
64,3.9723,34.2927,2430,0.02
64,3.9751,34.7161,2460,0.02
64,3.9708,35.1394,2490,0.02
64,3.9723,35.5628,2520,0.02
64,3.9867,35.9862,2550,0.02
64,3.9841,36.4095,2580,0.02
64,3.9833,36.8329,2610,0.02
64,3.9979,37.2563,2640,0.02
64,4.0042,37.6796,2670,0.02
64,4.0024,38.103,2700,0.02
64,4.007,38.5264,2730,0.02
64,4.0136,38.9497,2760,0.02
64,4.0159,39.3731,2790,0.02
64,4.0215,39.7965,2820,0.02
64,4.0252,40.2198,2850,0.02
64,4.0239,40.6432,2880,0.02
64,4.0213,41.0666,2910,0.02
64,4.0322,41.4899,2940,0.02
64,4.043,41.9133,2970,0.02
64,4.0368,42.3367,3000,0.02
64,4.041,42.7601,3030,0.02
64,4.0449,43.1834,3060,0.02
64,4.0552,43.6068,3090,0.02
64,4.0512,44.0302,3120,0.02
64,4.0517,44.4535,3150,0.02
64,4.0569,44.8769,3180,0.02
64,4.0589,45.3003,3210,0.02
64,4.0659,45.7236,3240,0.02
64,4.0687,46.147,3270,0.02
64,4.0687,46.5704,3300,0.02
64,4.0757,46.9937,3330,0.02
64,4.0796,47.4171,3360,0.02
64,4.0694,47.8405,3390,0.02
64,4.0781,48.2638,3420,0.02
64,4.0843,48.6872,3450,0.02
64,4.0758,49.1106,3480,0.02
64,4.0879,49.5339,3510,0.02
64,4.0913,49.9573,3540,0.02
64,4.0948,50.3807,3570,0.02
64,4.0977,50.804,3600,0.02
64,4.0937,51.2274,3630,0.02
64,4.0949,51.6508,3660,0.02
64,4.0928,52.0741,3690,0.02
64,4.0992,52.4975,3720,0.02
64,4.1081,52.9209,3750,0.02
64,4.1021,53.3442,3780,0.02
64,4.103,53.7676,3810,0.02
64,4.1145,54.191,3840,0.02
64,4.1108,54.6143,3870,0.02
64,4.1075,55.0377,3900,0.02
64,4.1064,55.4611,3930,0.02
64,4.1146,55.8844,3960,0.02
64,4.1121,56.3078,3990,0.02
64,4.113,56.7312,4020,0.02
64,4.1214,57.1545,4050,0.02
64,4.1158,57.5779,4080,0.02
64,4.1186,58.0013,4110,0.02
64,4.1325,58.4246,4140,0.02
64,4.126,58.848,4170,0.02
64,4.1305,59.2714,4200,0.02
64,4.1252,59.6947,4230,0.02
64,4.1301,60.1181,4260,0.02
64,4.136,60.5415,4290,0.02
64,4.1366,60.9648,4320,0.02
64,4.1332,61.3882,4350,0.02
64,4.1407,61.8116,4380,0.02
64,4.1321,62.2349,4410,0.02
64,4.1412,62.6583,4440,0.02
64,4.1421,63.0817,4470,0.02
64,4.1487,63.505,4500,0.02
64,4.1371,63.9284,4530,0.02
64,4.1471,64.3518,4560,0.02
64,4.15,64.7751,4590,0.02
64,4.146,65.1985,4620,0.02
64,4.1427,65.6219,4650,0.02
64,4.144,66.0452,4680,0.02
64,4.1555,66.4686,4710,0.02
64,4.1504,66.892,4740,0.02
64,4.1513,67.3153,4770,0.02
64,4.1598,67.7387,4800,0.02
64,4.1602,68.1621,4830,0.02
64,4.1506,68.5854,4860,0.02
64,4.1609,69.0088,4890,0.02
64,4.1494,69.4322,4920,0.02
64,4.1526,69.8555,4950,0.02
64,4.1648,70.2789,4980,0.02
64,4.1505,70.7023,5010,0.02
64,4.1557,71.1256,5040,0.02
64,4.1655,71.549,5070,0.02
64,4.1593,71.9724,5100,0.02
64,4.1669,72.3957,5130,0.02
64,4.1678,72.8191,5160,0.02
64,4.1635,73.2425,5190,0.02
64,4.1667,73.6658,5220,0.02
64,4.1589,74.0892,5250,0.02
64,4.1585,74.5126,5280,0.02
64,4.1606,74.9359,5310,0.02
64,4.164,75.3593,5340,0.02
64,4.1691,75.7827,5370,0.02
64,4.1641,76.206,5400,0.02
64,4.1626,76.6294,5430,0.02
64,4.1689,77.0528,5460,0.02
64,4.1686,77.4761,5490,0.02
64,4.1664,77.8995,5520,0.02
64,4.1646,78.3229,5550,0.02
64,4.1765,78.7462,5580,0.02
64,4.179,79.1696,5610,0.02
64,4.1691,79.593,5640,0.02
64,4.1703,80.0163,5670,0.02
64,4.1808,80.4397,5700,0.02
64,4.1736,80.8631,5730,0.02
64,4.1692,81.2864,5760,0.02
64,4.1703,81.7098,5790,0.02
64,4.1743,82.1332,5820,0.02
64,4.1767,82.5565,5850,0.02
64,4.1724,82.9799,5880,0.02
64,4.175,83.4033,5910,0.02
64,4.1844,83.8266,5940,0.02
64,4.1855,84.25,5970,0.02
65,3.0,0.0,0,0.02
65,3.0159,0.4221,30,0.02
65,3.0608,0.8442,60,0.02
65,3.0984,1.2663,90,0.02
65,3.1074,1.6884,120,0.02
65,3.1454,2.1106,150,0.02
65,3.1642,2.5327,180,0.02
65,3.1985,2.9548,210,0.02
65,3.2119,3.3769,240,0.02
65,3.2136,3.799,270,0.02
65,3.1966,4.2211,300,0.02
65,3.2262,4.6432,330,0.02
65,3.219,5.0653,360,0.02
65,3.2475,5.4874,390,0.02
65,3.2674,5.9095,420,0.02
65,3.2918,6.3317,450,0.02
65,3.3187,6.7538,480,0.02
65,3.3407,7.1759,510,0.02
65,3.3716,7.598,540,0.02
65,3.3674,8.0201,570,0.02
65,3.417,8.4422,600,0.02
65,3.4356,8.8643,630,0.02
65,3.442,9.2864,660,0.02
65,3.4835,9.7085,690,0.02
65,3.5057,10.1307,720,0.02
65,3.5058,10.5528,750,0.02
65,3.5025,10.9749,780,0.02
65,3.5115,11.397,810,0.02
65,3.5051,11.8191,840,0.02
65,3.5414,12.2412,870,0.02
65,3.5377,12.6633,900,0.02
65,3.5333,13.0854,930,0.02
65,3.5591,13.5075,960,0.02
65,3.5677,13.9296,990,0.02
65,3.5722,14.3518,1020,0.02
65,3.5748,14.7739,1050,0.02
65,3.5856,15.196,1080,0.02
65,3.6409,15.6181,1110,0.02
65,3.6599,16.0402,1140,0.02
65,3.6544,16.4623,1170,0.02
65,3.6669,16.8844,1200,0.02
65,3.6815,17.3065,1230,0.02
65,3.7238,17.7286,1260,0.02
65,3.7342,18.1508,1290,0.02
65,3.7375,18.5729,1320,0.02
65,3.7505,18.995,1350,0.02
65,3.7441,19.4171,1380,0.02
65,3.7185,19.8392,1410,0.02
65,3.7164,20.2613,1440,0.02
65,3.723,20.6834,1470,0.02
65,3.7394,21.1055,1500,0.02
65,3.7523,21.5276,1530,0.02
65,3.7616,21.9497,1560,0.02
65,3.7409,22.3719,1590,0.02
65,3.7536,22.794,1620,0.02
65,3.7937,23.2161,1650,0.02
65,3.8103,23.6382,1680,0.02
65,3.8099,24.0603,1710,0.02
65,3.844,24.4824,1740,0.02
65,3.841,24.9045,1770,0.02
65,3.8546,25.3266,1800,0.02
65,3.8903,25.7487,1830,0.02
65,3.8778,26.1709,1860,0.02
65,3.8979,26.593,1890,0.02
65,3.8729,27.0151,1920,0.02
65,3.9005,27.4372,1950,0.02
65,3.8844,27.8593,1980,0.02
65,3.8699,28.2814,2010,0.02
65,3.8772,28.7035,2040,0.02
65,3.8749,29.1256,2070,0.02
65,3.8669,29.5477,2100,0.02
65,3.9009,29.9698,2130,0.02
65,3.9027,30.392,2160,0.02
65,3.9077,30.8141,2190,0.02
65,3.9045,31.2362,2220,0.02
65,3.9198,31.6583,2250,0.02
65,3.9426,32.0804,2280,0.02
65,3.9592,32.5025,2310,0.02
65,3.9538,32.9246,2340,0.02
65,3.9962,33.3467,2370,0.02
65,3.9824,33.7688,2400,0.02
65,3.9907,34.191,2430,0.02
65,4.009,34.6131,2460,0.02
65,3.9867,35.0352,2490,0.02
65,3.9674,35.4573,2520,0.02
65,3.975,35.8794,2550,0.02
65,3.9949,36.3015,2580,0.02
65,3.9567,36.7236,2610,0.02
65,3.9558,37.1457,2640,0.02
65,3.9584,37.5678,2670,0.02
65,3.9837,37.9899,2700,0.02
65,3.9936,38.4121,2730,0.02
65,3.9774,38.8342,2760,0.02
65,4.0003,39.2563,2790,0.02
65,4.0012,39.6784,2820,0.02
65,4.0242,40.1005,2850,0.02
65,4.038,40.5226,2880,0.02
65,4.0696,40.9447,2910,0.02
65,4.0482,41.3668,2940,0.02
65,4.0554,41.7889,2970,0.02
65,4.0859,42.2111,3000,0.02
65,4.053,42.6332,3030,0.02
65,4.0587,43.0553,3060,0.02
65,4.044,43.4774,3090,0.02
65,4.0645,43.8995,3120,0.02
65,4.0326,44.3216,3150,0.02
65,4.0332,44.7437,3180,0.02
65,4.028,45.1658,3210,0.02
65,4.0247,45.5879,3240,0.02
65,4.0339,46.0101,3270,0.02
65,4.0581,46.4322,3300,0.02
65,4.038,46.8543,3330,0.02
65,4.0525,47.2764,3360,0.02
65,4.0554,47.6985,3390,0.02
65,4.0964,48.1206,3420,0.02
65,4.0814,48.5427,3450,0.02
65,4.1002,48.9648,3480,0.02
65,4.1145,49.3869,3510,0.02
65,4.1009,49.809,3540,0.02
65,4.1106,50.2312,3570,0.02
65,4.1047,50.6533,3600,0.02
65,4.1127,51.0754,3630,0.02
65,4.1103,51.4975,3660,0.02
65,4.1117,51.9196,3690,0.02
65,4.0876,52.3417,3720,0.02
65,4.0988,52.7638,3750,0.02
65,4.086,53.1859,3780,0.02
65,4.0932,53.608,3810,0.02
65,4.0848,54.0302,3840,0.02
65,4.0936,54.4523,3870,0.02
65,4.1074,54.8744,3900,0.02
65,4.1008,55.2965,3930,0.02
65,4.1216,55.7186,3960,0.02
65,4.1241,56.1407,3990,0.02
65,4.1349,56.5628,4020,0.02
65,4.1468,56.9849,4050,0.02
65,4.1481,57.407,4080,0.02
65,4.1404,57.8291,4110,0.02
65,4.1455,58.2513,4140,0.02
65,4.1647,58.6734,4170,0.02
65,4.1323,59.0955,4200,0.02
65,4.138,59.5176,4230,0.02
65,4.1445,59.9397,4260,0.02
65,4.1195,60.3618,4290,0.02
65,4.1005,60.7839,4320,0.02
65,4.1055,61.206,4350,0.02
65,4.1042,61.6281,4380,0.02
65,4.1163,62.0503,4410,0.02
65,4.0993,62.4724,4440,0.02
65,4.1168,62.8945,4470,0.02
65,4.1147,63.3166,4500,0.02
65,4.1418,63.7387,4530,0.02
65,4.1715,64.1608,4560,0.02
65,4.1468,64.5829,4590,0.02
65,4.1601,65.005,4620,0.02
65,4.179,65.4271,4650,0.02
65,4.1733,65.8492,4680,0.02
65,4.1697,66.2714,4710,0.02
65,4.174,66.6935,4740,0.02
65,4.1596,67.1156,4770,0.02
65,4.1402,67.5377,4800,0.02
65,4.1452,67.9598,4830,0.02
65,4.1177,68.3819,4860,0.02
65,4.1447,68.804,4890,0.02
65,4.1343,69.2261,4920,0.02
65,4.1203,69.6482,4950,0.02
65,4.1484,70.0704,4980,0.02
65,4.1524,70.4925,5010,0.02
65,4.1259,70.9146,5040,0.02
65,4.1526,71.3367,5070,0.02
65,4.1753,71.7588,5100,0.02
65,4.1887,72.1809,5130,0.02
65,4.172,72.603,5160,0.02
65,4.19,73.0251,5190,0.02
65,4.194,73.4472,5220,0.02
65,4.2,73.8693,5250,0.02
65,4.1777,74.2915,5280,0.02
65,4.1734,74.7136,5310,0.02
65,4.1617,75.1357,5340,0.02
65,4.1527,75.5578,5370,0.02
65,4.1645,75.9799,5400,0.02
65,4.1482,76.402,5430,0.02
65,4.1464,76.8241,5460,0.02
65,4.1431,77.2462,5490,0.02
65,4.1482,77.6683,5520,0.02
65,4.1621,78.0905,5550,0.02
65,4.1405,78.5126,5580,0.02
65,4.1532,78.9347,5610,0.02
65,4.1826,79.3568,5640,0.02
65,4.1978,79.7789,5670,0.02
65,4.1699,80.201,5700,0.02
65,4.1883,80.6231,5730,0.02
65,4.1876,81.0452,5760,0.02
65,4.188,81.4673,5790,0.02
65,4.2,81.8894,5820,0.02
65,4.1921,82.3116,5850,0.02
65,4.1925,82.7337,5880,0.02
65,4.1889,83.1558,5910,0.02
65,4.196,83.5779,5940,0.02
65,4.1604,84.0,5970,0.02
66,3.0075,0.0,0,0.02
66,3.0271,0.4209,30,0.02
66,3.0469,0.8417,60,0.02
66,3.0664,1.2626,90,0.02
66,3.0867,1.6834,120,0.02
66,3.1129,2.1043,150,0.02
66,3.1349,2.5251,180,0.02
66,3.1503,2.946,210,0.02
66,3.1784,3.3668,240,0.02
66,3.1961,3.7877,270,0.02
66,3.2199,4.2085,300,0.02
66,3.2305,4.6294,330,0.02
66,3.2529,5.0503,360,0.02
66,3.2811,5.4711,390,0.02
66,3.2933,5.892,420,0.02
66,3.3147,6.3128,450,0.02
66,3.3249,6.7337,480,0.02
66,3.3537,7.1545,510,0.02
66,3.3645,7.5754,540,0.02
66,3.3762,7.9962,570,0.02
66,3.3892,8.4171,600,0.02
66,3.4148,8.8379,630,0.02
66,3.4302,9.2588,660,0.02
66,3.4393,9.6796,690,0.02
66,3.4607,10.1005,720,0.02
66,3.4737,10.5214,750,0.02
66,3.4867,10.9422,780,0.02
66,3.5046,11.3631,810,0.02
66,3.5132,11.7839,840,0.02
66,3.5362,12.2048,870,0.02
66,3.5355,12.6256,900,0.02
66,3.5522,13.0465,930,0.02
66,3.5762,13.4673,960,0.02
66,3.5812,13.8882,990,0.02
66,3.6013,14.309,1020,0.02
66,3.6139,14.7299,1050,0.02
66,3.6233,15.1508,1080,0.02
66,3.637,15.5716,1110,0.02
66,3.6447,15.9925,1140,0.02
66,3.6557,16.4133,1170,0.02
66,3.6606,16.8342,1200,0.02
66,3.6753,17.255,1230,0.02
66,3.6851,17.6759,1260,0.02
66,3.6947,18.0967,1290,0.02
66,3.7054,18.5176,1320,0.02
66,3.712,18.9384,1350,0.02
66,3.7227,19.3593,1380,0.02
66,3.7283,19.7802,1410,0.02
66,3.746,20.201,1440,0.02
66,3.7551,20.6219,1470,0.02
66,3.7529,21.0427,1500,0.02
66,3.7717,21.4636,1530,0.02
66,3.7706,21.8844,1560,0.02
66,3.7811,22.3053,1590,0.02
66,3.7885,22.7261,1620,0.02
66,3.808,23.147,1650,0.02
66,3.8119,23.5678,1680,0.02
66,3.8165,23.9887,1710,0.02
66,3.8295,24.4095,1740,0.02
66,3.8315,24.8304,1770,0.02
66,3.8426,25.2513,1800,0.02
66,3.8455,25.6721,1830,0.02
66,3.86,26.093,1860,0.02
66,3.8661,26.5138,1890,0.02
66,3.8637,26.9347,1920,0.02
66,3.8717,27.3555,1950,0.02
66,3.8888,27.7764,1980,0.02
66,3.8876,28.1972,2010,0.02
66,3.8968,28.6181,2040,0.02
66,3.9048,29.0389,2070,0.02
66,3.9089,29.4598,2100,0.02
66,3.9061,29.8807,2130,0.02
66,3.9107,30.3015,2160,0.02
66,3.9162,30.7224,2190,0.02
66,3.9295,31.1432,2220,0.02
66,3.9344,31.5641,2250,0.02
66,3.9392,31.9849,2280,0.02
66,3.95,32.4058,2310,0.02
66,3.9458,32.8266,2340,0.02
66,3.9472,33.2475,2370,0.02
66,3.9657,33.6683,2400,0.02
66,3.9634,34.0892,2430,0.02
66,3.9643,34.5101,2460,0.02
66,3.9768,34.9309,2490,0.02
66,3.9805,35.3518,2520,0.02
66,3.9797,35.7726,2550,0.02
66,3.9915,36.1935,2580,0.02
66,3.9884,36.6143,2610,0.02
66,3.9999,37.0352,2640,0.02
66,4.0011,37.456,2670,0.02
66,3.9967,37.8769,2700,0.02
66,4.0145,38.2977,2730,0.02
66,4.0055,38.7186,2760,0.02
66,4.0091,39.1394,2790,0.02
66,4.0186,39.5603,2820,0.02
66,4.0269,39.9812,2850,0.02
66,4.0282,40.402,2880,0.02
66,4.0323,40.8229,2910,0.02
66,4.0292,41.2437,2940,0.02
66,4.0343,41.6646,2970,0.02
66,4.0442,42.0854,3000,0.02
66,4.0444,42.5063,3030,0.02
66,4.0526,42.9271,3060,0.02
66,4.0417,43.348,3090,0.02
66,4.0483,43.7688,3120,0.02
66,4.0602,44.1897,3150,0.02
66,4.0541,44.6106,3180,0.02
66,4.0537,45.0314,3210,0.02
66,4.0656,45.4523,3240,0.02
66,4.0692,45.8731,3270,0.02
66,4.0638,46.294,3300,0.02
66,4.0688,46.7148,3330,0.02
66,4.0692,47.1357,3360,0.02
66,4.0825,47.5565,3390,0.02
66,4.0813,47.9774,3420,0.02
66,4.0889,48.3982,3450,0.02
66,4.0816,48.8191,3480,0.02
66,4.0857,49.2399,3510,0.02
66,4.0944,49.6608,3540,0.02
66,4.0829,50.0817,3570,0.02
66,4.0854,50.5025,3600,0.02
66,4.0957,50.9234,3630,0.02
66,4.0923,51.3442,3660,0.02
66,4.1067,51.7651,3690,0.02
66,4.1055,52.1859,3720,0.02
66,4.1,52.6068,3750,0.02
66,4.109,53.0276,3780,0.02
66,4.1128,53.4485,3810,0.02
66,4.1018,53.8693,3840,0.02
66,4.1056,54.2902,3870,0.02
66,4.1093,54.7111,3900,0.02
66,4.1152,55.1319,3930,0.02
66,4.1082,55.5528,3960,0.02
66,4.1207,55.9736,3990,0.02
66,4.1238,56.3945,4020,0.02
66,4.1283,56.8153,4050,0.02
66,4.125,57.2362,4080,0.02
66,4.1177,57.657,4110,0.02
66,4.1204,58.0779,4140,0.02
66,4.1194,58.4987,4170,0.02
66,4.1248,58.9196,4200,0.02
66,4.1305,59.3405,4230,0.02
66,4.1372,59.7613,4260,0.02
66,4.1368,60.1822,4290,0.02
66,4.1288,60.603,4320,0.02
66,4.1355,61.0239,4350,0.02
66,4.135,61.4447,4380,0.02
66,4.1436,61.8656,4410,0.02
66,4.1328,62.2864,4440,0.02
66,4.1322,62.7073,4470,0.02
66,4.1421,63.1281,4500,0.02
66,4.1408,63.549,4530,0.02
66,4.1373,63.9698,4560,0.02
66,4.1467,64.3907,4590,0.02
66,4.1536,64.8116,4620,0.02
66,4.1431,65.2324,4650,0.02
66,4.1406,65.6533,4680,0.02
66,4.1485,66.0741,4710,0.02
66,4.1491,66.495,4740,0.02
66,4.1477,66.9158,4770,0.02
66,4.1501,67.3367,4800,0.02
66,4.158,67.7575,4830,0.02
66,4.1617,68.1784,4860,0.02
66,4.1494,68.5992,4890,0.02
66,4.1604,69.0201,4920,0.02
66,4.1551,69.441,4950,0.02
66,4.1557,69.8618,4980,0.02
66,4.1546,70.2827,5010,0.02
66,4.1633,70.7035,5040,0.02
66,4.1591,71.1244,5070,0.02
66,4.1644,71.5452,5100,0.02
66,4.1598,71.9661,5130,0.02
66,4.1591,72.3869,5160,0.02
66,4.1652,72.8078,5190,0.02
66,4.1631,73.2286,5220,0.02
66,4.1627,73.6495,5250,0.02
66,4.1629,74.0704,5280,0.02
66,4.1605,74.4912,5310,0.02
66,4.1745,74.9121,5340,0.02
66,4.1664,75.3329,5370,0.02
66,4.1755,75.7538,5400,0.02
66,4.1698,76.1746,5430,0.02
66,4.1675,76.5955,5460,0.02
66,4.1712,77.0163,5490,0.02
66,4.1743,77.4372,5520,0.02
66,4.1779,77.858,5550,0.02
66,4.1767,78.2789,5580,0.02
66,4.1682,78.6997,5610,0.02
66,4.1691,79.1206,5640,0.02
66,4.1677,79.5415,5670,0.02
66,4.1802,79.9623,5700,0.02
66,4.1683,80.3832,5730,0.02
66,4.1739,80.804,5760,0.02
66,4.1819,81.2249,5790,0.02
66,4.1796,81.6457,5820,0.02
66,4.174,82.0666,5850,0.02
66,4.1736,82.4874,5880,0.02
66,4.1777,82.9083,5910,0.02
66,4.1764,83.3291,5940,0.02
66,4.1755,83.75,5970,0.02
67,3.0061,0.0,0,0.02
67,3.0196,0.4196,30,0.02
67,3.0483,0.8392,60,0.02
67,3.0666,1.2588,90,0.02
67,3.0948,1.6784,120,0.02
67,3.1147,2.098,150,0.02
67,3.1424,2.5176,180,0.02
67,3.1606,2.9372,210,0.02
67,3.1828,3.3568,240,0.02
67,3.2007,3.7764,270,0.02
67,3.2149,4.196,300,0.02
67,3.2335,4.6156,330,0.02
67,3.2541,5.0352,360,0.02
67,3.2799,5.4548,390,0.02
67,3.2897,5.8744,420,0.02
67,3.311,6.294,450,0.02
67,3.3308,6.7136,480,0.02
67,3.3436,7.1332,510,0.02
67,3.3626,7.5528,540,0.02
67,3.3791,7.9724,570,0.02
67,3.398,8.392,600,0.02
67,3.4104,8.8116,630,0.02
67,3.4319,9.2312,660,0.02
67,3.446,9.6508,690,0.02
67,3.4541,10.0704,720,0.02
67,3.4711,10.4899,750,0.02
67,3.4934,10.9095,780,0.02
67,3.5048,11.3291,810,0.02
67,3.5164,11.7487,840,0.02
67,3.5285,12.1683,870,0.02
67,3.5505,12.5879,900,0.02
67,3.5619,13.0075,930,0.02
67,3.5689,13.4271,960,0.02
67,3.5804,13.8467,990,0.02
67,3.5969,14.2663,1020,0.02
67,3.6032,14.6859,1050,0.02
67,3.6134,15.1055,1080,0.02
67,3.6352,15.5251,1110,0.02
67,3.6474,15.9447,1140,0.02
67,3.6521,16.3643,1170,0.02
67,3.6623,16.7839,1200,0.02
67,3.6783,17.2035,1230,0.02
67,3.6857,17.6231,1260,0.02
67,3.6896,18.0427,1290,0.02
67,3.7074,18.4623,1320,0.02
67,3.7198,18.8819,1350,0.02
67,3.7269,19.3015,1380,0.02
67,3.7393,19.7211,1410,0.02
67,3.7384,20.1407,1440,0.02
67,3.7576,20.5603,1470,0.02
67,3.7642,20.9799,1500,0.02
67,3.7654,21.3995,1530,0.02
67,3.7835,21.8191,1560,0.02
67,3.7858,22.2387,1590,0.02
67,3.7924,22.6583,1620,0.02
67,3.8104,23.0779,1650,0.02
67,3.8079,23.4975,1680,0.02
67,3.8205,23.9171,1710,0.02
67,3.8223,24.3367,1740,0.02
67,3.838,24.7563,1770,0.02
67,3.8482,25.1759,1800,0.02
67,3.8506,25.5955,1830,0.02
67,3.8511,26.0151,1860,0.02
67,3.8638,26.4347,1890,0.02
67,3.8708,26.8543,1920,0.02
67,3.8741,27.2739,1950,0.02
67,3.8751,27.6935,1980,0.02
67,3.8951,28.1131,2010,0.02
67,3.8878,28.5327,2040,0.02
67,3.9041,28.9523,2070,0.02
67,3.9076,29.3719,2100,0.02
67,3.9072,29.7915,2130,0.02
67,3.9182,30.2111,2160,0.02
67,3.9204,30.6307,2190,0.02
67,3.9209,31.0503,2220,0.02
67,3.937,31.4698,2250,0.02
67,3.9365,31.8894,2280,0.02
67,3.9518,32.309,2310,0.02
67,3.9531,32.7286,2340,0.02
67,3.9567,33.1482,2370,0.02
67,3.9527,33.5678,2400,0.02
67,3.9565,33.9874,2430,0.02
67,3.9692,34.407,2460,0.02
67,3.9662,34.8266,2490,0.02
67,3.9706,35.2462,2520,0.02
67,3.9774,35.6658,2550,0.02
67,3.9793,36.0854,2580,0.02
67,3.9909,36.505,2610,0.02
67,3.9966,36.9246,2640,0.02
67,4.006,37.3442,2670,0.02
67,4.0038,37.7638,2700,0.02
67,4.0122,38.1834,2730,0.02
67,4.0164,38.603,2760,0.02
67,4.0152,39.0226,2790,0.02
67,4.0209,39.4422,2820,0.02
67,4.0222,39.8618,2850,0.02
67,4.0273,40.2814,2880,0.02
67,4.0245,40.701,2910,0.02
67,4.0251,41.1206,2940,0.02
67,4.0333,41.5402,2970,0.02
67,4.0381,41.9598,3000,0.02
67,4.0497,42.3794,3030,0.02
67,4.0509,42.799,3060,0.02
67,4.048,43.2186,3090,0.02
67,4.0442,43.6382,3120,0.02
67,4.0491,44.0578,3150,0.02
67,4.0526,44.4774,3180,0.02
67,4.0618,44.897,3210,0.02
67,4.0557,45.3166,3240,0.02
67,4.0588,45.7362,3270,0.02
67,4.0615,46.1558,3300,0.02
67,4.0721,46.5754,3330,0.02
67,4.077,46.995,3360,0.02
67,4.0818,47.4146,3390,0.02
67,4.0819,47.8342,3420,0.02
67,4.0868,48.2538,3450,0.02
67,4.0913,48.6734,3480,0.02
67,4.0816,49.093,3510,0.02
67,4.0813,49.5126,3540,0.02
67,4.0843,49.9322,3570,0.02
67,4.098,50.3518,3600,0.02
67,4.0886,50.7714,3630,0.02
67,4.1044,51.191,3660,0.02
67,4.0967,51.6106,3690,0.02
67,4.0974,52.0302,3720,0.02
67,4.1075,52.4497,3750,0.02
67,4.1068,52.8693,3780,0.02
67,4.1068,53.2889,3810,0.02
67,4.1069,53.7085,3840,0.02
67,4.1179,54.1281,3870,0.02
67,4.1164,54.5477,3900,0.02
67,4.1085,54.9673,3930,0.02
67,4.1079,55.3869,3960,0.02
67,4.1164,55.8065,3990,0.02
67,4.1226,56.2261,4020,0.02
67,4.1245,56.6457,4050,0.02
67,4.1252,57.0653,4080,0.02
67,4.1201,57.4849,4110,0.02
67,4.1258,57.9045,4140,0.02
67,4.121,58.3241,4170,0.02
67,4.123,58.7437,4200,0.02
67,4.1318,59.1633,4230,0.02
67,4.1322,59.5829,4260,0.02
67,4.1399,60.0025,4290,0.02
67,4.1315,60.4221,4320,0.02
67,4.1318,60.8417,4350,0.02
67,4.14,61.2613,4380,0.02
67,4.1343,61.6809,4410,0.02
67,4.1333,62.1005,4440,0.02
67,4.1381,62.5201,4470,0.02
67,4.139,62.9397,4500,0.02
67,4.1396,63.3593,4530,0.02
67,4.1365,63.7789,4560,0.02
67,4.149,64.1985,4590,0.02
67,4.1446,64.6181,4620,0.02
67,4.1408,65.0377,4650,0.02
67,4.1518,65.4573,4680,0.02
67,4.1566,65.8769,4710,0.02
67,4.1434,66.2965,4740,0.02
67,4.1486,66.7161,4770,0.02
67,4.1477,67.1357,4800,0.02
67,4.146,67.5553,4830,0.02
67,4.1579,67.9749,4860,0.02
67,4.1552,68.3945,4890,0.02
67,4.1519,68.8141,4920,0.02
67,4.1604,69.2337,4950,0.02
67,4.1515,69.6533,4980,0.02
67,4.1524,70.0729,5010,0.02
67,4.1644,70.4925,5040,0.02
67,4.1609,70.9121,5070,0.02
67,4.1549,71.3317,5100,0.02
67,4.163,71.7513,5130,0.02
67,4.1601,72.1709,5160,0.02
67,4.1699,72.5905,5190,0.02
67,4.1642,73.0101,5220,0.02
67,4.1698,73.4296,5250,0.02
67,4.1602,73.8492,5280,0.02
67,4.1681,74.2688,5310,0.02
67,4.1667,74.6884,5340,0.02
67,4.167,75.108,5370,0.02
67,4.1637,75.5276,5400,0.02
67,4.1749,75.9472,5430,0.02
67,4.1638,76.3668,5460,0.02
67,4.171,76.7864,5490,0.02
67,4.1712,77.206,5520,0.02
67,4.1643,77.6256,5550,0.02
67,4.1733,78.0452,5580,0.02
67,4.1665,78.4648,5610,0.02
67,4.1725,78.8844,5640,0.02
67,4.1802,79.304,5670,0.02
67,4.1751,79.7236,5700,0.02
67,4.1709,80.1432,5730,0.02
67,4.1787,80.5628,5760,0.02
67,4.1755,80.9824,5790,0.02
67,4.1705,81.402,5820,0.02
67,4.1761,81.8216,5850,0.02
67,4.1708,82.2412,5880,0.02
67,4.1807,82.6608,5910,0.02
67,4.1733,83.0804,5940,0.02
67,4.1747,83.5,5970,0.02
68,3.0153,0.0,0,0.02
68,3.0416,0.4183,30,0.02
68,3.0708,0.8367,60,0.02
68,3.0804,1.255,90,0.02
68,3.1131,1.6734,120,0.02
68,3.1454,2.0917,150,0.02
68,3.1818,2.5101,180,0.02
68,3.1704,2.9284,210,0.02
68,3.1765,3.3467,240,0.02
68,3.1838,3.7651,270,0.02
68,3.2202,4.1834,300,0.02
68,3.2327,4.6018,330,0.02
68,3.2543,5.0201,360,0.02
68,3.229,5.4384,390,0.02
68,3.2787,5.8568,420,0.02
68,3.2953,6.2751,450,0.02
68,3.3102,6.6935,480,0.02
68,3.32,7.1118,510,0.02
68,3.3725,7.5302,540,0.02
68,3.3875,7.9485,570,0.02
68,3.3954,8.3668,600,0.02
68,3.4361,8.7852,630,0.02
68,3.4405,9.2035,660,0.02
68,3.4852,9.6219,690,0.02
68,3.4745,10.0402,720,0.02
68,3.4858,10.4585,750,0.02
68,3.5046,10.8769,780,0.02
68,3.5274,11.2952,810,0.02
68,3.5134,11.7136,840,0.02
68,3.5064,12.1319,870,0.02
68,3.5287,12.5503,900,0.02
68,3.5253,12.9686,930,0.02
68,3.5292,13.3869,960,0.02
68,3.5364,13.8053,990,0.02
68,3.5823,14.2236,1020,0.02
68,3.5892,14.642,1050,0.02
68,3.6152,15.0603,1080,0.02
68,3.6185,15.4786,1110,0.02
68,3.6369,15.897,1140,0.02
68,3.6603,16.3153,1170,0.02
68,3.7024,16.7337,1200,0.02
68,3.6972,17.152,1230,0.02
68,3.7088,17.5704,1260,0.02
68,3.7178,17.9887,1290,0.02
68,3.7357,18.407,1320,0.02
68,3.7348,18.8254,1350,0.02
68,3.7273,19.2437,1380,0.02
68,3.7493,19.6621,1410,0.02
68,3.7493,20.0804,1440,0.02
68,3.741,20.4987,1470,0.02
68,3.7397,20.9171,1500,0.02
68,3.7346,21.3354,1530,0.02
68,3.7626,21.7538,1560,0.02
68,3.7442,22.1721,1590,0.02
68,3.7526,22.5905,1620,0.02
68,3.8046,23.0088,1650,0.02
68,3.8143,23.4271,1680,0.02
68,3.8182,23.8455,1710,0.02
68,3.8446,24.2638,1740,0.02
68,3.8536,24.6822,1770,0.02
68,3.8739,25.1005,1800,0.02
68,3.8663,25.5188,1830,0.02
68,3.9022,25.9372,1860,0.02
68,3.8966,26.3555,1890,0.02
68,3.8708,26.7739,1920,0.02
68,3.8762,27.1922,1950,0.02
68,3.8617,27.6106,1980,0.02
68,3.8807,28.0289,2010,0.02
68,3.863,28.4472,2040,0.02
68,3.8681,28.8656,2070,0.02
68,3.8783,29.2839,2100,0.02
68,3.8722,29.7023,2130,0.02
68,3.8984,30.1206,2160,0.02
68,3.8963,30.5389,2190,0.02
68,3.9175,30.9573,2220,0.02
68,3.9438,31.3756,2250,0.02
68,3.9563,31.794,2280,0.02
68,3.9759,32.2123,2310,0.02
68,3.9804,32.6307,2340,0.02
68,3.9638,33.049,2370,0.02
68,4.0034,33.4673,2400,0.02
68,3.9928,33.8857,2430,0.02
68,3.9757,34.304,2460,0.02
68,3.9737,34.7224,2490,0.02
68,3.9956,35.1407,2520,0.02
68,3.9687,35.559,2550,0.02
68,3.9876,35.9774,2580,0.02
68,3.9672,36.3957,2610,0.02
68,3.9876,36.8141,2640,0.02
68,3.9606,37.2324,2670,0.02
68,3.9673,37.6508,2700,0.02
68,3.9839,38.0691,2730,0.02
68,3.9965,38.4874,2760,0.02
68,3.9867,38.9058,2790,0.02
68,4.0225,39.3241,2820,0.02
68,4.0253,39.7425,2850,0.02
68,4.0253,40.1608,2880,0.02
68,4.0676,40.5791,2910,0.02
68,4.0525,40.9975,2940,0.02
68,4.0475,41.4158,2970,0.02
68,4.0856,41.8342,3000,0.02
68,4.0694,42.2525,3030,0.02
68,4.0811,42.6709,3060,0.02
68,4.0396,43.0892,3090,0.02
68,4.0331,43.5075,3120,0.02
68,4.0407,43.9259,3150,0.02
68,4.0177,44.3442,3180,0.02
68,4.0507,44.7626,3210,0.02
68,4.0457,45.1809,3240,0.02
68,4.0533,45.5992,3270,0.02
68,4.0412,46.0176,3300,0.02
68,4.0615,46.4359,3330,0.02
68,4.0725,46.8543,3360,0.02
68,4.0883,47.2726,3390,0.02
68,4.0691,47.691,3420,0.02
68,4.0955,48.1093,3450,0.02
68,4.107,48.5276,3480,0.02
68,4.1016,48.946,3510,0.02
68,4.1284,49.3643,3540,0.02
68,4.1165,49.7827,3570,0.02
68,4.1253,50.201,3600,0.02
68,4.1183,50.6193,3630,0.02
68,4.1033,51.0377,3660,0.02
68,4.0947,51.456,3690,0.02
68,4.1002,51.8744,3720,0.02
68,4.0807,52.2927,3750,0.02
68,4.0691,52.7111,3780,0.02
68,4.0878,53.1294,3810,0.02
68,4.0728,53.5477,3840,0.02
68,4.0944,53.9661,3870,0.02
68,4.1124,54.3844,3900,0.02
68,4.1082,54.8028,3930,0.02
68,4.1308,55.2211,3960,0.02
68,4.1434,55.6394,3990,0.02
68,4.139,56.0578,4020,0.02
68,4.1335,56.4761,4050,0.02
68,4.1521,56.8945,4080,0.02
68,4.1628,57.3128,4110,0.02
68,4.1382,57.7312,4140,0.02
68,4.1399,58.1495,4170,0.02
68,4.1253,58.5678,4200,0.02
68,4.1514,58.9862,4230,0.02
68,4.1115,59.4045,4260,0.02
68,4.1028,59.8229,4290,0.02
68,4.0982,60.2412,4320,0.02
68,4.0993,60.6595,4350,0.02
68,4.1253,61.0779,4380,0.02
68,4.104,61.4962,4410,0.02
68,4.1326,61.9146,4440,0.02
68,4.1048,62.3329,4470,0.02
68,4.1384,62.7513,4500,0.02
68,4.1247,63.1696,4530,0.02
68,4.1429,63.5879,4560,0.02
68,4.1845,64.0063,4590,0.02
68,4.1905,64.4246,4620,0.02
68,4.1899,64.843,4650,0.02
68,4.1801,65.2613,4680,0.02
68,4.1675,65.6796,4710,0.02
68,4.1891,66.098,4740,0.02
68,4.1762,66.5163,4770,0.02
68,4.1535,66.9347,4800,0.02
68,4.1376,67.353,4830,0.02
68,4.1397,67.7714,4860,0.02
68,4.149,68.1897,4890,0.02
68,4.1421,68.608,4920,0.02
68,4.1257,69.0264,4950,0.02
68,4.133,69.4447,4980,0.02
68,4.1169,69.8631,5010,0.02
68,4.1527,70.2814,5040,0.02
68,4.1593,70.6997,5070,0.02
68,4.1493,71.1181,5100,0.02
68,4.1827,71.5364,5130,0.02
68,4.1797,71.9548,5160,0.02
68,4.1884,72.3731,5190,0.02
68,4.1848,72.7915,5220,0.02
68,4.1902,73.2098,5250,0.02
68,4.1939,73.6281,5280,0.02
68,4.1801,74.0465,5310,0.02
68,4.1835,74.4648,5340,0.02
68,4.1665,74.8832,5370,0.02
68,4.151,75.3015,5400,0.02
68,4.1521,75.7198,5430,0.02
68,4.1421,76.1382,5460,0.02
68,4.1277,76.5565,5490,0.02
68,4.1333,76.9749,5520,0.02
68,4.144,77.3932,5550,0.02
68,4.1395,77.8116,5580,0.02
68,4.1604,78.2299,5610,0.02
68,4.1796,78.6482,5640,0.02
68,4.1945,79.0666,5670,0.02
68,4.2,79.4849,5700,0.02
68,4.1841,79.9033,5730,0.02
68,4.1969,80.3216,5760,0.02
68,4.2,80.7399,5790,0.02
68,4.2,81.1583,5820,0.02
68,4.1912,81.5766,5850,0.02
68,4.2,81.995,5880,0.02
68,4.1944,82.4133,5910,0.02
68,4.1891,82.8317,5940,0.02
68,4.1703,83.25,5970,0.02
69,3.0008,0.0,0,0.02
69,3.0291,0.4171,30,0.02
69,3.0515,0.8342,60,0.02
69,3.0699,1.2513,90,0.02
69,3.0885,1.6683,120,0.02
69,3.1172,2.0854,150,0.02
69,3.1351,2.5025,180,0.02
69,3.1602,2.9196,210,0.02
69,3.1807,3.3367,240,0.02
69,3.2057,3.7538,270,0.02
69,3.2194,4.1709,300,0.02
69,3.2357,4.5879,330,0.02
69,3.2631,5.005,360,0.02
69,3.2752,5.4221,390,0.02
69,3.2968,5.8392,420,0.02
69,3.3132,6.2563,450,0.02
69,3.3308,6.6734,480,0.02
69,3.3515,7.0905,510,0.02
69,3.3572,7.5075,540,0.02
69,3.3783,7.9246,570,0.02
69,3.3919,8.3417,600,0.02
69,3.4122,8.7588,630,0.02
69,3.4365,9.1759,660,0.02
69,3.4463,9.593,690,0.02
69,3.4612,10.0101,720,0.02
69,3.4732,10.4271,750,0.02
69,3.4888,10.8442,780,0.02
69,3.5102,11.2613,810,0.02
69,3.5194,11.6784,840,0.02
69,3.523,12.0955,870,0.02
69,3.5404,12.5126,900,0.02
69,3.5494,12.9296,930,0.02
69,3.5687,13.3467,960,0.02
69,3.5877,13.7638,990,0.02
69,3.5871,14.1809,1020,0.02
69,3.6125,14.598,1050,0.02
69,3.6257,15.0151,1080,0.02
69,3.6348,15.4322,1110,0.02
69,3.6463,15.8492,1140,0.02
69,3.6593,16.2663,1170,0.02
69,3.6653,16.6834,1200,0.02
69,3.6741,17.1005,1230,0.02
69,3.6796,17.5176,1260,0.02
69,3.6899,17.9347,1290,0.02
69,3.703,18.3518,1320,0.02
69,3.7187,18.7688,1350,0.02
69,3.7215,19.1859,1380,0.02
69,3.7364,19.603,1410,0.02
69,3.7429,20.0201,1440,0.02
69,3.7447,20.4372,1470,0.02
69,3.7646,20.8543,1500,0.02
69,3.7708,21.2714,1530,0.02
69,3.7738,21.6884,1560,0.02
69,3.7941,22.1055,1590,0.02
69,3.7919,22.5226,1620,0.02
69,3.8081,22.9397,1650,0.02
69,3.8029,23.3568,1680,0.02
69,3.8106,23.7739,1710,0.02
69,3.82,24.191,1740,0.02
69,3.8323,24.608,1770,0.02
69,3.8426,25.0251,1800,0.02
69,3.8432,25.4422,1830,0.02
69,3.8472,25.8593,1860,0.02
69,3.8661,26.2764,1890,0.02
69,3.8656,26.6935,1920,0.02
69,3.8813,27.1106,1950,0.02
69,3.8801,27.5276,1980,0.02
69,3.8835,27.9447,2010,0.02
69,3.897,28.3618,2040,0.02
69,3.8965,28.7789,2070,0.02
69,3.908,29.196,2100,0.02
69,3.9129,29.6131,2130,0.02
69,3.9158,30.0302,2160,0.02
69,3.9214,30.4472,2190,0.02
69,3.931,30.8643,2220,0.02
69,3.9291,31.2814,2250,0.02
69,3.9448,31.6985,2280,0.02
69,3.9489,32.1156,2310,0.02
69,3.9492,32.5327,2340,0.02
69,3.9523,32.9497,2370,0.02
69,3.9533,33.3668,2400,0.02
69,3.9705,33.7839,2430,0.02
69,3.9727,34.201,2460,0.02
69,3.9806,34.6181,2490,0.02
69,3.9801,35.0352,2520,0.02
69,3.9891,35.4523,2550,0.02
69,3.9913,35.8693,2580,0.02
69,3.9938,36.2864,2610,0.02
69,3.9893,36.7035,2640,0.02
69,4.003,37.1206,2670,0.02
69,4.0108,37.5377,2700,0.02
69,4.0105,37.9548,2730,0.02
69,4.016,38.3719,2760,0.02
69,4.0134,38.7889,2790,0.02
69,4.0177,39.206,2820,0.02
69,4.0193,39.6231,2850,0.02
69,4.0255,40.0402,2880,0.02
69,4.0283,40.4573,2910,0.02
69,4.0315,40.8744,2940,0.02
69,4.0307,41.2915,2970,0.02
69,4.0384,41.7085,3000,0.02
69,4.0426,42.1256,3030,0.02
69,4.0512,42.5427,3060,0.02
69,4.0471,42.9598,3090,0.02
69,4.0513,43.3769,3120,0.02
69,4.0553,43.794,3150,0.02
69,4.0541,44.2111,3180,0.02
69,4.0583,44.6281,3210,0.02
69,4.0557,45.0452,3240,0.02
69,4.07,45.4623,3270,0.02
69,4.0733,45.8794,3300,0.02
69,4.0776,46.2965,3330,0.02
69,4.0684,46.7136,3360,0.02
69,4.0804,47.1307,3390,0.02
69,4.0711,47.5477,3420,0.02
69,4.0879,47.9648,3450,0.02
69,4.089,48.3819,3480,0.02
69,4.0814,48.799,3510,0.02
69,4.0856,49.2161,3540,0.02
69,4.0901,49.6332,3570,0.02
69,4.0943,50.0503,3600,0.02
69,4.0868,50.4673,3630,0.02
69,4.1015,50.8844,3660,0.02
69,4.092,51.3015,3690,0.02
69,4.108,51.7186,3720,0.02
69,4.1074,52.1357,3750,0.02
69,4.1099,52.5528,3780,0.02
69,4.1033,52.9698,3810,0.02
69,4.1158,53.3869,3840,0.02
69,4.116,53.804,3870,0.02
69,4.1098,54.2211,3900,0.02
69,4.1149,54.6382,3930,0.02
69,4.1111,55.0553,3960,0.02
69,4.1121,55.4724,3990,0.02
69,4.1238,55.8894,4020,0.02
69,4.1157,56.3065,4050,0.02
69,4.1248,56.7236,4080,0.02
69,4.1254,57.1407,4110,0.02
69,4.1291,57.5578,4140,0.02
69,4.127,57.9749,4170,0.02
69,4.1353,58.392,4200,0.02
69,4.1346,58.809,4230,0.02
69,4.1264,59.2261,4260,0.02
69,4.1296,59.6432,4290,0.02
69,4.1343,60.0603,4320,0.02
69,4.1365,60.4774,4350,0.02
69,4.1403,60.8945,4380,0.02
69,4.1357,61.3116,4410,0.02
69,4.1371,61.7286,4440,0.02
69,4.1325,62.1457,4470,0.02
69,4.1435,62.5628,4500,0.02
69,4.1346,62.9799,4530,0.02
69,4.1468,63.397,4560,0.02
69,4.1492,63.8141,4590,0.02
69,4.1485,64.2312,4620,0.02
69,4.1542,64.6482,4650,0.02
69,4.1468,65.0653,4680,0.02
69,4.1498,65.4824,4710,0.02
69,4.155,65.8995,4740,0.02
69,4.1474,66.3166,4770,0.02
69,4.1597,66.7337,4800,0.02
69,4.1477,67.1508,4830,0.02
69,4.148,67.5678,4860,0.02
69,4.1601,67.9849,4890,0.02
69,4.1631,68.402,4920,0.02
69,4.1523,68.8191,4950,0.02
69,4.1494,69.2362,4980,0.02
69,4.1603,69.6533,5010,0.02
69,4.1621,70.0704,5040,0.02
69,4.16,70.4874,5070,0.02
69,4.1611,70.9045,5100,0.02
69,4.1557,71.3216,5130,0.02
69,4.1683,71.7387,5160,0.02
69,4.1656,72.1558,5190,0.02
69,4.1629,72.5729,5220,0.02
69,4.1622,72.9899,5250,0.02
69,4.1693,73.407,5280,0.02
69,4.1689,73.8241,5310,0.02
69,4.174,74.2412,5340,0.02
69,4.1638,74.6583,5370,0.02
69,4.1722,75.0754,5400,0.02
69,4.1716,75.4925,5430,0.02
69,4.1621,75.9095,5460,0.02
69,4.1693,76.3266,5490,0.02
69,4.1676,76.7437,5520,0.02
69,4.1685,77.1608,5550,0.02
69,4.1679,77.5779,5580,0.02
69,4.1692,77.995,5610,0.02
69,4.1759,78.4121,5640,0.02
69,4.1796,78.8291,5670,0.02
69,4.1773,79.2462,5700,0.02
69,4.1664,79.6633,5730,0.02
69,4.1696,80.0804,5760,0.02
69,4.182,80.4975,5790,0.02
69,4.1812,80.9146,5820,0.02
69,4.1773,81.3317,5850,0.02
69,4.1797,81.7487,5880,0.02
69,4.1744,82.1658,5910,0.02
69,4.1782,82.5829,5940,0.02
69,4.1791,83.0,5970,0.02
70,3.0,0.0,0,0.02
70,3.0224,0.4158,30,0.02
70,3.049,0.8317,60,0.02
70,3.0674,1.2475,90,0.02
70,3.087,1.6633,120,0.02
70,3.1092,2.0791,150,0.02
70,3.1353,2.495,180,0.02
70,3.1613,2.9108,210,0.02
70,3.1783,3.3266,240,0.02
70,3.1987,3.7425,270,0.02
70,3.2217,4.1583,300,0.02
70,3.2387,4.5741,330,0.02
70,3.2605,4.9899,360,0.02
70,3.2708,5.4058,390,0.02
70,3.2925,5.8216,420,0.02
70,3.3091,6.2374,450,0.02
70,3.3279,6.6533,480,0.02
70,3.3407,7.0691,510,0.02
70,3.359,7.4849,540,0.02
70,3.3803,7.9008,570,0.02
70,3.4036,8.3166,600,0.02
70,3.4133,8.7324,630,0.02
70,3.433,9.1482,660,0.02
70,3.4408,9.5641,690,0.02
70,3.4654,9.9799,720,0.02
70,3.4719,10.3957,750,0.02
70,3.4858,10.8116,780,0.02
70,3.4961,11.2274,810,0.02
70,3.512,11.6432,840,0.02
70,3.5233,12.059,870,0.02
70,3.5358,12.4749,900,0.02
70,3.5597,12.8907,930,0.02
70,3.5745,13.3065,960,0.02
70,3.588,13.7224,990,0.02
70,3.5957,14.1382,1020,0.02
70,3.6036,14.554,1050,0.02
70,3.6206,14.9698,1080,0.02
70,3.6346,15.3857,1110,0.02
70,3.6406,15.8015,1140,0.02
70,3.6572,16.2173,1170,0.02
70,3.6656,16.6332,1200,0.02
70,3.6715,17.049,1230,0.02
70,3.6857,17.4648,1260,0.02
70,3.7001,17.8807,1290,0.02
70,3.7052,18.2965,1320,0.02
70,3.7142,18.7123,1350,0.02
70,3.7171,19.1281,1380,0.02
70,3.7389,19.544,1410,0.02
70,3.7497,19.9598,1440,0.02
70,3.7489,20.3756,1470,0.02
70,3.7627,20.7915,1500,0.02
70,3.777,21.2073,1530,0.02
70,3.783,21.6231,1560,0.02
70,3.7866,22.0389,1590,0.02
70,3.7927,22.4548,1620,0.02
70,3.7953,22.8706,1650,0.02
70,3.8171,23.2864,1680,0.02
70,3.8116,23.7023,1710,0.02
70,3.826,24.1181,1740,0.02
70,3.8266,24.5339,1770,0.02
70,3.8329,24.9497,1800,0.02
70,3.8463,25.3656,1830,0.02
70,3.8567,25.7814,1860,0.02
70,3.8629,26.1972,1890,0.02
70,3.8619,26.6131,1920,0.02
70,3.874,27.0289,1950,0.02
70,3.8751,27.4447,1980,0.02
70,3.8854,27.8606,2010,0.02
70,3.8943,28.2764,2040,0.02
70,3.9014,28.6922,2070,0.02
70,3.9025,29.108,2100,0.02
70,3.9163,29.5239,2130,0.02
70,3.9232,29.9397,2160,0.02
70,3.9264,30.3555,2190,0.02
70,3.9309,30.7714,2220,0.02
70,3.9302,31.1872,2250,0.02
70,3.9349,31.603,2280,0.02
70,3.9498,32.0188,2310,0.02
70,3.9422,32.4347,2340,0.02
70,3.9498,32.8505,2370,0.02
70,3.9671,33.2663,2400,0.02
70,3.9694,33.6822,2430,0.02
70,3.963,34.098,2460,0.02
70,3.9709,34.5138,2490,0.02
70,3.9724,34.9296,2520,0.02
70,3.9751,35.3455,2550,0.02
70,3.9803,35.7613,2580,0.02
70,3.9949,36.1771,2610,0.02
70,4.0033,36.593,2640,0.02
70,4.0007,37.0088,2670,0.02
70,3.9997,37.4246,2700,0.02
70,4.0018,37.8405,2730,0.02
70,4.0155,38.2563,2760,0.02
70,4.0154,38.6721,2790,0.02
70,4.0122,39.0879,2820,0.02
70,4.0162,39.5038,2850,0.02
70,4.0208,39.9196,2880,0.02
70,4.0261,40.3354,2910,0.02
70,4.0305,40.7513,2940,0.02
70,4.0404,41.1671,2970,0.02
70,4.0374,41.5829,3000,0.02
70,4.0478,41.9987,3030,0.02
70,4.0431,42.4146,3060,0.02
70,4.0506,42.8304,3090,0.02
70,4.0594,43.2462,3120,0.02
70,4.048,43.6621,3150,0.02
70,4.0603,44.0779,3180,0.02
70,4.0595,44.4937,3210,0.02
70,4.0702,44.9095,3240,0.02
70,4.0585,45.3254,3270,0.02
70,4.0651,45.7412,3300,0.02
70,4.0732,46.157,3330,0.02
70,4.0795,46.5729,3360,0.02
70,4.0738,46.9887,3390,0.02
70,4.0758,47.4045,3420,0.02
70,4.0766,47.8204,3450,0.02
70,4.0835,48.2362,3480,0.02
70,4.081,48.652,3510,0.02
70,4.0905,49.0678,3540,0.02
70,4.0973,49.4837,3570,0.02
70,4.0895,49.8995,3600,0.02
70,4.0993,50.3153,3630,0.02
70,4.0899,50.7312,3660,0.02
70,4.0947,51.147,3690,0.02
70,4.0956,51.5628,3720,0.02
70,4.1023,51.9786,3750,0.02
70,4.1056,52.3945,3780,0.02
70,4.1117,52.8103,3810,0.02
70,4.1111,53.2261,3840,0.02
70,4.1165,53.642,3870,0.02
70,4.1184,54.0578,3900,0.02
70,4.1167,54.4736,3930,0.02
70,4.1227,54.8894,3960,0.02
70,4.1163,55.3053,3990,0.02
70,4.115,55.7211,4020,0.02
70,4.1232,56.1369,4050,0.02
70,4.1257,56.5528,4080,0.02
70,4.123,56.9686,4110,0.02
70,4.1223,57.3844,4140,0.02
70,4.1212,57.8003,4170,0.02
70,4.1279,58.2161,4200,0.02
70,4.1369,58.6319,4230,0.02
70,4.1327,59.0477,4260,0.02
70,4.139,59.4636,4290,0.02
70,4.1356,59.8794,4320,0.02
70,4.1395,60.2952,4350,0.02
70,4.1421,60.7111,4380,0.02
70,4.1339,61.1269,4410,0.02
70,4.132,61.5427,4440,0.02
70,4.1455,61.9585,4470,0.02
70,4.1479,62.3744,4500,0.02
70,4.1359,62.7902,4530,0.02
70,4.1462,63.206,4560,0.02
70,4.1429,63.6219,4590,0.02
70,4.1419,64.0377,4620,0.02
70,4.1543,64.4535,4650,0.02
70,4.1514,64.8693,4680,0.02
70,4.1538,65.2852,4710,0.02
70,4.1481,65.701,4740,0.02
70,4.1462,66.1168,4770,0.02
70,4.1558,66.5327,4800,0.02
70,4.1603,66.9485,4830,0.02
70,4.154,67.3643,4860,0.02
70,4.1551,67.7802,4890,0.02
70,4.1551,68.196,4920,0.02
70,4.1509,68.6118,4950,0.02
70,4.1538,69.0276,4980,0.02
70,4.1624,69.4435,5010,0.02
70,4.1589,69.8593,5040,0.02
70,4.1667,70.2751,5070,0.02
70,4.1593,70.691,5100,0.02
70,4.1618,71.1068,5130,0.02
70,4.157,71.5226,5160,0.02
70,4.1641,71.9384,5190,0.02
70,4.163,72.3543,5220,0.02
70,4.1616,72.7701,5250,0.02
70,4.1726,73.1859,5280,0.02
70,4.1607,73.6018,5310,0.02
70,4.1613,74.0176,5340,0.02
70,4.1677,74.4334,5370,0.02
70,4.1743,74.8492,5400,0.02
70,4.1672,75.2651,5430,0.02
70,4.1755,75.6809,5460,0.02
70,4.175,76.0967,5490,0.02
70,4.1655,76.5126,5520,0.02
70,4.1684,76.9284,5550,0.02
70,4.1663,77.3442,5580,0.02
70,4.1664,77.7601,5610,0.02
70,4.1687,78.1759,5640,0.02
70,4.1803,78.5917,5670,0.02
70,4.1703,79.0075,5700,0.02
70,4.1668,79.4234,5730,0.02
70,4.1791,79.8392,5760,0.02
70,4.1688,80.255,5790,0.02
70,4.1763,80.6709,5820,0.02
70,4.1796,81.0867,5850,0.02
70,4.1762,81.5025,5880,0.02
70,4.1771,81.9183,5910,0.02
70,4.173,82.3342,5940,0.02
70,4.1846,82.75,5970,0.02
71,3.0,0.0,0,0.02
71,3.028,0.4146,30,0.02
71,3.0417,0.8291,60,0.02
71,3.0754,1.2437,90,0.02
71,3.0931,1.6583,120,0.02
71,3.1223,2.0729,150,0.02
71,3.1385,2.4874,180,0.02
71,3.1621,2.902,210,0.02
71,3.1703,3.3166,240,0.02
71,3.2039,3.7312,270,0.02
71,3.2156,4.1457,300,0.02
71,3.2367,4.5603,330,0.02
71,3.255,4.9749,360,0.02
71,3.2803,5.3894,390,0.02
71,3.2922,5.804,420,0.02
71,3.3097,6.2186,450,0.02
71,3.3347,6.6332,480,0.02
71,3.3495,7.0477,510,0.02
71,3.3611,7.4623,540,0.02
71,3.3877,7.8769,570,0.02
71,3.3989,8.2915,600,0.02
71,3.4156,8.706,630,0.02
71,3.424,9.1206,660,0.02
71,3.4434,9.5352,690,0.02
71,3.4548,9.9497,720,0.02
71,3.4772,10.3643,750,0.02
71,3.4961,10.7789,780,0.02
71,3.509,11.1935,810,0.02
71,3.5185,11.608,840,0.02
71,3.5266,12.0226,870,0.02
71,3.5448,12.4372,900,0.02
71,3.5574,12.8518,930,0.02
71,3.567,13.2663,960,0.02
71,3.5742,13.6809,990,0.02
71,3.5866,14.0955,1020,0.02
71,3.5995,14.5101,1050,0.02
71,3.6249,14.9246,1080,0.02
71,3.622,15.3392,1110,0.02
71,3.6482,15.7538,1140,0.02
71,3.6492,16.1683,1170,0.02
71,3.657,16.5829,1200,0.02
71,3.6797,16.9975,1230,0.02
71,3.6898,17.4121,1260,0.02
71,3.6899,17.8266,1290,0.02
71,3.7081,18.2412,1320,0.02
71,3.7105,18.6558,1350,0.02
71,3.7243,19.0704,1380,0.02
71,3.7329,19.4849,1410,0.02
71,3.7474,19.8995,1440,0.02
71,3.7535,20.3141,1470,0.02
71,3.7602,20.7286,1500,0.02
71,3.7706,21.1432,1530,0.02
71,3.7727,21.5578,1560,0.02
71,3.7907,21.9724,1590,0.02
71,3.7976,22.3869,1620,0.02
71,3.7991,22.8015,1650,0.02
71,3.8043,23.2161,1680,0.02
71,3.8135,23.6307,1710,0.02
71,3.825,24.0452,1740,0.02
71,3.8392,24.4598,1770,0.02
71,3.8406,24.8744,1800,0.02
71,3.8547,25.2889,1830,0.02
71,3.8605,25.7035,1860,0.02
71,3.8662,26.1181,1890,0.02
71,3.8715,26.5327,1920,0.02
71,3.8689,26.9472,1950,0.02
71,3.8823,27.3618,1980,0.02
71,3.8827,27.7764,2010,0.02
71,3.8994,28.191,2040,0.02
71,3.9027,28.6055,2070,0.02
71,3.9087,29.0201,2100,0.02
71,3.9175,29.4347,2130,0.02
71,3.922,29.8492,2160,0.02
71,3.9178,30.2638,2190,0.02
71,3.9234,30.6784,2220,0.02
71,3.9347,31.093,2250,0.02
71,3.9432,31.5075,2280,0.02
71,3.9515,31.9221,2310,0.02
71,3.9542,32.3367,2340,0.02
71,3.9562,32.7513,2370,0.02
71,3.9639,33.1658,2400,0.02
71,3.9652,33.5804,2430,0.02
71,3.973,33.995,2460,0.02
71,3.9737,34.4095,2490,0.02
71,3.9859,34.8241,2520,0.02
71,3.9846,35.2387,2550,0.02
71,3.9793,35.6533,2580,0.02
71,3.9977,36.0678,2610,0.02
71,3.9919,36.4824,2640,0.02
71,4.0029,36.897,2670,0.02
71,4.0104,37.3116,2700,0.02
71,4.0029,37.7261,2730,0.02
71,4.0154,38.1407,2760,0.02
71,4.0213,38.5553,2790,0.02
71,4.0235,38.9698,2820,0.02
71,4.0237,39.3844,2850,0.02
71,4.0323,39.799,2880,0.02
71,4.0257,40.2136,2910,0.02
71,4.0249,40.6281,2940,0.02
71,4.037,41.0427,2970,0.02
71,4.0443,41.4573,3000,0.02
71,4.0466,41.8719,3030,0.02
71,4.0417,42.2864,3060,0.02
71,4.0544,42.701,3090,0.02
71,4.0511,43.1156,3120,0.02
71,4.0513,43.5302,3150,0.02
71,4.0511,43.9447,3180,0.02
71,4.0606,44.3593,3210,0.02
71,4.0564,44.7739,3240,0.02
71,4.0623,45.1884,3270,0.02
71,4.0606,45.603,3300,0.02
71,4.0637,46.0176,3330,0.02
71,4.0691,46.4322,3360,0.02
71,4.0784,46.8467,3390,0.02
71,4.079,47.2613,3420,0.02
71,4.0742,47.6759,3450,0.02
71,4.0901,48.0905,3480,0.02
71,4.0837,48.505,3510,0.02
71,4.0892,48.9196,3540,0.02
71,4.0881,49.3342,3570,0.02
71,4.0939,49.7487,3600,0.02
71,4.0966,50.1633,3630,0.02
71,4.0992,50.5779,3660,0.02
71,4.0915,50.9925,3690,0.02
71,4.1076,51.407,3720,0.02
71,4.1056,51.8216,3750,0.02
71,4.106,52.2362,3780,0.02
71,4.1017,52.6508,3810,0.02
71,4.1084,53.0653,3840,0.02
71,4.1147,53.4799,3870,0.02
71,4.1139,53.8945,3900,0.02
71,4.1154,54.309,3930,0.02
71,4.1218,54.7236,3960,0.02
71,4.1191,55.1382,3990,0.02
71,4.1247,55.5528,4020,0.02
71,4.1245,55.9673,4050,0.02
71,4.1226,56.3819,4080,0.02
71,4.1223,56.7965,4110,0.02
71,4.1314,57.2111,4140,0.02
71,4.1241,57.6256,4170,0.02
71,4.1203,58.0402,4200,0.02
71,4.1259,58.4548,4230,0.02
71,4.1378,58.8693,4260,0.02
71,4.1254,59.2839,4290,0.02
71,4.1396,59.6985,4320,0.02
71,4.1354,60.1131,4350,0.02
71,4.1315,60.5276,4380,0.02
71,4.1354,60.9422,4410,0.02
71,4.1434,61.3568,4440,0.02
71,4.1477,61.7714,4470,0.02
71,4.1415,62.1859,4500,0.02
71,4.1424,62.6005,4530,0.02
71,4.1429,63.0151,4560,0.02
71,4.1498,63.4296,4590,0.02
71,4.1489,63.8442,4620,0.02
71,4.1537,64.2588,4650,0.02
71,4.1539,64.6734,4680,0.02
71,4.1532,65.0879,4710,0.02
71,4.1427,65.5025,4740,0.02
71,4.1548,65.9171,4770,0.02
71,4.1559,66.3317,4800,0.02
71,4.1538,66.7462,4830,0.02
71,4.1492,67.1608,4860,0.02
71,4.1591,67.5754,4890,0.02
71,4.153,67.9899,4920,0.02
71,4.1538,68.4045,4950,0.02
71,4.1585,68.8191,4980,0.02
71,4.1592,69.2337,5010,0.02
71,4.1528,69.6482,5040,0.02
71,4.1552,70.0628,5070,0.02
71,4.1594,70.4774,5100,0.02
71,4.1587,70.892,5130,0.02
71,4.1602,71.3065,5160,0.02
71,4.1622,71.7211,5190,0.02
71,4.1694,72.1357,5220,0.02
71,4.1623,72.5503,5250,0.02
71,4.1578,72.9648,5280,0.02
71,4.1616,73.3794,5310,0.02
71,4.1742,73.794,5340,0.02
71,4.1742,74.2085,5370,0.02
71,4.16,74.6231,5400,0.02
71,4.1627,75.0377,5430,0.02
71,4.1698,75.4523,5460,0.02
71,4.1774,75.8668,5490,0.02
71,4.1635,76.2814,5520,0.02
71,4.1736,76.696,5550,0.02
71,4.175,77.1106,5580,0.02
71,4.1791,77.5251,5610,0.02
71,4.1799,77.9397,5640,0.02
71,4.1791,78.3543,5670,0.02
71,4.1793,78.7688,5700,0.02
71,4.1718,79.1834,5730,0.02
71,4.1761,79.598,5760,0.02
71,4.1719,80.0126,5790,0.02
71,4.1812,80.4271,5820,0.02
71,4.1838,80.8417,5850,0.02
71,4.1837,81.2563,5880,0.02
71,4.1719,81.6709,5910,0.02
71,4.1772,82.0854,5940,0.02
71,4.176,82.5,5970,0.02
72,3.0,0.0,0,0.02
72,3.0176,0.4133,30,0.02
72,3.041,0.8266,60,0.02
72,3.0647,1.2399,90,0.02
72,3.0913,1.6533,120,0.02
72,3.1096,2.0666,150,0.02
72,3.142,2.4799,180,0.02
72,3.1578,2.8932,210,0.02
72,3.1804,3.3065,240,0.02
72,3.1907,3.7198,270,0.02
72,3.2235,4.1332,300,0.02
72,3.2448,4.5465,330,0.02
72,3.2554,4.9598,360,0.02
72,3.2807,5.3731,390,0.02
72,3.2886,5.7864,420,0.02
72,3.3185,6.1997,450,0.02
72,3.335,6.6131,480,0.02
72,3.3546,7.0264,510,0.02
72,3.3686,7.4397,540,0.02
72,3.3741,7.853,570,0.02
72,3.3984,8.2663,600,0.02
72,3.4193,8.6796,630,0.02
72,3.4316,9.093,660,0.02
72,3.4451,9.5063,690,0.02
72,3.4543,9.9196,720,0.02
72,3.48,10.3329,750,0.02
72,3.492,10.7462,780,0.02
72,3.4973,11.1595,810,0.02
72,3.5096,11.5729,840,0.02
72,3.5268,11.9862,870,0.02
72,3.5492,12.3995,900,0.02
72,3.5529,12.8128,930,0.02
72,3.5621,13.2261,960,0.02
72,3.5758,13.6394,990,0.02
72,3.5901,14.0528,1020,0.02
72,3.6085,14.4661,1050,0.02
72,3.6258,14.8794,1080,0.02
72,3.6317,15.2927,1110,0.02
72,3.6414,15.706,1140,0.02
72,3.6459,16.1193,1170,0.02
72,3.6614,16.5327,1200,0.02
72,3.6673,16.946,1230,0.02
72,3.6826,17.3593,1260,0.02
72,3.7013,17.7726,1290,0.02
72,3.6996,18.1859,1320,0.02
72,3.7081,18.5992,1350,0.02
72,3.7283,19.0126,1380,0.02
72,3.7273,19.4259,1410,0.02
72,3.7505,19.8392,1440,0.02
72,3.7555,20.2525,1470,0.02
72,3.7567,20.6658,1500,0.02
72,3.7774,21.0791,1530,0.02
72,3.7806,21.4925,1560,0.02
72,3.7788,21.9058,1590,0.02
72,3.7936,22.3191,1620,0.02
72,3.8014,22.7324,1650,0.02
72,3.8054,23.1457,1680,0.02
72,3.8162,23.559,1710,0.02
72,3.8262,23.9724,1740,0.02
72,3.8358,24.3857,1770,0.02
72,3.8439,24.799,1800,0.02
72,3.8423,25.2123,1830,0.02
72,3.8559,25.6256,1860,0.02
72,3.8674,26.0389,1890,0.02
72,3.8715,26.4523,1920,0.02
72,3.868,26.8656,1950,0.02
72,3.8844,27.2789,1980,0.02
72,3.8914,27.6922,2010,0.02
72,3.8981,28.1055,2040,0.02
72,3.8928,28.5188,2070,0.02
72,3.9052,28.9322,2100,0.02
72,3.9076,29.3455,2130,0.02
72,3.9131,29.7588,2160,0.02
72,3.9204,30.1721,2190,0.02
72,3.935,30.5854,2220,0.02
72,3.9272,30.9987,2250,0.02
72,3.9328,31.4121,2280,0.02
72,3.9481,31.8254,2310,0.02
72,3.9428,32.2387,2340,0.02
72,3.9577,32.652,2370,0.02
72,3.9629,33.0653,2400,0.02
72,3.9608,33.4786,2430,0.02
72,3.9725,33.892,2460,0.02
72,3.9743,34.3053,2490,0.02
72,3.9749,34.7186,2520,0.02
72,3.9879,35.1319,2550,0.02
72,3.985,35.5452,2580,0.02
72,3.9873,35.9585,2610,0.02
72,4.0001,36.3719,2640,0.02
72,3.9994,36.7852,2670,0.02
72,4.0097,37.1985,2700,0.02
72,4.0061,37.6118,2730,0.02
72,4.005,38.0251,2760,0.02
72,4.0115,38.4384,2790,0.02
72,4.0209,38.8518,2820,0.02
72,4.0204,39.2651,2850,0.02
72,4.0259,39.6784,2880,0.02
72,4.0217,40.0917,2910,0.02
72,4.0309,40.505,2940,0.02
72,4.0385,40.9183,2970,0.02
72,4.0423,41.3317,3000,0.02
72,4.0356,41.745,3030,0.02
72,4.0429,42.1583,3060,0.02
72,4.0561,42.5716,3090,0.02
72,4.0502,42.9849,3120,0.02
72,4.0612,43.3982,3150,0.02
72,4.0553,43.8116,3180,0.02
72,4.0582,44.2249,3210,0.02
72,4.0583,44.6382,3240,0.02
72,4.0645,45.0515,3270,0.02
72,4.0665,45.4648,3300,0.02
72,4.079,45.8781,3330,0.02
72,4.077,46.2915,3360,0.02
72,4.0746,46.7048,3390,0.02
72,4.075,47.1181,3420,0.02
72,4.0857,47.5314,3450,0.02
72,4.0848,47.9447,3480,0.02
72,4.0878,48.358,3510,0.02
72,4.0855,48.7714,3540,0.02
72,4.0828,49.1847,3570,0.02
72,4.0998,49.598,3600,0.02
72,4.0936,50.0113,3630,0.02
72,4.0941,50.4246,3660,0.02
72,4.0962,50.8379,3690,0.02
72,4.1028,51.2513,3720,0.02
72,4.107,51.6646,3750,0.02
72,4.1076,52.0779,3780,0.02
72,4.1045,52.4912,3810,0.02
72,4.1081,52.9045,3840,0.02
72,4.1172,53.3178,3870,0.02
72,4.1188,53.7312,3900,0.02
72,4.106,54.1445,3930,0.02
72,4.1077,54.5578,3960,0.02
72,4.1241,54.9711,3990,0.02
72,4.1145,55.3844,4020,0.02
72,4.1254,55.7977,4050,0.02
72,4.1228,56.2111,4080,0.02
72,4.1202,56.6244,4110,0.02
72,4.1184,57.0377,4140,0.02
72,4.1254,57.451,4170,0.02
72,4.1315,57.8643,4200,0.02
72,4.1318,58.2776,4230,0.02
72,4.1304,58.691,4260,0.02
72,4.1265,59.1043,4290,0.02
72,4.1268,59.5176,4320,0.02
72,4.1295,59.9309,4350,0.02
72,4.1321,60.3442,4380,0.02
72,4.137,60.7575,4410,0.02
72,4.134,61.1709,4440,0.02
72,4.1386,61.5842,4470,0.02
72,4.1382,61.9975,4500,0.02
72,4.1496,62.4108,4530,0.02
72,4.148,62.8241,4560,0.02
72,4.1496,63.2374,4590,0.02
72,4.1469,63.6508,4620,0.02
72,4.1518,64.0641,4650,0.02
72,4.1508,64.4774,4680,0.02
72,4.152,64.8907,4710,0.02
72,4.1489,65.304,4740,0.02
72,4.1449,65.7173,4770,0.02
72,4.1467,66.1307,4800,0.02
72,4.1474,66.544,4830,0.02
72,4.1551,66.9573,4860,0.02
72,4.1545,67.3706,4890,0.02
72,4.1517,67.7839,4920,0.02
72,4.1486,68.1972,4950,0.02
72,4.1565,68.6106,4980,0.02
72,4.1635,69.0239,5010,0.02
72,4.1535,69.4372,5040,0.02
72,4.1598,69.8505,5070,0.02
72,4.1643,70.2638,5100,0.02
72,4.1667,70.6771,5130,0.02
72,4.1631,71.0905,5160,0.02
72,4.1646,71.5038,5190,0.02
72,4.1558,71.9171,5220,0.02
72,4.164,72.3304,5250,0.02
72,4.1718,72.7437,5280,0.02
72,4.1606,73.157,5310,0.02
72,4.161,73.5704,5340,0.02
72,4.1606,73.9837,5370,0.02
72,4.1729,74.397,5400,0.02
72,4.1731,74.8103,5430,0.02
72,4.1739,75.2236,5460,0.02
72,4.17,75.6369,5490,0.02
72,4.1767,76.0503,5520,0.02
72,4.1722,76.4636,5550,0.02
72,4.1665,76.8769,5580,0.02
72,4.1768,77.2902,5610,0.02
72,4.1732,77.7035,5640,0.02
72,4.1727,78.1168,5670,0.02
72,4.166,78.5302,5700,0.02
72,4.1772,78.9435,5730,0.02
72,4.1717,79.3568,5760,0.02
72,4.1797,79.7701,5790,0.02
72,4.1782,80.1834,5820,0.02
72,4.175,80.5967,5850,0.02
72,4.1735,81.0101,5880,0.02
72,4.181,81.4234,5910,0.02
72,4.1823,81.8367,5940,0.02
72,4.1802,82.25,5970,0.02
73,3.0,0.0,0,0.02
73,3.03,0.4121,30,0.02
73,3.0548,0.8241,60,0.02
73,3.0679,1.2362,90,0.02
73,3.0893,1.6482,120,0.02
73,3.1074,2.0603,150,0.02
73,3.1346,2.4724,180,0.02
73,3.1564,2.8844,210,0.02
73,3.1858,3.2965,240,0.02
73,3.2043,3.7085,270,0.02
73,3.2179,4.1206,300,0.02
73,3.2317,4.5327,330,0.02
73,3.2543,4.9447,360,0.02
73,3.2751,5.3568,390,0.02
73,3.3016,5.7688,420,0.02
73,3.3058,6.1809,450,0.02
73,3.3231,6.593,480,0.02
73,3.3449,7.005,510,0.02
73,3.3577,7.4171,540,0.02
73,3.3787,7.8291,570,0.02
73,3.3909,8.2412,600,0.02
73,3.4053,8.6533,630,0.02
73,3.4289,9.0653,660,0.02
73,3.4504,9.4774,690,0.02
73,3.4608,9.8894,720,0.02
73,3.481,10.3015,750,0.02
73,3.4896,10.7136,780,0.02
73,3.5038,11.1256,810,0.02
73,3.5098,11.5377,840,0.02
73,3.5337,11.9497,870,0.02
73,3.5464,12.3618,900,0.02
73,3.5546,12.7739,930,0.02
73,3.5626,13.1859,960,0.02
73,3.5844,13.598,990,0.02
73,3.6014,14.0101,1020,0.02
73,3.6048,14.4221,1050,0.02
73,3.6242,14.8342,1080,0.02
73,3.6315,15.2462,1110,0.02
73,3.634,15.6583,1140,0.02
73,3.6504,16.0704,1170,0.02
73,3.6634,16.4824,1200,0.02
73,3.6719,16.8945,1230,0.02
73,3.6775,17.3065,1260,0.02
73,3.6919,17.7186,1290,0.02
73,3.6973,18.1307,1320,0.02
73,3.708,18.5427,1350,0.02
73,3.7236,18.9548,1380,0.02
73,3.7304,19.3668,1410,0.02
73,3.741,19.7789,1440,0.02
73,3.7469,20.191,1470,0.02
73,3.7676,20.603,1500,0.02
73,3.7643,21.0151,1530,0.02
73,3.7732,21.4271,1560,0.02
73,3.7925,21.8392,1590,0.02
73,3.7937,22.2513,1620,0.02
73,3.7962,22.6633,1650,0.02
73,3.8058,23.0754,1680,0.02
73,3.8144,23.4874,1710,0.02
73,3.8245,23.8995,1740,0.02
73,3.8407,24.3116,1770,0.02
73,3.8428,24.7236,1800,0.02
73,3.8543,25.1357,1830,0.02
73,3.8555,25.5477,1860,0.02
73,3.8651,25.9598,1890,0.02
73,3.872,26.3719,1920,0.02
73,3.8693,26.7839,1950,0.02
73,3.8823,27.196,1980,0.02
73,3.892,27.608,2010,0.02
73,3.8951,28.0201,2040,0.02
73,3.9012,28.4322,2070,0.02
73,3.9013,28.8442,2100,0.02
73,3.9084,29.2563,2130,0.02
73,3.9254,29.6683,2160,0.02
73,3.918,30.0804,2190,0.02
73,3.9301,30.4925,2220,0.02
73,3.9353,30.9045,2250,0.02
73,3.9397,31.3166,2280,0.02
73,3.9399,31.7286,2310,0.02
73,3.9495,32.1407,2340,0.02
73,3.9548,32.5528,2370,0.02
73,3.9558,32.9648,2400,0.02
73,3.971,33.3769,2430,0.02
73,3.9723,33.7889,2460,0.02
73,3.9774,34.201,2490,0.02
73,3.9755,34.6131,2520,0.02
73,3.981,35.0251,2550,0.02
73,3.9856,35.4372,2580,0.02
73,3.992,35.8492,2610,0.02
73,3.993,36.2613,2640,0.02
73,4.0058,36.6734,2670,0.02
73,4.0056,37.0854,2700,0.02
73,4.014,37.4975,2730,0.02
73,4.0066,37.9095,2760,0.02
73,4.0128,38.3216,2790,0.02
73,4.0178,38.7337,2820,0.02
73,4.0192,39.1457,2850,0.02
73,4.0282,39.5578,2880,0.02
73,4.0323,39.9698,2910,0.02
73,4.0376,40.3819,2940,0.02
73,4.0328,40.794,2970,0.02
73,4.0332,41.206,3000,0.02
73,4.0422,41.6181,3030,0.02
73,4.0517,42.0302,3060,0.02
73,4.0527,42.4422,3090,0.02
73,4.0505,42.8543,3120,0.02
73,4.0516,43.2663,3150,0.02
73,4.0616,43.6784,3180,0.02
73,4.0675,44.0905,3210,0.02
73,4.0624,44.5025,3240,0.02
73,4.0637,44.9146,3270,0.02
73,4.0748,45.3266,3300,0.02
73,4.0699,45.7387,3330,0.02
73,4.0683,46.1508,3360,0.02
73,4.0832,46.5628,3390,0.02
73,4.0837,46.9749,3420,0.02
73,4.0787,47.3869,3450,0.02
73,4.0777,47.799,3480,0.02
73,4.0802,48.2111,3510,0.02
73,4.0927,48.6231,3540,0.02
73,4.0832,49.0352,3570,0.02
73,4.0914,49.4472,3600,0.02
73,4.096,49.8593,3630,0.02
73,4.0983,50.2714,3660,0.02
73,4.1044,50.6834,3690,0.02
73,4.0992,51.0955,3720,0.02
73,4.1023,51.5075,3750,0.02
73,4.1054,51.9196,3780,0.02
73,4.1064,52.3317,3810,0.02
73,4.1072,52.7437,3840,0.02
73,4.1034,53.1558,3870,0.02
73,4.1099,53.5678,3900,0.02
73,4.1122,53.9799,3930,0.02
73,4.1206,54.392,3960,0.02
73,4.1155,54.804,3990,0.02
73,4.1119,55.2161,4020,0.02
73,4.1148,55.6281,4050,0.02
73,4.115,56.0402,4080,0.02
73,4.1278,56.4523,4110,0.02
73,4.1281,56.8643,4140,0.02
73,4.127,57.2764,4170,0.02
73,4.1314,57.6884,4200,0.02
73,4.1237,58.1005,4230,0.02
73,4.1361,58.5126,4260,0.02
73,4.1366,58.9246,4290,0.02
73,4.1304,59.3367,4320,0.02
73,4.1421,59.7487,4350,0.02
73,4.1393,60.1608,4380,0.02
73,4.1334,60.5729,4410,0.02
73,4.134,60.9849,4440,0.02
73,4.1418,61.397,4470,0.02
73,4.1447,61.809,4500,0.02
73,4.1487,62.2211,4530,0.02
73,4.141,62.6332,4560,0.02
73,4.1409,63.0452,4590,0.02
73,4.1439,63.4573,4620,0.02
73,4.1434,63.8693,4650,0.02
73,4.1495,64.2814,4680,0.02
73,4.1439,64.6935,4710,0.02
73,4.1477,65.1055,4740,0.02
73,4.153,65.5176,4770,0.02
73,4.1515,65.9296,4800,0.02
73,4.1515,66.3417,4830,0.02
73,4.1548,66.7538,4860,0.02
73,4.1611,67.1658,4890,0.02
73,4.1482,67.5779,4920,0.02
73,4.1622,67.9899,4950,0.02
73,4.1525,68.402,4980,0.02
73,4.1582,68.8141,5010,0.02
73,4.1543,69.2261,5040,0.02
73,4.1589,69.6382,5070,0.02
73,4.1674,70.0503,5100,0.02
73,4.1581,70.4623,5130,0.02
73,4.1651,70.8744,5160,0.02
73,4.1709,71.2864,5190,0.02
73,4.1649,71.6985,5220,0.02
73,4.158,72.1106,5250,0.02
73,4.168,72.5226,5280,0.02
73,4.1687,72.9347,5310,0.02
73,4.168,73.3467,5340,0.02
73,4.1676,73.7588,5370,0.02
73,4.1684,74.1709,5400,0.02
73,4.1612,74.5829,5430,0.02
73,4.1621,74.995,5460,0.02
73,4.1688,75.407,5490,0.02
73,4.1757,75.8191,5520,0.02
73,4.1734,76.2312,5550,0.02
73,4.1794,76.6432,5580,0.02
73,4.1775,77.0553,5610,0.02
73,4.1692,77.4673,5640,0.02
73,4.1712,77.8794,5670,0.02
73,4.1799,78.2915,5700,0.02
73,4.177,78.7035,5730,0.02
73,4.1744,79.1156,5760,0.02
73,4.1822,79.5276,5790,0.02
73,4.1784,79.9397,5820,0.02
73,4.1839,80.3518,5850,0.02
73,4.1802,80.7638,5880,0.02
73,4.1804,81.1759,5910,0.02
73,4.1781,81.5879,5940,0.02
73,4.172,82.0,5970,0.02
74,3.0,0.0,0,0.02
74,3.0227,0.4108,30,0.02
74,3.0505,0.8216,60,0.02
74,3.0986,1.2324,90,0.02
74,3.1239,1.6432,120,0.02
74,3.1369,2.054,150,0.02
74,3.1703,2.4648,180,0.02
74,3.1964,2.8756,210,0.02
74,3.2068,3.2864,240,0.02
74,3.2006,3.6972,270,0.02
74,3.2307,4.108,300,0.02
74,3.2099,4.5188,330,0.02
74,3.2252,4.9296,360,0.02
74,3.2488,5.3405,390,0.02
74,3.2452,5.7513,420,0.02
74,3.2995,6.1621,450,0.02
74,3.3042,6.5729,480,0.02
74,3.3471,6.9837,510,0.02
74,3.3502,7.3945,540,0.02
74,3.3776,7.8053,570,0.02
74,3.389,8.2161,600,0.02
74,3.4223,8.6269,630,0.02
74,3.459,9.0377,660,0.02
74,3.4808,9.4485,690,0.02
74,3.4931,9.8593,720,0.02
74,3.506,10.2701,750,0.02
74,3.5202,10.6809,780,0.02
74,3.5349,11.0917,810,0.02
74,3.5388,11.5025,840,0.02
74,3.5097,11.9133,870,0.02
74,3.5464,12.3241,900,0.02
74,3.5375,12.7349,930,0.02
74,3.5537,13.1457,960,0.02
74,3.5397,13.5565,990,0.02
74,3.5648,13.9673,1020,0.02
74,3.5794,14.3781,1050,0.02
74,3.6114,14.7889,1080,0.02
74,3.6107,15.1997,1110,0.02
74,3.628,15.6106,1140,0.02
74,3.6764,16.0214,1170,0.02
74,3.6751,16.4322,1200,0.02
74,3.6974,16.843,1230,0.02
74,3.7209,17.2538,1260,0.02
74,3.7094,17.6646,1290,0.02
74,3.7176,18.0754,1320,0.02
74,3.7359,18.4862,1350,0.02
74,3.7339,18.897,1380,0.02
74,3.7489,19.3078,1410,0.02
74,3.7187,19.7186,1440,0.02
74,3.72,20.1294,1470,0.02
74,3.7372,20.5402,1500,0.02
74,3.7242,20.951,1530,0.02
74,3.7345,21.3618,1560,0.02
74,3.7438,21.7726,1590,0.02
74,3.7881,22.1834,1620,0.02
74,3.7765,22.5942,1650,0.02
74,3.823,23.005,1680,0.02
74,3.8052,23.4158,1710,0.02
74,3.8502,23.8266,1740,0.02
74,3.8485,24.2374,1770,0.02
74,3.8598,24.6482,1800,0.02
74,3.8904,25.059,1830,0.02
74,3.8774,25.4698,1860,0.02
74,3.8864,25.8807,1890,0.02
74,3.8968,26.2915,1920,0.02
74,3.8851,26.7023,1950,0.02
74,3.8944,27.1131,1980,0.02
74,3.8818,27.5239,2010,0.02
74,3.8757,27.9347,2040,0.02
74,3.8563,28.3455,2070,0.02
74,3.873,28.7563,2100,0.02
74,3.895,29.1671,2130,0.02
74,3.8962,29.5779,2160,0.02
74,3.9101,29.9887,2190,0.02
74,3.9049,30.3995,2220,0.02
74,3.9319,30.8103,2250,0.02
74,3.9632,31.2211,2280,0.02
74,3.9565,31.6319,2310,0.02
74,3.9547,32.0427,2340,0.02
74,3.9984,32.4535,2370,0.02
74,3.9847,32.8643,2400,0.02
74,3.9755,33.2751,2430,0.02
74,4.0039,33.6859,2460,0.02
74,3.9904,34.0967,2490,0.02
74,3.9714,34.5075,2520,0.02
74,3.9999,34.9183,2550,0.02
74,3.9949,35.3291,2580,0.02
74,3.9864,35.7399,2610,0.02
74,3.9792,36.1508,2640,0.02
74,3.9732,36.5616,2670,0.02
74,3.9825,36.9724,2700,0.02
74,4.0007,37.3832,2730,0.02
74,4.0036,37.794,2760,0.02
74,4.0127,38.2048,2790,0.02
74,4.0196,38.6156,2820,0.02
74,4.0372,39.0264,2850,0.02
74,4.045,39.4372,2880,0.02
74,4.0703,39.848,2910,0.02
74,4.0469,40.2588,2940,0.02
74,4.0529,40.6696,2970,0.02
74,4.0749,41.0804,3000,0.02
74,4.0663,41.4912,3030,0.02
74,4.0726,41.902,3060,0.02
74,4.0573,42.3128,3090,0.02
74,4.0532,42.7236,3120,0.02
74,4.04,43.1344,3150,0.02
74,4.0343,43.5452,3180,0.02
74,4.0354,43.956,3210,0.02
74,4.0289,44.3668,3240,0.02
74,4.0319,44.7776,3270,0.02
74,4.0601,45.1884,3300,0.02
74,4.0666,45.5992,3330,0.02
74,4.0538,46.0101,3360,0.02
74,4.0799,46.4209,3390,0.02
74,4.0797,46.8317,3420,0.02
74,4.0977,47.2425,3450,0.02
74,4.1133,47.6533,3480,0.02
74,4.0978,48.0641,3510,0.02
74,4.1281,48.4749,3540,0.02
74,4.1208,48.8857,3570,0.02
74,4.1314,49.2965,3600,0.02
74,4.1176,49.7073,3630,0.02
74,4.0843,50.1181,3660,0.02
74,4.0892,50.5289,3690,0.02
74,4.0863,50.9397,3720,0.02
74,4.0797,51.3505,3750,0.02
74,4.0769,51.7613,3780,0.02
74,4.0677,52.1721,3810,0.02
74,4.0805,52.5829,3840,0.02
74,4.0691,52.9937,3870,0.02
74,4.0761,53.4045,3900,0.02
74,4.0944,53.8153,3930,0.02
74,4.1076,54.2261,3960,0.02
74,4.1094,54.6369,3990,0.02
74,4.1197,55.0477,4020,0.02
74,4.1604,55.4585,4050,0.02
74,4.1532,55.8693,4080,0.02
74,4.1639,56.2802,4110,0.02
74,4.1345,56.691,4140,0.02
74,4.1382,57.1018,4170,0.02
74,4.1315,57.5126,4200,0.02
74,4.1479,57.9234,4230,0.02
74,4.1055,58.3342,4260,0.02
74,4.1239,58.745,4290,0.02
74,4.109,59.1558,4320,0.02
74,4.1011,59.5666,4350,0.02
74,4.091,59.9774,4380,0.02
74,4.0944,60.3882,4410,0.02
74,4.1326,60.799,4440,0.02
74,4.1348,61.2098,4470,0.02
74,4.1497,61.6206,4500,0.02
74,4.1367,62.0314,4530,0.02
74,4.1597,62.4422,4560,0.02
74,4.147,62.853,4590,0.02
74,4.1826,63.2638,4620,0.02
74,4.1738,63.6746,4650,0.02
74,4.1694,64.0854,4680,0.02
74,4.1633,64.4962,4710,0.02
74,4.1572,64.907,4740,0.02
74,4.1689,65.3178,4770,0.02
74,4.1526,65.7286,4800,0.02
74,4.1254,66.1394,4830,0.02
74,4.1248,66.5503,4860,0.02
74,4.1273,66.9611,4890,0.02
74,4.1263,67.3719,4920,0.02
74,4.1081,67.7827,4950,0.02
74,4.1202,68.1935,4980,0.02
74,4.1344,68.6043,5010,0.02
74,4.1544,69.0151,5040,0.02
74,4.162,69.4259,5070,0.02
74,4.158,69.8367,5100,0.02
74,4.1764,70.2475,5130,0.02
74,4.1769,70.6583,5160,0.02
74,4.1844,71.0691,5190,0.02
74,4.1856,71.4799,5220,0.02
74,4.2,71.8907,5250,0.02
74,4.2,72.3015,5280,0.02
74,4.1824,72.7123,5310,0.02
74,4.1607,73.1231,5340,0.02
74,4.1674,73.5339,5370,0.02
74,4.1622,73.9447,5400,0.02
74,4.1406,74.3555,5430,0.02
74,4.134,74.7663,5460,0.02
74,4.1497,75.1771,5490,0.02
74,4.1487,75.5879,5520,0.02
74,4.1364,75.9987,5550,0.02
74,4.1674,76.4095,5580,0.02
74,4.1417,76.8204,5610,0.02
74,4.1806,77.2312,5640,0.02
74,4.1725,77.642,5670,0.02
74,4.2,78.0528,5700,0.02
74,4.2,78.4636,5730,0.02
74,4.2,78.8744,5760,0.02
74,4.1974,79.2852,5790,0.02
74,4.2,79.696,5820,0.02
74,4.2,80.1068,5850,0.02
74,4.182,80.5176,5880,0.02
74,4.1749,80.9284,5910,0.02
74,4.1609,81.3392,5940,0.02
74,4.169,81.75,5970,0.02
75,3.0,0.0,0,0.02
75,3.0318,0.4095,30,0.02
75,3.0496,0.8191,60,0.02
75,3.0631,1.2286,90,0.02
75,3.0958,1.6382,120,0.02
75,3.1176,2.0477,150,0.02
75,3.1316,2.4573,180,0.02
75,3.1645,2.8668,210,0.02
75,3.1791,3.2764,240,0.02
75,3.1943,3.6859,270,0.02
75,3.2195,4.0955,300,0.02
75,3.2441,4.505,330,0.02
75,3.2579,4.9146,360,0.02
75,3.2818,5.3241,390,0.02
75,3.2969,5.7337,420,0.02
75,3.3117,6.1432,450,0.02
75,3.3269,6.5528,480,0.02
75,3.3544,6.9623,510,0.02
75,3.3681,7.3719,540,0.02
75,3.3731,7.7814,570,0.02
75,3.4005,8.191,600,0.02
75,3.4131,8.6005,630,0.02
75,3.432,9.0101,660,0.02
75,3.4514,9.4196,690,0.02
75,3.4546,9.8291,720,0.02
75,3.4748,10.2387,750,0.02
75,3.484,10.6482,780,0.02
75,3.501,11.0578,810,0.02
75,3.5243,11.4673,840,0.02
75,3.5235,11.8769,870,0.02
75,3.538,12.2864,900,0.02
75,3.5602,12.696,930,0.02
75,3.5637,13.1055,960,0.02
75,3.5779,13.5151,990,0.02
75,3.5904,13.9246,1020,0.02
75,3.6008,14.3342,1050,0.02
75,3.6163,14.7437,1080,0.02
75,3.6289,15.1533,1110,0.02
75,3.6343,15.5628,1140,0.02
75,3.6458,15.9724,1170,0.02
75,3.6634,16.3819,1200,0.02
75,3.6768,16.7915,1230,0.02
75,3.6836,17.201,1260,0.02
75,3.6975,17.6106,1290,0.02
75,3.7104,18.0201,1320,0.02
75,3.7101,18.4296,1350,0.02
75,3.7222,18.8392,1380,0.02
75,3.7303,19.2487,1410,0.02
75,3.7428,19.6583,1440,0.02
75,3.7543,20.0678,1470,0.02
75,3.7623,20.4774,1500,0.02
75,3.762,20.8869,1530,0.02
75,3.7718,21.2965,1560,0.02
75,3.7817,21.706,1590,0.02
75,3.7953,22.1156,1620,0.02
75,3.798,22.5251,1650,0.02
75,3.8117,22.9347,1680,0.02
75,3.8229,23.3442,1710,0.02
75,3.8253,23.7538,1740,0.02
75,3.8411,24.1633,1770,0.02
75,3.8353,24.5729,1800,0.02
75,3.8441,24.9824,1830,0.02
75,3.8614,25.392,1860,0.02
75,3.8544,25.8015,1890,0.02
75,3.8757,26.2111,1920,0.02
75,3.8772,26.6206,1950,0.02
75,3.8777,27.0302,1980,0.02
75,3.8896,27.4397,2010,0.02
75,3.8985,27.8492,2040,0.02
75,3.9082,28.2588,2070,0.02
75,3.8982,28.6683,2100,0.02
75,3.913,29.0779,2130,0.02
75,3.9194,29.4874,2160,0.02
75,3.9219,29.897,2190,0.02
75,3.9365,30.3065,2220,0.02
75,3.9397,30.7161,2250,0.02
75,3.947,31.1256,2280,0.02
75,3.9447,31.5352,2310,0.02
75,3.9555,31.9447,2340,0.02
75,3.9531,32.3543,2370,0.02
75,3.9523,32.7638,2400,0.02
75,3.9718,33.1734,2430,0.02
75,3.9638,33.5829,2460,0.02
75,3.9798,33.9925,2490,0.02
75,3.98,34.402,2520,0.02
75,3.9764,34.8116,2550,0.02
75,3.9907,35.2211,2580,0.02
75,3.9883,35.6307,2610,0.02
75,3.9945,36.0402,2640,0.02
75,3.9967,36.4497,2670,0.02
75,4.0042,36.8593,2700,0.02
75,4.0029,37.2688,2730,0.02
75,4.0043,37.6784,2760,0.02
75,4.0119,38.0879,2790,0.02
75,4.0187,38.4975,2820,0.02
75,4.0255,38.907,2850,0.02
75,4.0328,39.3166,2880,0.02
75,4.0281,39.7261,2910,0.02
75,4.0248,40.1357,2940,0.02
75,4.0338,40.5452,2970,0.02
75,4.0365,40.9548,3000,0.02
75,4.0437,41.3643,3030,0.02
75,4.0389,41.7739,3060,0.02
75,4.0411,42.1834,3090,0.02
75,4.0594,42.593,3120,0.02
75,4.0481,43.0025,3150,0.02
75,4.0654,43.4121,3180,0.02
75,4.0578,43.8216,3210,0.02
75,4.0698,44.2312,3240,0.02
75,4.0643,44.6407,3270,0.02
75,4.0625,45.0503,3300,0.02
75,4.0777,45.4598,3330,0.02
75,4.0684,45.8693,3360,0.02
75,4.0817,46.2789,3390,0.02
75,4.0854,46.6884,3420,0.02
75,4.0877,47.098,3450,0.02
75,4.0849,47.5075,3480,0.02
75,4.0817,47.9171,3510,0.02
75,4.0943,48.3266,3540,0.02
75,4.0968,48.7362,3570,0.02
75,4.0852,49.1457,3600,0.02
75,4.0871,49.5553,3630,0.02
75,4.0931,49.9648,3660,0.02
75,4.1059,50.3744,3690,0.02
75,4.0989,50.7839,3720,0.02
75,4.1059,51.1935,3750,0.02
75,4.1103,51.603,3780,0.02
75,4.1064,52.0126,3810,0.02
75,4.1028,52.4221,3840,0.02
75,4.1126,52.8317,3870,0.02
75,4.1054,53.2412,3900,0.02
75,4.11,53.6508,3930,0.02
75,4.1161,54.0603,3960,0.02
75,4.1203,54.4698,3990,0.02
75,4.1179,54.8794,4020,0.02
75,4.1158,55.2889,4050,0.02
75,4.1268,55.6985,4080,0.02
75,4.1224,56.108,4110,0.02
75,4.1222,56.5176,4140,0.02
75,4.124,56.9271,4170,0.02
75,4.1211,57.3367,4200,0.02
75,4.1232,57.7462,4230,0.02
75,4.1351,58.1558,4260,0.02
75,4.131,58.5653,4290,0.02
75,4.1392,58.9749,4320,0.02
75,4.1377,59.3844,4350,0.02
75,4.1404,59.794,4380,0.02
75,4.1407,60.2035,4410,0.02
75,4.146,60.6131,4440,0.02
75,4.138,61.0226,4470,0.02
75,4.1455,61.4322,4500,0.02
75,4.15,61.8417,4530,0.02
75,4.1514,62.2513,4560,0.02
75,4.1482,62.6608,4590,0.02
75,4.144,63.0704,4620,0.02
75,4.1407,63.4799,4650,0.02
75,4.1426,63.8894,4680,0.02
75,4.1411,64.299,4710,0.02
75,4.1428,64.7085,4740,0.02
75,4.1578,65.1181,4770,0.02
75,4.1441,65.5276,4800,0.02
75,4.1606,65.9372,4830,0.02
75,4.1504,66.3467,4860,0.02
75,4.1607,66.7563,4890,0.02
75,4.1478,67.1658,4920,0.02
75,4.1635,67.5754,4950,0.02
75,4.157,67.9849,4980,0.02
75,4.1569,68.3945,5010,0.02
75,4.1641,68.804,5040,0.02
75,4.1663,69.2136,5070,0.02
75,4.1624,69.6231,5100,0.02
75,4.1621,70.0327,5130,0.02
75,4.1641,70.4422,5160,0.02
75,4.1669,70.8518,5190,0.02
75,4.1703,71.2613,5220,0.02
75,4.1641,71.6709,5250,0.02
75,4.1721,72.0804,5280,0.02
75,4.1686,72.4899,5310,0.02
75,4.1661,72.8995,5340,0.02
75,4.1678,73.309,5370,0.02
75,4.1608,73.7186,5400,0.02
75,4.1753,74.1281,5430,0.02
75,4.1733,74.5377,5460,0.02
75,4.167,74.9472,5490,0.02
75,4.1631,75.3568,5520,0.02
75,4.1672,75.7663,5550,0.02
75,4.1757,76.1759,5580,0.02
75,4.1728,76.5854,5610,0.02
75,4.1702,76.995,5640,0.02
75,4.1714,77.4045,5670,0.02
75,4.1677,77.8141,5700,0.02
75,4.1727,78.2236,5730,0.02
75,4.1706,78.6332,5760,0.02
75,4.1676,79.0427,5790,0.02
75,4.1681,79.4523,5820,0.02
75,4.1706,79.8618,5850,0.02
75,4.183,80.2714,5880,0.02
75,4.1738,80.6809,5910,0.02
75,4.1753,81.0905,5940,0.02
75,4.1752,81.5,5970,0.02
76,3.0,0.0,0,0.02
76,3.0177,0.4083,30,0.02
76,3.0527,0.8166,60,0.02
76,3.0733,1.2249,90,0.02
76,3.0932,1.6332,120,0.02
76,3.1108,2.0415,150,0.02
76,3.133,2.4497,180,0.02
76,3.1528,2.858,210,0.02
76,3.1767,3.2663,240,0.02
76,3.1917,3.6746,270,0.02
76,3.2127,4.0829,300,0.02
76,3.2339,4.4912,330,0.02
76,3.2632,4.8995,360,0.02
76,3.2799,5.3078,390,0.02
76,3.2935,5.7161,420,0.02
76,3.3136,6.1244,450,0.02
76,3.3375,6.5327,480,0.02
76,3.3551,6.941,510,0.02
76,3.3672,7.3492,540,0.02
76,3.3866,7.7575,570,0.02
76,3.4037,8.1658,600,0.02
76,3.4056,8.5741,630,0.02
76,3.4259,8.9824,660,0.02
76,3.4479,9.3907,690,0.02
76,3.4617,9.799,720,0.02
76,3.4783,10.2073,750,0.02
76,3.4935,10.6156,780,0.02
76,3.4949,11.0239,810,0.02
76,3.5204,11.4322,840,0.02
76,3.5356,11.8405,870,0.02
76,3.5357,12.2487,900,0.02
76,3.5507,12.657,930,0.02
76,3.5666,13.0653,960,0.02
76,3.5868,13.4736,990,0.02
76,3.5879,13.8819,1020,0.02
76,3.6058,14.2902,1050,0.02
76,3.6203,14.6985,1080,0.02
76,3.6226,15.1068,1110,0.02
76,3.6378,15.5151,1140,0.02
76,3.6453,15.9234,1170,0.02
76,3.6648,16.3317,1200,0.02
76,3.6746,16.7399,1230,0.02
76,3.6839,17.1482,1260,0.02
76,3.6879,17.5565,1290,0.02
76,3.7047,17.9648,1320,0.02
76,3.7136,18.3731,1350,0.02
76,3.7187,18.7814,1380,0.02
76,3.7319,19.1897,1410,0.02
76,3.7465,19.598,1440,0.02
76,3.7507,20.0063,1470,0.02
76,3.7622,20.4146,1500,0.02
76,3.7622,20.8229,1530,0.02
76,3.7737,21.2312,1560,0.02
76,3.7876,21.6394,1590,0.02
76,3.7903,22.0477,1620,0.02
76,3.8032,22.456,1650,0.02
76,3.8176,22.8643,1680,0.02
76,3.8145,23.2726,1710,0.02
76,3.826,23.6809,1740,0.02
76,3.8346,24.0892,1770,0.02
76,3.8351,24.4975,1800,0.02
76,3.8502,24.9058,1830,0.02
76,3.8574,25.3141,1860,0.02
76,3.8691,25.7224,1890,0.02
76,3.8622,26.1307,1920,0.02
76,3.8812,26.5389,1950,0.02
76,3.8797,26.9472,1980,0.02
76,3.8805,27.3555,2010,0.02
76,3.889,27.7638,2040,0.02
76,3.8982,28.1721,2070,0.02
76,3.9099,28.5804,2100,0.02
76,3.9053,28.9887,2130,0.02
76,3.9115,29.397,2160,0.02
76,3.9228,29.8053,2190,0.02
76,3.9256,30.2136,2220,0.02
76,3.9344,30.6219,2250,0.02
76,3.9406,31.0302,2280,0.02
76,3.9494,31.4384,2310,0.02
76,3.9518,31.8467,2340,0.02
76,3.9554,32.255,2370,0.02
76,3.9586,32.6633,2400,0.02
76,3.9698,33.0716,2430,0.02
76,3.9652,33.4799,2460,0.02
76,3.98,33.8882,2490,0.02
76,3.9752,34.2965,2520,0.02
76,3.9904,34.7048,2550,0.02
76,3.9933,35.1131,2580,0.02
76,3.9989,35.5214,2610,0.02
76,3.9973,35.9296,2640,0.02
76,4.0061,36.3379,2670,0.02
76,3.9964,36.7462,2700,0.02
76,4.012,37.1545,2730,0.02
76,4.0078,37.5628,2760,0.02
76,4.015,37.9711,2790,0.02
76,4.0119,38.3794,2820,0.02
76,4.0292,38.7877,2850,0.02
76,4.0287,39.196,2880,0.02
76,4.0233,39.6043,2910,0.02
76,4.04,40.0126,2940,0.02
76,4.0281,40.4209,2970,0.02
76,4.0465,40.8291,3000,0.02
76,4.0451,41.2374,3030,0.02
76,4.0456,41.6457,3060,0.02
76,4.0533,42.054,3090,0.02
76,4.0445,42.4623,3120,0.02
76,4.0582,42.8706,3150,0.02
76,4.0561,43.2789,3180,0.02
76,4.0677,43.6872,3210,0.02
76,4.0633,44.0955,3240,0.02
76,4.0669,44.5038,3270,0.02
76,4.071,44.9121,3300,0.02
76,4.0663,45.3204,3330,0.02
76,4.0759,45.7286,3360,0.02
76,4.0837,46.1369,3390,0.02
76,4.0779,46.5452,3420,0.02
76,4.087,46.9535,3450,0.02
76,4.0888,47.3618,3480,0.02
76,4.0904,47.7701,3510,0.02
76,4.0878,48.1784,3540,0.02
76,4.0832,48.5867,3570,0.02
76,4.0879,48.995,3600,0.02
76,4.0999,49.4033,3630,0.02
76,4.0894,49.8116,3660,0.02
76,4.1052,50.2198,3690,0.02
76,4.0935,50.6281,3720,0.02
76,4.1062,51.0364,3750,0.02
76,4.0995,51.4447,3780,0.02
76,4.1065,51.853,3810,0.02
76,4.1128,52.2613,3840,0.02
76,4.1173,52.6696,3870,0.02
76,4.1069,53.0779,3900,0.02
76,4.1143,53.4862,3930,0.02
76,4.1224,53.8945,3960,0.02
76,4.124,54.3028,3990,0.02
76,4.1216,54.7111,4020,0.02
76,4.1197,55.1193,4050,0.02
76,4.1258,55.5276,4080,0.02
76,4.13,55.9359,4110,0.02
76,4.1199,56.3442,4140,0.02
76,4.1187,56.7525,4170,0.02
76,4.1225,57.1608,4200,0.02
76,4.1374,57.5691,4230,0.02
76,4.1334,57.9774,4260,0.02
76,4.1325,58.3857,4290,0.02
76,4.1412,58.794,4320,0.02
76,4.1362,59.2023,4350,0.02
76,4.1385,59.6106,4380,0.02
76,4.1404,60.0188,4410,0.02
76,4.1412,60.4271,4440,0.02
76,4.1364,60.8354,4470,0.02
76,4.1431,61.2437,4500,0.02
76,4.1482,61.652,4530,0.02
76,4.1384,62.0603,4560,0.02
76,4.1446,62.4686,4590,0.02
76,4.1383,62.8769,4620,0.02
76,4.1465,63.2852,4650,0.02
76,4.1414,63.6935,4680,0.02
76,4.1535,64.1018,4710,0.02
76,4.1475,64.5101,4740,0.02
76,4.1449,64.9183,4770,0.02
76,4.1439,65.3266,4800,0.02
76,4.1479,65.7349,4830,0.02
76,4.1476,66.1432,4860,0.02
76,4.1563,66.5515,4890,0.02
76,4.1589,66.9598,4920,0.02
76,4.1556,67.3681,4950,0.02
76,4.1548,67.7764,4980,0.02
76,4.1631,68.1847,5010,0.02
76,4.1618,68.593,5040,0.02
76,4.156,69.0013,5070,0.02
76,4.1615,69.4095,5100,0.02
76,4.157,69.8178,5130,0.02
76,4.1684,70.2261,5160,0.02
76,4.1668,70.6344,5190,0.02
76,4.1648,71.0427,5220,0.02
76,4.1599,71.451,5250,0.02
76,4.1622,71.8593,5280,0.02
76,4.159,72.2676,5310,0.02
76,4.173,72.6759,5340,0.02
76,4.1726,73.0842,5370,0.02
76,4.1687,73.4925,5400,0.02
76,4.1645,73.9008,5430,0.02
76,4.1622,74.309,5460,0.02
76,4.1713,74.7173,5490,0.02
76,4.1713,75.1256,5520,0.02
76,4.1743,75.5339,5550,0.02
76,4.1776,75.9422,5580,0.02
76,4.1744,76.3505,5610,0.02
76,4.1729,76.7588,5640,0.02
76,4.1793,77.1671,5670,0.02
76,4.1668,77.5754,5700,0.02
76,4.1739,77.9837,5730,0.02
76,4.1798,78.392,5760,0.02
76,4.1679,78.8003,5790,0.02
76,4.1723,79.2085,5820,0.02
76,4.1775,79.6168,5850,0.02
76,4.1837,80.0251,5880,0.02
76,4.1741,80.4334,5910,0.02
76,4.1702,80.8417,5940,0.02
76,4.1772,81.25,5970,0.02
77,3.0,0.0,0,0.02
77,3.0399,0.407,30,0.02
77,3.0609,0.8141,60,0.02
77,3.0984,1.2211,90,0.02
77,3.1407,1.6281,120,0.02
77,3.1601,2.0352,150,0.02
77,3.1793,2.4422,180,0.02
77,3.1749,2.8492,210,0.02
77,3.1899,3.2563,240,0.02
77,3.2081,3.6633,270,0.02
77,3.2021,4.0704,300,0.02
77,3.209,4.4774,330,0.02
77,3.2193,4.8844,360,0.02
77,3.2391,5.2915,390,0.02
77,3.2755,5.6985,420,0.02
77,3.2888,6.1055,450,0.02
77,3.2998,6.5126,480,0.02
77,3.3112,6.9196,510,0.02
77,3.3726,7.3266,540,0.02
77,3.3727,7.7337,570,0.02
77,3.4118,8.1407,600,0.02
77,3.4411,8.5477,630,0.02
77,3.4589,8.9548,660,0.02
77,3.4717,9.3618,690,0.02
77,3.4867,9.7688,720,0.02
77,3.5166,10.1759,750,0.02
77,3.4994,10.5829,780,0.02
77,3.5294,10.9899,810,0.02
77,3.5162,11.397,840,0.02
77,3.536,11.804,870,0.02
77,3.5157,12.2111,900,0.02
77,3.5316,12.6181,930,0.02
77,3.5513,13.0251,960,0.02
77,3.5713,13.4322,990,0.02
77,3.55,13.8392,1020,0.02
77,3.59,14.2462,1050,0.02
77,3.6117,14.6533,1080,0.02
77,3.625,15.0603,1110,0.02
77,3.6637,15.4673,1140,0.02
77,3.6639,15.8744,1170,0.02
77,3.6762,16.2814,1200,0.02
77,3.6971,16.6884,1230,0.02
77,3.6995,17.0955,1260,0.02
77,3.7302,17.5025,1290,0.02
77,3.725,17.9095,1320,0.02
77,3.7195,18.3166,1350,0.02
77,3.7513,18.7236,1380,0.02
77,3.7246,19.1307,1410,0.02
77,3.739,19.5377,1440,0.02
77,3.7185,19.9447,1470,0.02
77,3.7502,20.3518,1500,0.02
77,3.7344,20.7588,1530,0.02
77,3.7472,21.1658,1560,0.02
77,3.7668,21.5729,1590,0.02
77,3.7556,21.9799,1620,0.02
77,3.7781,22.3869,1650,0.02
77,3.794,22.794,1680,0.02
77,3.8315,23.201,1710,0.02
77,3.8471,23.608,1740,0.02
77,3.8397,24.0151,1770,0.02
77,3.887,24.4221,1800,0.02
77,3.8807,24.8291,1830,0.02
77,3.8936,25.2362,1860,0.02
77,3.8754,25.6432,1890,0.02
77,3.8807,26.0503,1920,0.02
77,3.8738,26.4573,1950,0.02
77,3.8983,26.8643,1980,0.02
77,3.8726,27.2714,2010,0.02
77,3.8815,27.6784,2040,0.02
77,3.8859,28.0854,2070,0.02
77,3.8958,28.4925,2100,0.02
77,3.8703,28.8995,2130,0.02
77,3.8717,29.3065,2160,0.02
77,3.8845,29.7136,2190,0.02
77,3.9215,30.1206,2220,0.02
77,3.9327,30.5276,2250,0.02
77,3.9503,30.9347,2280,0.02
77,3.9692,31.3417,2310,0.02
77,3.9914,31.7487,2340,0.02
77,3.9628,32.1558,2370,0.02
77,4.0026,32.5628,2400,0.02
77,4.0045,32.9698,2430,0.02
77,3.9931,33.3769,2460,0.02
77,3.9742,33.7839,2490,0.02
77,4.004,34.191,2520,0.02
77,3.9925,34.598,2550,0.02
77,3.9643,35.005,2580,0.02
77,3.9847,35.4121,2610,0.02
77,3.9647,35.8191,2640,0.02
77,3.9752,36.2261,2670,0.02
77,3.9569,36.6332,2700,0.02
77,3.9926,37.0402,2730,0.02
77,3.986,37.4472,2760,0.02
77,3.9902,37.8543,2790,0.02
77,4.0353,38.2613,2820,0.02
77,4.0138,38.6683,2850,0.02
77,4.027,39.0754,2880,0.02
77,4.0542,39.4824,2910,0.02
77,4.058,39.8894,2940,0.02
77,4.0718,40.2965,2970,0.02
77,4.0508,40.7035,3000,0.02
77,4.069,41.1106,3030,0.02
77,4.0723,41.5176,3060,0.02
77,4.0661,41.9246,3090,0.02
77,4.0585,42.3317,3120,0.02
77,4.0483,42.7387,3150,0.02
77,4.0272,43.1457,3180,0.02
77,4.0278,43.5528,3210,0.02
77,4.0345,43.9598,3240,0.02
77,4.0272,44.3668,3270,0.02
77,4.0589,44.7739,3300,0.02
77,4.0463,45.1809,3330,0.02
77,4.0478,45.5879,3360,0.02
77,4.0755,45.995,3390,0.02
77,4.0867,46.402,3420,0.02
77,4.116,46.809,3450,0.02
77,4.1016,47.2161,3480,0.02
77,4.1227,47.6231,3510,0.02
77,4.1348,48.0302,3540,0.02
77,4.1158,48.4372,3570,0.02
77,4.1091,48.8442,3600,0.02
77,4.1033,49.2513,3630,0.02
77,4.1127,49.6583,3660,0.02
77,4.0893,50.0653,3690,0.02
77,4.0702,50.4724,3720,0.02
77,4.0724,50.8794,3750,0.02
77,4.0677,51.2864,3780,0.02
77,4.0723,51.6935,3810,0.02
77,4.0927,52.1005,3840,0.02
77,4.0727,52.5075,3870,0.02
77,4.0756,52.9146,3900,0.02
77,4.1218,53.3216,3930,0.02
77,4.1108,53.7286,3960,0.02
77,4.1358,54.1357,3990,0.02
77,4.1475,54.5427,4020,0.02
77,4.1529,54.9497,4050,0.02
77,4.1694,55.3568,4080,0.02
77,4.1407,55.7638,4110,0.02
77,4.1531,56.1709,4140,0.02
77,4.1432,56.5779,4170,0.02
77,4.1587,56.9849,4200,0.02
77,4.1313,57.392,4230,0.02
77,4.1114,57.799,4260,0.02
77,4.1114,58.206,4290,0.02
77,4.1242,58.6131,4320,0.02
77,4.0931,59.0201,4350,0.02
77,4.093,59.4271,4380,0.02
77,4.0927,59.8342,4410,0.02
77,4.0952,60.2412,4440,0.02
77,4.1375,60.6482,4470,0.02
77,4.1493,61.0553,4500,0.02
77,4.1568,61.4623,4530,0.02
77,4.1725,61.8693,4560,0.02
77,4.1584,62.2764,4590,0.02
77,4.1883,62.6834,4620,0.02
77,4.1642,63.0905,4650,0.02
77,4.1849,63.4975,4680,0.02
77,4.1719,63.9045,4710,0.02
77,4.1661,64.3116,4740,0.02
77,4.1531,64.7186,4770,0.02
77,4.1725,65.1256,4800,0.02
77,4.1275,65.5327,4830,0.02
77,4.1504,65.9397,4860,0.02
77,4.1304,66.3467,4890,0.02
77,4.1384,66.7538,4920,0.02
77,4.1367,67.1608,4950,0.02
77,4.1148,67.5678,4980,0.02
77,4.1474,67.9749,5010,0.02
77,4.1336,68.3819,5040,0.02
77,4.1389,68.7889,5070,0.02
77,4.1719,69.196,5100,0.02
77,4.1733,69.603,5130,0.02
77,4.1897,70.0101,5160,0.02
77,4.1731,70.4171,5190,0.02
77,4.2,70.8241,5220,0.02
77,4.1877,71.2312,5250,0.02
77,4.18,71.6382,5280,0.02
77,4.1911,72.0452,5310,0.02
77,4.1711,72.4523,5340,0.02
77,4.1733,72.8593,5370,0.02
77,4.1628,73.2663,5400,0.02
77,4.1353,73.6734,5430,0.02
77,4.1406,74.0804,5460,0.02
77,4.1476,74.4874,5490,0.02
77,4.1324,74.8945,5520,0.02
77,4.1268,75.3015,5550,0.02
77,4.1314,75.7085,5580,0.02
77,4.1478,76.1156,5610,0.02
77,4.1515,76.5226,5640,0.02
77,4.1675,76.9296,5670,0.02
77,4.1867,77.3367,5700,0.02
77,4.1968,77.7437,5730,0.02
77,4.2,78.1508,5760,0.02
77,4.2,78.5578,5790,0.02
77,4.1895,78.9648,5820,0.02
77,4.2,79.3719,5850,0.02
77,4.2,79.7789,5880,0.02
77,4.1673,80.1859,5910,0.02
77,4.171,80.593,5940,0.02
77,4.1874,81.0,5970,0.02
78,3.0044,0.0,0,0.02
78,3.0214,0.4058,30,0.02
78,3.0469,0.8116,60,0.02
78,3.0716,1.2173,90,0.02
78,3.0977,1.6231,120,0.02
78,3.1098,2.0289,150,0.02
78,3.1357,2.4347,180,0.02
78,3.1506,2.8405,210,0.02
78,3.1744,3.2462,240,0.02
78,3.2051,3.652,270,0.02
78,3.2107,4.0578,300,0.02
78,3.2458,4.4636,330,0.02
78,3.2599,4.8693,360,0.02
78,3.2708,5.2751,390,0.02
78,3.2925,5.6809,420,0.02
78,3.3129,6.0867,450,0.02
78,3.325,6.4925,480,0.02
78,3.3541,6.8982,510,0.02
78,3.3663,7.304,540,0.02
78,3.3773,7.7098,570,0.02
78,3.3911,8.1156,600,0.02
78,3.417,8.5214,630,0.02
78,3.4327,8.9271,660,0.02
78,3.4369,9.3329,690,0.02
78,3.4513,9.7387,720,0.02
78,3.477,10.1445,750,0.02
78,3.4934,10.5503,780,0.02
78,3.4951,10.956,810,0.02
78,3.5158,11.3618,840,0.02
78,3.5225,11.7676,870,0.02
78,3.541,12.1734,900,0.02
78,3.5565,12.5791,930,0.02
78,3.5747,12.9849,960,0.02
78,3.5822,13.3907,990,0.02
78,3.5869,13.7965,1020,0.02
78,3.608,14.2023,1050,0.02
78,3.6258,14.608,1080,0.02
78,3.6257,15.0138,1110,0.02
78,3.637,15.4196,1140,0.02
78,3.6452,15.8254,1170,0.02
78,3.6561,16.2312,1200,0.02
78,3.6792,16.6369,1230,0.02
78,3.6868,17.0427,1260,0.02
78,3.6907,17.4485,1290,0.02
78,3.7124,17.8543,1320,0.02
78,3.7138,18.2601,1350,0.02
78,3.7184,18.6658,1380,0.02
78,3.73,19.0716,1410,0.02
78,3.7503,19.4774,1440,0.02
78,3.7548,19.8832,1470,0.02
78,3.754,20.2889,1500,0.02
78,3.7756,20.6947,1530,0.02
78,3.775,21.1005,1560,0.02
78,3.7832,21.5063,1590,0.02
78,3.7935,21.9121,1620,0.02
78,3.7973,22.3178,1650,0.02
78,3.8056,22.7236,1680,0.02
78,3.8141,23.1294,1710,0.02
78,3.8267,23.5352,1740,0.02
78,3.8392,23.941,1770,0.02
78,3.8426,24.3467,1800,0.02
78,3.8519,24.7525,1830,0.02
78,3.861,25.1583,1860,0.02
78,3.8562,25.5641,1890,0.02
78,3.8713,25.9698,1920,0.02
78,3.8711,26.3756,1950,0.02
78,3.887,26.7814,1980,0.02
78,3.8887,27.1872,2010,0.02
78,3.8987,27.593,2040,0.02
78,3.9059,27.9987,2070,0.02
78,3.8986,28.4045,2100,0.02
78,3.9163,28.8103,2130,0.02
78,3.9181,29.2161,2160,0.02
78,3.9301,29.6219,2190,0.02
78,3.9335,30.0276,2220,0.02
78,3.9355,30.4334,2250,0.02
78,3.9402,30.8392,2280,0.02
78,3.9485,31.245,2310,0.02
78,3.9508,31.6508,2340,0.02
78,3.952,32.0565,2370,0.02
78,3.9627,32.4623,2400,0.02
78,3.9702,32.8681,2430,0.02
78,3.9654,33.2739,2460,0.02
78,3.981,33.6796,2490,0.02
78,3.9851,34.0854,2520,0.02
78,3.9763,34.4912,2550,0.02
78,3.9818,34.897,2580,0.02
78,3.996,35.3028,2610,0.02
78,3.9985,35.7085,2640,0.02
78,3.9922,36.1143,2670,0.02
78,4.005,36.5201,2700,0.02
78,4.001,36.9259,2730,0.02
78,4.0172,37.3317,2760,0.02
78,4.0157,37.7374,2790,0.02
78,4.0261,38.1432,2820,0.02
78,4.0145,38.549,2850,0.02
78,4.0305,38.9548,2880,0.02
78,4.0312,39.3606,2910,0.02
78,4.0318,39.7663,2940,0.02
78,4.0426,40.1721,2970,0.02
78,4.0471,40.5779,3000,0.02
78,4.0404,40.9837,3030,0.02
78,4.0483,41.3894,3060,0.02
78,4.0513,41.7952,3090,0.02
78,4.0569,42.201,3120,0.02
78,4.0613,42.6068,3150,0.02
78,4.0504,43.0126,3180,0.02
78,4.0601,43.4183,3210,0.02
78,4.0587,43.8241,3240,0.02
78,4.0646,44.2299,3270,0.02
78,4.0626,44.6357,3300,0.02
78,4.0656,45.0415,3330,0.02
78,4.0679,45.4472,3360,0.02
78,4.0735,45.853,3390,0.02
78,4.0837,46.2588,3420,0.02
78,4.0835,46.6646,3450,0.02
78,4.0843,47.0704,3480,0.02
78,4.0865,47.4761,3510,0.02
78,4.0888,47.8819,3540,0.02
78,4.0886,48.2877,3570,0.02
78,4.0848,48.6935,3600,0.02
78,4.1006,49.0992,3630,0.02
78,4.1005,49.505,3660,0.02
78,4.1046,49.9108,3690,0.02
78,4.0975,50.3166,3720,0.02
78,4.0991,50.7224,3750,0.02
78,4.1087,51.1281,3780,0.02
78,4.106,51.5339,3810,0.02
78,4.115,51.9397,3840,0.02
78,4.1026,52.3455,3870,0.02
78,4.1174,52.7513,3900,0.02
78,4.1133,53.157,3930,0.02
78,4.1123,53.5628,3960,0.02
78,4.1097,53.9686,3990,0.02
78,4.1232,54.3744,4020,0.02
78,4.1253,54.7802,4050,0.02
78,4.1157,55.1859,4080,0.02
78,4.1169,55.5917,4110,0.02
78,4.1311,55.9975,4140,0.02
78,4.1204,56.4033,4170,0.02
78,4.1268,56.809,4200,0.02
78,4.1344,57.2148,4230,0.02
78,4.1359,57.6206,4260,0.02
78,4.1351,58.0264,4290,0.02
78,4.1257,58.4322,4320,0.02
78,4.129,58.8379,4350,0.02
78,4.131,59.2437,4380,0.02
78,4.1329,59.6495,4410,0.02
78,4.1309,60.0553,4440,0.02
78,4.1417,60.4611,4470,0.02
78,4.1415,60.8668,4500,0.02
78,4.1454,61.2726,4530,0.02
78,4.1468,61.6784,4560,0.02
78,4.1524,62.0842,4590,0.02
78,4.1536,62.4899,4620,0.02
78,4.1389,62.8957,4650,0.02
78,4.1503,63.3015,4680,0.02
78,4.1468,63.7073,4710,0.02
78,4.1465,64.1131,4740,0.02
78,4.1533,64.5188,4770,0.02
78,4.1587,64.9246,4800,0.02
78,4.1474,65.3304,4830,0.02
78,4.1541,65.7362,4860,0.02
78,4.1508,66.142,4890,0.02
78,4.1586,66.5477,4920,0.02
78,4.1494,66.9535,4950,0.02
78,4.1583,67.3593,4980,0.02
78,4.1569,67.7651,5010,0.02
78,4.1668,68.1709,5040,0.02
78,4.1547,68.5766,5070,0.02
78,4.1542,68.9824,5100,0.02
78,4.1616,69.3882,5130,0.02
78,4.1614,69.794,5160,0.02
78,4.1565,70.1997,5190,0.02
78,4.1559,70.6055,5220,0.02
78,4.1633,71.0113,5250,0.02
78,4.1605,71.4171,5280,0.02
78,4.1653,71.8229,5310,0.02
78,4.1722,72.2286,5340,0.02
78,4.1692,72.6344,5370,0.02
78,4.1748,73.0402,5400,0.02
78,4.1609,73.446,5430,0.02
78,4.1653,73.8518,5460,0.02
78,4.1763,74.2575,5490,0.02
78,4.1709,74.6633,5520,0.02
78,4.1637,75.0691,5550,0.02
78,4.176,75.4749,5580,0.02
78,4.1646,75.8807,5610,0.02
78,4.1704,76.2864,5640,0.02
78,4.1746,76.6922,5670,0.02
78,4.1711,77.098,5700,0.02
78,4.1783,77.5038,5730,0.02
78,4.1775,77.9095,5760,0.02
78,4.1733,78.3153,5790,0.02
78,4.18,78.7211,5820,0.02
78,4.1696,79.1269,5850,0.02
78,4.1772,79.5327,5880,0.02
78,4.1794,79.9384,5910,0.02
78,4.1779,80.3442,5940,0.02
78,4.1702,80.75,5970,0.02
79,3.0,0.0,0,0.02
79,3.0239,0.4045,30,0.02
79,3.0412,0.809,60,0.02
79,3.0762,1.2136,90,0.02
79,3.0956,1.6181,120,0.02
79,3.1196,2.0226,150,0.02
79,3.1332,2.4271,180,0.02
79,3.1581,2.8317,210,0.02
79,3.1841,3.2362,240,0.02
79,3.2065,3.6407,270,0.02
79,3.2246,4.0452,300,0.02
79,3.2321,4.4497,330,0.02
79,3.2516,4.8543,360,0.02
79,3.2707,5.2588,390,0.02
79,3.3005,5.6633,420,0.02
79,3.3142,6.0678,450,0.02
79,3.323,6.4724,480,0.02
79,3.3478,6.8769,510,0.02
79,3.362,7.2814,540,0.02
79,3.3888,7.6859,570,0.02
79,3.4051,8.0905,600,0.02
79,3.4203,8.495,630,0.02
79,3.4365,8.8995,660,0.02
79,3.4402,9.304,690,0.02
79,3.4519,9.7085,720,0.02
79,3.4771,10.1131,750,0.02
79,3.487,10.5176,780,0.02
79,3.5069,10.9221,810,0.02
79,3.5186,11.3266,840,0.02
79,3.5355,11.7312,870,0.02
79,3.5481,12.1357,900,0.02
79,3.562,12.5402,930,0.02
79,3.5683,12.9447,960,0.02
79,3.5771,13.3492,990,0.02
79,3.5995,13.7538,1020,0.02
79,3.606,14.1583,1050,0.02
79,3.6219,14.5628,1080,0.02
79,3.6345,14.9673,1110,0.02
79,3.6363,15.3719,1140,0.02
79,3.648,15.7764,1170,0.02
79,3.6665,16.1809,1200,0.02
79,3.6783,16.5854,1230,0.02
79,3.6787,16.9899,1260,0.02
79,3.6983,17.3945,1290,0.02
79,3.7078,17.799,1320,0.02
79,3.7107,18.2035,1350,0.02
79,3.727,18.608,1380,0.02
79,3.7275,19.0126,1410,0.02
79,3.7354,19.4171,1440,0.02
79,3.7594,19.8216,1470,0.02
79,3.76,20.2261,1500,0.02
79,3.7673,20.6307,1530,0.02
79,3.7824,21.0352,1560,0.02
79,3.791,21.4397,1590,0.02
79,3.793,21.8442,1620,0.02
79,3.8002,22.2487,1650,0.02
79,3.8173,22.6533,1680,0.02
79,3.8178,23.0578,1710,0.02
79,3.8253,23.4623,1740,0.02
79,3.8303,23.8668,1770,0.02
79,3.8346,24.2714,1800,0.02
79,3.8406,24.6759,1830,0.02
79,3.8583,25.0804,1860,0.02
79,3.858,25.4849,1890,0.02
79,3.8706,25.8894,1920,0.02
79,3.8813,26.294,1950,0.02
79,3.8767,26.6985,1980,0.02
79,3.8872,27.103,2010,0.02
79,3.8915,27.5075,2040,0.02
79,3.9003,27.9121,2070,0.02
79,3.9103,28.3166,2100,0.02
79,3.9174,28.7211,2130,0.02
79,3.9243,29.1256,2160,0.02
79,3.9233,29.5302,2190,0.02
79,3.9244,29.9347,2220,0.02
79,3.9378,30.3392,2250,0.02
79,3.9345,30.7437,2280,0.02
79,3.9497,31.1482,2310,0.02
79,3.9511,31.5528,2340,0.02
79,3.9606,31.9573,2370,0.02
79,3.9649,32.3618,2400,0.02
79,3.9703,32.7663,2430,0.02
79,3.9732,33.1709,2460,0.02
79,3.9776,33.5754,2490,0.02
79,3.971,33.9799,2520,0.02
79,3.9852,34.3844,2550,0.02
79,3.9925,34.7889,2580,0.02
79,3.9989,35.1935,2610,0.02
79,3.9886,35.598,2640,0.02
79,3.9986,36.0025,2670,0.02
79,3.9983,36.407,2700,0.02
79,4.0123,36.8116,2730,0.02
79,4.0138,37.2161,2760,0.02
79,4.0201,37.6206,2790,0.02
79,4.0235,38.0251,2820,0.02
79,4.0144,38.4296,2850,0.02
79,4.0291,38.8342,2880,0.02
79,4.0225,39.2387,2910,0.02
79,4.04,39.6432,2940,0.02
79,4.0311,40.0477,2970,0.02
79,4.0346,40.4523,3000,0.02
79,4.0498,40.8568,3030,0.02
79,4.0419,41.2613,3060,0.02
79,4.0461,41.6658,3090,0.02
79,4.0594,42.0704,3120,0.02
79,4.0568,42.4749,3150,0.02
79,4.0642,42.8794,3180,0.02
79,4.0606,43.2839,3210,0.02
79,4.0649,43.6884,3240,0.02
79,4.0609,44.093,3270,0.02
79,4.0635,44.4975,3300,0.02
79,4.0761,44.902,3330,0.02
79,4.0761,45.3065,3360,0.02
79,4.0709,45.7111,3390,0.02
79,4.0856,46.1156,3420,0.02
79,4.0737,46.5201,3450,0.02
79,4.0813,46.9246,3480,0.02
79,4.0814,47.3291,3510,0.02
79,4.0842,47.7337,3540,0.02
79,4.0914,48.1382,3570,0.02
79,4.0927,48.5427,3600,0.02
79,4.09,48.9472,3630,0.02
79,4.104,49.3518,3660,0.02
79,4.1013,49.7563,3690,0.02
79,4.1047,50.1608,3720,0.02
79,4.1088,50.5653,3750,0.02
79,4.0994,50.9698,3780,0.02
79,4.1107,51.3744,3810,0.02
79,4.1023,51.7789,3840,0.02
79,4.1159,52.1834,3870,0.02
79,4.1054,52.5879,3900,0.02
79,4.1159,52.9925,3930,0.02
79,4.113,53.397,3960,0.02
79,4.1188,53.8015,3990,0.02
79,4.1244,54.206,4020,0.02
79,4.1145,54.6106,4050,0.02
79,4.1164,55.0151,4080,0.02
79,4.1213,55.4196,4110,0.02
79,4.1243,55.8241,4140,0.02
79,4.1188,56.2286,4170,0.02
79,4.1236,56.6332,4200,0.02
79,4.1337,57.0377,4230,0.02
79,4.13,57.4422,4260,0.02
79,4.1279,57.8467,4290,0.02
79,4.1297,58.2513,4320,0.02
79,4.1318,58.6558,4350,0.02
79,4.1433,59.0603,4380,0.02
79,4.1384,59.4648,4410,0.02
79,4.1323,59.8693,4440,0.02
79,4.1345,60.2739,4470,0.02
79,4.1454,60.6784,4500,0.02
79,4.1489,61.0829,4530,0.02
79,4.1479,61.4874,4560,0.02
79,4.1385,61.892,4590,0.02
79,4.1417,62.2965,4620,0.02
79,4.1546,62.701,4650,0.02
79,4.143,63.1055,4680,0.02
79,4.153,63.5101,4710,0.02
79,4.1551,63.9146,4740,0.02
79,4.1575,64.3191,4770,0.02
79,4.1464,64.7236,4800,0.02
79,4.1497,65.1281,4830,0.02
79,4.1613,65.5327,4860,0.02
79,4.1605,65.9372,4890,0.02
79,4.1498,66.3417,4920,0.02
79,4.1539,66.7462,4950,0.02
79,4.1524,67.1508,4980,0.02
79,4.1604,67.5553,5010,0.02
79,4.1579,67.9598,5040,0.02
79,4.158,68.3643,5070,0.02
79,4.1649,68.7688,5100,0.02
79,4.156,69.1734,5130,0.02
79,4.1616,69.5779,5160,0.02
79,4.1659,69.9824,5190,0.02
79,4.1612,70.3869,5220,0.02
79,4.166,70.7915,5250,0.02
79,4.1641,71.196,5280,0.02
79,4.1708,71.6005,5310,0.02
79,4.1664,72.005,5340,0.02
79,4.1659,72.4095,5370,0.02
79,4.1619,72.8141,5400,0.02
79,4.1653,73.2186,5430,0.02
79,4.1612,73.6231,5460,0.02
79,4.1766,74.0276,5490,0.02
79,4.1748,74.4322,5520,0.02
79,4.1749,74.8367,5550,0.02
79,4.1779,75.2412,5580,0.02
79,4.1697,75.6457,5610,0.02
79,4.1716,76.0503,5640,0.02
79,4.1737,76.4548,5670,0.02
79,4.1749,76.8593,5700,0.02
79,4.1721,77.2638,5730,0.02
79,4.179,77.6683,5760,0.02
79,4.1831,78.0729,5790,0.02
79,4.1748,78.4774,5820,0.02
79,4.1755,78.8819,5850,0.02
79,4.1845,79.2864,5880,0.02
79,4.1713,79.691,5910,0.02
79,4.1768,80.0955,5940,0.02
79,4.1709,80.5,5970,0.02
80,3.0067,0.0,0,0.02
80,3.0203,0.4033,30,0.02
80,3.0465,0.8065,60,0.02
80,3.0708,1.2098,90,0.02
80,3.0946,1.6131,120,0.02
80,3.1149,2.0163,150,0.02
80,3.1358,2.4196,180,0.02
80,3.1566,2.8229,210,0.02
80,3.1714,3.2261,240,0.02
80,3.1931,3.6294,270,0.02
80,3.2119,4.0327,300,0.02
80,3.2322,4.4359,330,0.02
80,3.2535,4.8392,360,0.02
80,3.2705,5.2425,390,0.02
80,3.2947,5.6457,420,0.02
80,3.3117,6.049,450,0.02
80,3.3373,6.4523,480,0.02
80,3.3481,6.8555,510,0.02
80,3.3655,7.2588,540,0.02
80,3.381,7.6621,570,0.02
80,3.3917,8.0653,600,0.02
80,3.4178,8.4686,630,0.02
80,3.4225,8.8719,660,0.02
80,3.4479,9.2751,690,0.02
80,3.4589,9.6784,720,0.02
80,3.4668,10.0817,750,0.02
80,3.4907,10.4849,780,0.02
80,3.5087,10.8882,810,0.02
80,3.5137,11.2915,840,0.02
80,3.5268,11.6947,870,0.02
80,3.5426,12.098,900,0.02
80,3.5628,12.5013,930,0.02
80,3.5688,12.9045,960,0.02
80,3.5798,13.3078,990,0.02
80,3.5963,13.7111,1020,0.02
80,3.6124,14.1143,1050,0.02
80,3.6188,14.5176,1080,0.02
80,3.6267,14.9209,1110,0.02
80,3.6461,15.3241,1140,0.02
80,3.6572,15.7274,1170,0.02
80,3.6691,16.1307,1200,0.02
80,3.6718,16.5339,1230,0.02
80,3.6826,16.9372,1260,0.02
80,3.7015,17.3405,1290,0.02
80,3.6979,17.7437,1320,0.02
80,3.7086,18.147,1350,0.02
80,3.7235,18.5503,1380,0.02
80,3.7326,18.9535,1410,0.02
80,3.7432,19.3568,1440,0.02
80,3.7574,19.7601,1470,0.02
80,3.7655,20.1633,1500,0.02
80,3.7626,20.5666,1530,0.02
80,3.771,20.9698,1560,0.02
80,3.7944,21.3731,1590,0.02
80,3.7988,21.7764,1620,0.02
80,3.8096,22.1796,1650,0.02
80,3.8126,22.5829,1680,0.02
80,3.8212,22.9862,1710,0.02
80,3.8246,23.3894,1740,0.02
80,3.8338,23.7927,1770,0.02
80,3.8466,24.196,1800,0.02
80,3.8497,24.5992,1830,0.02
80,3.8477,25.0025,1860,0.02
80,3.8647,25.4058,1890,0.02
80,3.8678,25.809,1920,0.02
80,3.8758,26.2123,1950,0.02
80,3.8786,26.6156,1980,0.02
80,3.8818,27.0188,2010,0.02
80,3.8986,27.4221,2040,0.02
80,3.8988,27.8254,2070,0.02
80,3.903,28.2286,2100,0.02
80,3.9166,28.6319,2130,0.02
80,3.9233,29.0352,2160,0.02
80,3.9283,29.4384,2190,0.02
80,3.9233,29.8417,2220,0.02
80,3.9271,30.245,2250,0.02
80,3.9371,30.6482,2280,0.02
80,3.9418,31.0515,2310,0.02
80,3.9571,31.4548,2340,0.02
80,3.9601,31.858,2370,0.02
80,3.9553,32.2613,2400,0.02
80,3.9659,32.6646,2430,0.02
80,3.971,33.0678,2460,0.02
80,3.9669,33.4711,2490,0.02
80,3.9725,33.8744,2520,0.02
80,3.9767,34.2776,2550,0.02
80,3.9833,34.6809,2580,0.02
80,3.9833,35.0842,2610,0.02
80,3.9895,35.4874,2640,0.02
80,4.0062,35.8907,2670,0.02
80,4.0038,36.294,2700,0.02
80,4.0112,36.6972,2730,0.02
80,4.0138,37.1005,2760,0.02
80,4.0209,37.5038,2790,0.02
80,4.0145,37.907,2820,0.02
80,4.0261,38.3103,2850,0.02
80,4.0309,38.7136,2880,0.02
80,4.0262,39.1168,2910,0.02
80,4.0377,39.5201,2940,0.02
80,4.0428,39.9234,2970,0.02
80,4.0427,40.3266,3000,0.02
80,4.0493,40.7299,3030,0.02
80,4.0439,41.1332,3060,0.02
80,4.0553,41.5364,3090,0.02
80,4.052,41.9397,3120,0.02
80,4.0581,42.343,3150,0.02
80,4.0628,42.7462,3180,0.02
80,4.0652,43.1495,3210,0.02
80,4.0706,43.5528,3240,0.02
80,4.0634,43.956,3270,0.02
80,4.0732,44.3593,3300,0.02
80,4.0654,44.7626,3330,0.02
80,4.0805,45.1658,3360,0.02
80,4.0782,45.5691,3390,0.02
80,4.0785,45.9724,3420,0.02
80,4.0794,46.3756,3450,0.02
80,4.0872,46.7789,3480,0.02
80,4.0815,47.1822,3510,0.02
80,4.0858,47.5854,3540,0.02
80,4.0957,47.9887,3570,0.02
80,4.0888,48.392,3600,0.02
80,4.0936,48.7952,3630,0.02
80,4.103,49.1985,3660,0.02
80,4.0969,49.6018,3690,0.02
80,4.0998,50.005,3720,0.02
80,4.104,50.4083,3750,0.02
80,4.1012,50.8116,3780,0.02
80,4.1023,51.2148,3810,0.02
80,4.1074,51.6181,3840,0.02
80,4.1107,52.0214,3870,0.02
80,4.1057,52.4246,3900,0.02
80,4.12,52.8279,3930,0.02
80,4.1105,53.2312,3960,0.02
80,4.115,53.6344,3990,0.02
80,4.1236,54.0377,4020,0.02
80,4.1196,54.441,4050,0.02
80,4.1144,54.8442,4080,0.02
80,4.128,55.2475,4110,0.02
80,4.1314,55.6508,4140,0.02
80,4.1205,56.054,4170,0.02
80,4.1203,56.4573,4200,0.02
80,4.1273,56.8606,4230,0.02
80,4.1317,57.2638,4260,0.02
80,4.1314,57.6671,4290,0.02
80,4.1307,58.0704,4320,0.02
80,4.129,58.4736,4350,0.02
80,4.1441,58.8769,4380,0.02
80,4.1446,59.2802,4410,0.02
80,4.1387,59.6834,4440,0.02
80,4.1373,60.0867,4470,0.02
80,4.1428,60.4899,4500,0.02
80,4.1402,60.8932,4530,0.02
80,4.1476,61.2965,4560,0.02
80,4.1432,61.6997,4590,0.02
80,4.1495,62.103,4620,0.02
80,4.154,62.5063,4650,0.02
80,4.1546,62.9095,4680,0.02
80,4.1524,63.3128,4710,0.02
80,4.1472,63.7161,4740,0.02
80,4.1529,64.1193,4770,0.02
80,4.1528,64.5226,4800,0.02
80,4.1596,64.9259,4830,0.02
80,4.1513,65.3291,4860,0.02
80,4.1488,65.7324,4890,0.02
80,4.1488,66.1357,4920,0.02
80,4.1589,66.5389,4950,0.02
80,4.1576,66.9422,4980,0.02
80,4.1526,67.3455,5010,0.02
80,4.165,67.7487,5040,0.02
80,4.1554,68.152,5070,0.02
80,4.1539,68.5553,5100,0.02
80,4.1609,68.9585,5130,0.02
80,4.1617,69.3618,5160,0.02
80,4.1663,69.7651,5190,0.02
80,4.1683,70.1683,5220,0.02
80,4.1571,70.5716,5250,0.02
80,4.1705,70.9749,5280,0.02
80,4.1711,71.3781,5310,0.02
80,4.1712,71.7814,5340,0.02
80,4.1703,72.1847,5370,0.02
80,4.1701,72.5879,5400,0.02
80,4.1633,72.9912,5430,0.02
80,4.1764,73.3945,5460,0.02
80,4.1708,73.7977,5490,0.02
80,4.1736,74.201,5520,0.02
80,4.1709,74.6043,5550,0.02
80,4.1752,75.0075,5580,0.02
80,4.1765,75.4108,5610,0.02
80,4.1677,75.8141,5640,0.02
80,4.1743,76.2173,5670,0.02
80,4.1815,76.6206,5700,0.02
80,4.1674,77.0239,5730,0.02
80,4.1723,77.4271,5760,0.02
80,4.1781,77.8304,5790,0.02
80,4.1825,78.2337,5820,0.02
80,4.1737,78.6369,5850,0.02
80,4.1823,79.0402,5880,0.02
80,4.1799,79.4435,5910,0.02
80,4.1729,79.8467,5940,0.02
80,4.1811,80.25,5970,0.02
81,3.0027,0.0,0,0.02
81,3.0259,0.402,30,0.02
81,3.0418,0.804,60,0.02
81,3.0653,1.206,90,0.02
81,3.0974,1.608,120,0.02
81,3.1076,2.0101,150,0.02
81,3.1397,2.4121,180,0.02
81,3.151,2.8141,210,0.02
81,3.1795,3.2161,240,0.02
81,3.1924,3.6181,270,0.02
81,3.2262,4.0201,300,0.02
81,3.232,4.4221,330,0.02
81,3.2494,4.8241,360,0.02
81,3.2821,5.2261,390,0.02
81,3.2928,5.6281,420,0.02
81,3.3065,6.0302,450,0.02
81,3.3357,6.4322,480,0.02
81,3.3494,6.8342,510,0.02
81,3.3712,7.2362,540,0.02
81,3.3753,7.6382,570,0.02
81,3.4025,8.0402,600,0.02
81,3.4157,8.4422,630,0.02
81,3.4273,8.8442,660,0.02
81,3.4464,9.2462,690,0.02
81,3.4625,9.6482,720,0.02
81,3.4741,10.0503,750,0.02
81,3.4823,10.4523,780,0.02
81,3.4962,10.8543,810,0.02
81,3.5193,11.2563,840,0.02
81,3.5315,11.6583,870,0.02
81,3.5496,12.0603,900,0.02
81,3.5629,12.4623,930,0.02
81,3.5749,12.8643,960,0.02
81,3.5776,13.2663,990,0.02
81,3.5984,13.6683,1020,0.02
81,3.6125,14.0704,1050,0.02
81,3.612,14.4724,1080,0.02
81,3.6327,14.8744,1110,0.02
81,3.6386,15.2764,1140,0.02
81,3.6523,15.6784,1170,0.02
81,3.66,16.0804,1200,0.02
81,3.6711,16.4824,1230,0.02
81,3.6818,16.8844,1260,0.02
81,3.7013,17.2864,1290,0.02
81,3.7122,17.6884,1320,0.02
81,3.7129,18.0905,1350,0.02
81,3.729,18.4925,1380,0.02
81,3.729,18.8945,1410,0.02
81,3.7436,19.2965,1440,0.02
81,3.7501,19.6985,1470,0.02
81,3.7552,20.1005,1500,0.02
81,3.7697,20.5025,1530,0.02
81,3.7708,20.9045,1560,0.02
81,3.7926,21.3065,1590,0.02
81,3.7914,21.7085,1620,0.02
81,3.8049,22.1106,1650,0.02
81,3.8037,22.5126,1680,0.02
81,3.8108,22.9146,1710,0.02
81,3.8215,23.3166,1740,0.02
81,3.835,23.7186,1770,0.02
81,3.8386,24.1206,1800,0.02
81,3.8529,24.5226,1830,0.02
81,3.8588,24.9246,1860,0.02
81,3.8591,25.3266,1890,0.02
81,3.8662,25.7286,1920,0.02
81,3.8686,26.1307,1950,0.02
81,3.8875,26.5327,1980,0.02
81,3.8892,26.9347,2010,0.02
81,3.8896,27.3367,2040,0.02
81,3.8961,27.7387,2070,0.02
81,3.9116,28.1407,2100,0.02
81,3.9053,28.5427,2130,0.02
81,3.9135,28.9447,2160,0.02
81,3.9308,29.3467,2190,0.02
81,3.9356,29.7487,2220,0.02
81,3.9362,30.1508,2250,0.02
81,3.9466,30.5528,2280,0.02
81,3.9413,30.9548,2310,0.02
81,3.9566,31.3568,2340,0.02
81,3.9537,31.7588,2370,0.02
81,3.9674,32.1608,2400,0.02
81,3.9598,32.5628,2430,0.02
81,3.9636,32.9648,2460,0.02
81,3.9725,33.3668,2490,0.02
81,3.9766,33.7688,2520,0.02
81,3.9763,34.1709,2550,0.02
81,3.9857,34.5729,2580,0.02
81,3.9838,34.9749,2610,0.02
81,3.9958,35.3769,2640,0.02
81,3.9964,35.7789,2670,0.02
81,4.0052,36.1809,2700,0.02
81,4.0044,36.5829,2730,0.02
81,4.0166,36.9849,2760,0.02
81,4.0112,37.3869,2790,0.02
81,4.0135,37.7889,2820,0.02
81,4.0228,38.191,2850,0.02
81,4.0213,38.593,2880,0.02
81,4.0213,38.995,2910,0.02
81,4.0294,39.397,2940,0.02
81,4.0308,39.799,2970,0.02
81,4.0391,40.201,3000,0.02
81,4.0444,40.603,3030,0.02
81,4.0508,41.005,3060,0.02
81,4.0556,41.407,3090,0.02
81,4.0539,41.809,3120,0.02
81,4.0511,42.2111,3150,0.02
81,4.0573,42.6131,3180,0.02
81,4.0615,43.0151,3210,0.02
81,4.0591,43.4171,3240,0.02
81,4.0638,43.8191,3270,0.02
81,4.0724,44.2211,3300,0.02
81,4.0642,44.6231,3330,0.02
81,4.0689,45.0251,3360,0.02
81,4.0694,45.4271,3390,0.02
81,4.0732,45.8291,3420,0.02
81,4.0806,46.2312,3450,0.02
81,4.0875,46.6332,3480,0.02
81,4.0885,47.0352,3510,0.02
81,4.091,47.4372,3540,0.02
81,4.0969,47.8392,3570,0.02
81,4.0845,48.2412,3600,0.02
81,4.1009,48.6432,3630,0.02
81,4.0947,49.0452,3660,0.02
81,4.0934,49.4472,3690,0.02
81,4.0982,49.8492,3720,0.02
81,4.1062,50.2513,3750,0.02
81,4.0975,50.6533,3780,0.02
81,4.1133,51.0553,3810,0.02
81,4.1037,51.4573,3840,0.02
81,4.105,51.8593,3870,0.02
81,4.1146,52.2613,3900,0.02
81,4.1167,52.6633,3930,0.02
81,4.1175,53.0653,3960,0.02
81,4.1226,53.4673,3990,0.02
81,4.1122,53.8693,4020,0.02
81,4.1279,54.2714,4050,0.02
81,4.1189,54.6734,4080,0.02
81,4.1194,55.0754,4110,0.02
81,4.1187,55.4774,4140,0.02
81,4.128,55.8794,4170,0.02
81,4.1279,56.2814,4200,0.02
81,4.1367,56.6834,4230,0.02
81,4.1304,57.0854,4260,0.02
81,4.1318,57.4874,4290,0.02
81,4.1296,57.8894,4320,0.02
81,4.1347,58.2915,4350,0.02
81,4.1368,58.6935,4380,0.02
81,4.1325,59.0955,4410,0.02
81,4.1327,59.4975,4440,0.02
81,4.1334,59.8995,4470,0.02
81,4.1362,60.3015,4500,0.02
81,4.1448,60.7035,4530,0.02
81,4.1437,61.1055,4560,0.02
81,4.1406,61.5075,4590,0.02
81,4.1482,61.9095,4620,0.02
81,4.1524,62.3116,4650,0.02
81,4.1424,62.7136,4680,0.02
81,4.1506,63.1156,4710,0.02
81,4.1487,63.5176,4740,0.02
81,4.1497,63.9196,4770,0.02
81,4.1442,64.3216,4800,0.02
81,4.149,64.7236,4830,0.02
81,4.1507,65.1256,4860,0.02
81,4.1491,65.5276,4890,0.02
81,4.1599,65.9296,4920,0.02
81,4.1518,66.3317,4950,0.02
81,4.1495,66.7337,4980,0.02
81,4.1594,67.1357,5010,0.02
81,4.1524,67.5377,5040,0.02
81,4.1597,67.9397,5070,0.02
81,4.1629,68.3417,5100,0.02
81,4.1636,68.7437,5130,0.02
81,4.1628,69.1457,5160,0.02
81,4.1703,69.5477,5190,0.02
81,4.161,69.9497,5220,0.02
81,4.1678,70.3518,5250,0.02
81,4.1593,70.7538,5280,0.02
81,4.1593,71.1558,5310,0.02
81,4.172,71.5578,5340,0.02
81,4.1746,71.9598,5370,0.02
81,4.1614,72.3618,5400,0.02
81,4.1756,72.7638,5430,0.02
81,4.1764,73.1658,5460,0.02
81,4.1663,73.5678,5490,0.02
81,4.1696,73.9698,5520,0.02
81,4.1647,74.3719,5550,0.02
81,4.1638,74.7739,5580,0.02
81,4.1738,75.1759,5610,0.02
81,4.1768,75.5779,5640,0.02
81,4.1712,75.9799,5670,0.02
81,4.1664,76.3819,5700,0.02
81,4.1709,76.7839,5730,0.02
81,4.1815,77.1859,5760,0.02
81,4.1707,77.5879,5790,0.02
81,4.1703,77.9899,5820,0.02
81,4.17,78.392,5850,0.02
81,4.1799,78.794,5880,0.02
81,4.1813,79.196,5910,0.02
81,4.183,79.598,5940,0.02
81,4.1835,80.0,5970,0.02
82,3.0,0.0,0,0.02
82,3.0209,0.4008,30,0.02
82,3.0407,0.8015,60,0.02
82,3.0672,1.2023,90,0.02
82,3.0904,1.603,120,0.02
82,3.1102,2.0038,150,0.02
82,3.1305,2.4045,180,0.02
82,3.1579,2.8053,210,0.02
82,3.1807,3.206,240,0.02
82,3.2057,3.6068,270,0.02
82,3.2258,4.0075,300,0.02
82,3.24,4.4083,330,0.02
82,3.2518,4.809,360,0.02
82,3.2804,5.2098,390,0.02
82,3.2878,5.6106,420,0.02
82,3.3095,6.0113,450,0.02
82,3.3306,6.4121,480,0.02
82,3.3548,6.8128,510,0.02
82,3.3574,7.2136,540,0.02
82,3.3786,7.6143,570,0.02
82,3.396,8.0151,600,0.02
82,3.418,8.4158,630,0.02
82,3.4339,8.8166,660,0.02
82,3.4506,9.2173,690,0.02
82,3.4543,9.6181,720,0.02
82,3.4681,10.0188,750,0.02
82,3.4914,10.4196,780,0.02
82,3.4963,10.8204,810,0.02
82,3.517,11.2211,840,0.02
82,3.5241,11.6219,870,0.02
82,3.549,12.0226,900,0.02
82,3.5642,12.4234,930,0.02
82,3.5675,12.8241,960,0.02
82,3.5811,13.2249,990,0.02
82,3.5941,13.6256,1020,0.02
82,3.6011,14.0264,1050,0.02
82,3.6105,14.4271,1080,0.02
82,3.6265,14.8279,1110,0.02
82,3.6444,15.2286,1140,0.02
82,3.6577,15.6294,1170,0.02
82,3.6701,16.0302,1200,0.02
82,3.6749,16.4309,1230,0.02
82,3.6808,16.8317,1260,0.02
82,3.6931,17.2324,1290,0.02
82,3.7113,17.6332,1320,0.02
82,3.7068,18.0339,1350,0.02
82,3.7284,18.4347,1380,0.02
82,3.7363,18.8354,1410,0.02
82,3.7353,19.2362,1440,0.02
82,3.7453,19.6369,1470,0.02
82,3.755,20.0377,1500,0.02
82,3.7648,20.4384,1530,0.02
82,3.7762,20.8392,1560,0.02
82,3.7869,21.2399,1590,0.02
82,3.7871,21.6407,1620,0.02
82,3.7964,22.0415,1650,0.02
82,3.8039,22.4422,1680,0.02
82,3.8245,22.843,1710,0.02
82,3.8258,23.2437,1740,0.02
82,3.836,23.6445,1770,0.02
82,3.8483,24.0452,1800,0.02
82,3.8503,24.446,1830,0.02
82,3.8487,24.8467,1860,0.02
82,3.8681,25.2475,1890,0.02
82,3.8663,25.6482,1920,0.02
82,3.8734,26.049,1950,0.02
82,3.8758,26.4497,1980,0.02
82,3.8839,26.8505,2010,0.02
82,3.8912,27.2513,2040,0.02
82,3.899,27.652,2070,0.02
82,3.9092,28.0528,2100,0.02
82,3.9143,28.4535,2130,0.02
82,3.9114,28.8543,2160,0.02
82,3.9222,29.255,2190,0.02
82,3.9324,29.6558,2220,0.02
82,3.9284,30.0565,2250,0.02
82,3.9329,30.4573,2280,0.02
82,3.9444,30.858,2310,0.02
82,3.9486,31.2588,2340,0.02
82,3.9608,31.6595,2370,0.02
82,3.9544,32.0603,2400,0.02
82,3.9686,32.4611,2430,0.02
82,3.9743,32.8618,2460,0.02
82,3.9705,33.2626,2490,0.02
82,3.9727,33.6633,2520,0.02
82,3.9845,34.0641,2550,0.02
82,3.9807,34.4648,2580,0.02
82,3.9883,34.8656,2610,0.02
82,3.9889,35.2663,2640,0.02
82,3.9926,35.6671,2670,0.02
82,3.9967,36.0678,2700,0.02
82,4.0013,36.4686,2730,0.02
82,4.005,36.8693,2760,0.02
82,4.0097,37.2701,2790,0.02
82,4.0266,37.6709,2820,0.02
82,4.0193,38.0716,2850,0.02
82,4.0256,38.4724,2880,0.02
82,4.0358,38.8731,2910,0.02
82,4.0299,39.2739,2940,0.02
82,4.0376,39.6746,2970,0.02
82,4.0331,40.0754,3000,0.02
82,4.0415,40.4761,3030,0.02
82,4.0393,40.8769,3060,0.02
82,4.0445,41.2776,3090,0.02
82,4.0554,41.6784,3120,0.02
82,4.0498,42.0791,3150,0.02
82,4.065,42.4799,3180,0.02
82,4.0626,42.8807,3210,0.02
82,4.0625,43.2814,3240,0.02
82,4.059,43.6822,3270,0.02
82,4.0671,44.0829,3300,0.02
82,4.0661,44.4837,3330,0.02
82,4.0722,44.8844,3360,0.02
82,4.0795,45.2852,3390,0.02
82,4.0739,45.6859,3420,0.02
82,4.0752,46.0867,3450,0.02
82,4.0832,46.4874,3480,0.02
82,4.0826,46.8882,3510,0.02
82,4.0874,47.2889,3540,0.02
82,4.0946,47.6897,3570,0.02
82,4.0949,48.0905,3600,0.02
82,4.1,48.4912,3630,0.02
82,4.0926,48.892,3660,0.02
82,4.0977,49.2927,3690,0.02
82,4.104,49.6935,3720,0.02
82,4.1081,50.0942,3750,0.02
82,4.1058,50.495,3780,0.02
82,4.1099,50.8957,3810,0.02
82,4.115,51.2965,3840,0.02
82,4.1041,51.6972,3870,0.02
82,4.1102,52.098,3900,0.02
82,4.1072,52.4987,3930,0.02
82,4.1214,52.8995,3960,0.02
82,4.1109,53.3003,3990,0.02
82,4.1123,53.701,4020,0.02
82,4.1161,54.1018,4050,0.02
82,4.1221,54.5025,4080,0.02
82,4.1183,54.9033,4110,0.02
82,4.1187,55.304,4140,0.02
82,4.1214,55.7048,4170,0.02
82,4.1301,56.1055,4200,0.02
82,4.1316,56.5063,4230,0.02
82,4.1269,56.907,4260,0.02
82,4.128,57.3078,4290,0.02
82,4.131,57.7085,4320,0.02
82,4.1421,58.1093,4350,0.02
82,4.1414,58.5101,4380,0.02
82,4.1298,58.9108,4410,0.02
82,4.1386,59.3116,4440,0.02
82,4.1436,59.7123,4470,0.02
82,4.138,60.1131,4500,0.02
82,4.1421,60.5138,4530,0.02
82,4.1422,60.9146,4560,0.02
82,4.1422,61.3153,4590,0.02
82,4.1496,61.7161,4620,0.02
82,4.1425,62.1168,4650,0.02
82,4.1515,62.5176,4680,0.02
82,4.1566,62.9183,4710,0.02
82,4.1487,63.3191,4740,0.02
82,4.1452,63.7198,4770,0.02
82,4.1515,64.1206,4800,0.02
82,4.1522,64.5214,4830,0.02
82,4.1505,64.9221,4860,0.02
82,4.1564,65.3229,4890,0.02
82,4.1495,65.7236,4920,0.02
82,4.1591,66.1244,4950,0.02
82,4.1605,66.5251,4980,0.02
82,4.1657,66.9259,5010,0.02
82,4.1579,67.3266,5040,0.02
82,4.1602,67.7274,5070,0.02
82,4.1609,68.1281,5100,0.02
82,4.1614,68.5289,5130,0.02
82,4.1628,68.9296,5160,0.02
82,4.1649,69.3304,5190,0.02
82,4.1651,69.7312,5220,0.02
82,4.1651,70.1319,5250,0.02
82,4.1595,70.5327,5280,0.02
82,4.1636,70.9334,5310,0.02
82,4.1659,71.3342,5340,0.02
82,4.1688,71.7349,5370,0.02
82,4.1715,72.1357,5400,0.02
82,4.1741,72.5364,5430,0.02
82,4.1726,72.9372,5460,0.02
82,4.1756,73.3379,5490,0.02
82,4.1732,73.7387,5520,0.02
82,4.1685,74.1394,5550,0.02
82,4.1639,74.5402,5580,0.02
82,4.1767,74.941,5610,0.02
82,4.1652,75.3417,5640,0.02
82,4.1801,75.7425,5670,0.02
82,4.179,76.1432,5700,0.02
82,4.1751,76.544,5730,0.02
82,4.1734,76.9447,5760,0.02
82,4.1678,77.3455,5790,0.02
82,4.1824,77.7462,5820,0.02
82,4.1721,78.147,5850,0.02
82,4.1782,78.5477,5880,0.02
82,4.1756,78.9485,5910,0.02
82,4.171,79.3492,5940,0.02
82,4.1849,79.75,5970,0.02
83,3.0004,0.0,0,0.02
83,3.0158,0.3995,30,0.02
83,3.0566,0.799,60,0.02
83,3.0951,1.1985,90,0.02
83,3.102,1.598,120,0.02
83,3.1259,1.9975,150,0.02
83,3.1714,2.397,180,0.02
83,3.1691,2.7965,210,0.02
83,3.1877,3.196,240,0.02
83,3.1851,3.5955,270,0.02
83,3.1949,3.995,300,0.02
83,3.2342,4.3945,330,0.02
83,3.2155,4.794,360,0.02
83,3.2569,5.1935,390,0.02
83,3.2746,5.593,420,0.02
83,3.2758,5.9925,450,0.02
83,3.3254,6.392,480,0.02
83,3.3384,6.7915,510,0.02
83,3.3554,7.191,540,0.02
83,3.3648,7.5905,570,0.02
83,3.4257,7.9899,600,0.02
83,3.4444,8.3894,630,0.02
83,3.4404,8.7889,660,0.02
83,3.4577,9.1884,690,0.02
83,3.47,9.5879,720,0.02
83,3.5198,9.9874,750,0.02
83,3.4945,10.3869,780,0.02
83,3.5223,10.7864,810,0.02
83,3.5369,11.1859,840,0.02
83,3.5122,11.5854,870,0.02
83,3.5334,11.9849,900,0.02
83,3.5342,12.3844,930,0.02
83,3.5423,12.7839,960,0.02
83,3.5493,13.1834,990,0.02
83,3.5605,13.5829,1020,0.02
83,3.5702,13.9824,1050,0.02
83,3.6211,14.3819,1080,0.02
83,3.6172,14.7814,1110,0.02
83,3.6507,15.1809,1140,0.02
83,3.6598,15.5804,1170,0.02
83,3.667,15.9799,1200,0.02
83,3.7202,16.3794,1230,0.02
83,3.7215,16.7789,1260,0.02
83,3.7165,17.1784,1290,0.02
83,3.744,17.5779,1320,0.02
83,3.7505,17.9774,1350,0.02
83,3.7254,18.3769,1380,0.02
83,3.7378,18.7764,1410,0.02
83,3.7171,19.1759,1440,0.02
83,3.7415,19.5754,1470,0.02
83,3.7394,19.9749,1500,0.02
83,3.7415,20.3744,1530,0.02
83,3.7289,20.7739,1560,0.02
83,3.767,21.1734,1590,0.02
83,3.7599,21.5729,1620,0.02
83,3.8044,21.9724,1650,0.02
83,3.8073,22.3719,1680,0.02
83,3.8102,22.7714,1710,0.02
83,3.8551,23.1709,1740,0.02
83,3.8461,23.5704,1770,0.02
83,3.8804,23.9698,1800,0.02
83,3.8826,24.3693,1830,0.02
83,3.8927,24.7688,1860,0.02
83,3.8679,25.1683,1890,0.02
83,3.8982,25.5678,1920,0.02
83,3.8713,25.9673,1950,0.02
83,3.8857,26.3668,1980,0.02
83,3.8626,26.7663,2010,0.02
83,3.8602,27.1658,2040,0.02
83,3.8835,27.5653,2070,0.02
83,3.8895,27.9648,2100,0.02
83,3.8961,28.3643,2130,0.02
83,3.8925,28.7638,2160,0.02
83,3.8959,29.1633,2190,0.02
83,3.9347,29.5628,2220,0.02
83,3.9201,29.9623,2250,0.02
83,3.9575,30.3618,2280,0.02
83,3.9797,30.7613,2310,0.02
83,3.9642,31.1608,2340,0.02
83,3.9843,31.5603,2370,0.02
83,3.9887,31.9598,2400,0.02
83,3.9994,32.3593,2430,0.02
83,3.9857,32.7588,2460,0.02
83,3.985,33.1583,2490,0.02
83,3.9688,33.5578,2520,0.02
83,3.9618,33.9573,2550,0.02
83,3.9856,34.3568,2580,0.02
83,3.9567,34.7563,2610,0.02
83,3.9891,35.1558,2640,0.02
83,3.9586,35.5553,2670,0.02
83,3.9617,35.9548,2700,0.02
83,3.9967,36.3543,2730,0.02
83,3.9998,36.7538,2760,0.02
83,3.9934,37.1533,2790,0.02
83,4.0217,37.5528,2820,0.02
83,4.0153,37.9523,2850,0.02
83,4.0278,38.3518,2880,0.02
83,4.0511,38.7513,2910,0.02
83,4.0808,39.1508,2940,0.02
83,4.0785,39.5503,2970,0.02
83,4.0721,39.9497,3000,0.02
83,4.0789,40.3492,3030,0.02
83,4.058,40.7487,3060,0.02
83,4.0551,41.1482,3090,0.02
83,4.0494,41.5477,3120,0.02
83,4.0558,41.9472,3150,0.02
83,4.0204,42.3467,3180,0.02
83,4.0418,42.7462,3210,0.02
83,4.0333,43.1457,3240,0.02
83,4.0475,43.5452,3270,0.02
83,4.0586,43.9447,3300,0.02
83,4.0396,44.3442,3330,0.02
83,4.0478,44.7437,3360,0.02
83,4.0876,45.1432,3390,0.02
83,4.0795,45.5427,3420,0.02
83,4.0968,45.9422,3450,0.02
83,4.1012,46.3417,3480,0.02
83,4.1229,46.7412,3510,0.02
83,4.1102,47.1407,3540,0.02
83,4.1182,47.5402,3570,0.02
83,4.1249,47.9397,3600,0.02
83,4.0994,48.3392,3630,0.02
83,4.0859,48.7387,3660,0.02
83,4.0851,49.1382,3690,0.02
83,4.0822,49.5377,3720,0.02
83,4.0726,49.9372,3750,0.02
83,4.0876,50.3367,3780,0.02
83,4.068,50.7362,3810,0.02
83,4.0792,51.1357,3840,0.02
83,4.078,51.5352,3870,0.02
83,4.0821,51.9347,3900,0.02
83,4.098,52.3342,3930,0.02
83,4.1207,52.7337,3960,0.02
83,4.1436,53.1332,3990,0.02
83,4.1525,53.5327,4020,0.02
83,4.1424,53.9322,4050,0.02
83,4.1313,54.3317,4080,0.02
83,4.1405,54.7312,4110,0.02
83,4.168,55.1307,4140,0.02
83,4.1333,55.5302,4170,0.02
83,4.1561,55.9296,4200,0.02
83,4.1424,56.3291,4230,0.02
83,4.1249,56.7286,4260,0.02
83,4.1227,57.1281,4290,0.02
83,4.1126,57.5276,4320,0.02
83,4.111,57.9271,4350,0.02
83,4.1105,58.3266,4380,0.02
83,4.1198,58.7261,4410,0.02
83,4.1331,59.1256,4440,0.02
83,4.1119,59.5251,4470,0.02
83,4.1484,59.9246,4500,0.02
83,4.1459,60.3241,4530,0.02
83,4.1715,60.7236,4560,0.02
83,4.171,61.1231,4590,0.02
83,4.1659,61.5226,4620,0.02
83,4.16,61.9221,4650,0.02
83,4.1586,62.3216,4680,0.02
83,4.1877,62.7211,4710,0.02
83,4.1854,63.1206,4740,0.02
83,4.1611,63.5201,4770,0.02
83,4.1647,63.9196,4800,0.02
83,4.1317,64.3191,4830,0.02
83,4.1269,64.7186,4860,0.02
83,4.146,65.1181,4890,0.02
83,4.123,65.5176,4920,0.02
83,4.118,65.9171,4950,0.02
83,4.1429,66.3166,4980,0.02
83,4.1458,66.7161,5010,0.02
83,4.1335,67.1156,5040,0.02
83,4.1607,67.5151,5070,0.02
83,4.1684,67.9146,5100,0.02
83,4.179,68.3141,5130,0.02
83,4.1824,68.7136,5160,0.02
83,4.1813,69.1131,5190,0.02
83,4.178,69.5126,5220,0.02
83,4.2,69.9121,5250,0.02
83,4.1782,70.3116,5280,0.02
83,4.1682,70.7111,5310,0.02
83,4.1642,71.1106,5340,0.02
83,4.1746,71.5101,5370,0.02
83,4.1555,71.9095,5400,0.02
83,4.1415,72.309,5430,0.02
83,4.1596,72.7085,5460,0.02
83,4.1568,73.108,5490,0.02
83,4.1396,73.5075,5520,0.02
83,4.1412,73.907,5550,0.02
83,4.169,74.3065,5580,0.02
83,4.1677,74.706,5610,0.02
83,4.1735,75.1055,5640,0.02
83,4.1652,75.505,5670,0.02
83,4.1768,75.9045,5700,0.02
83,4.1881,76.304,5730,0.02
83,4.2,76.7035,5760,0.02
83,4.2,77.103,5790,0.02
83,4.1951,77.5025,5820,0.02
83,4.1831,77.902,5850,0.02
83,4.1857,78.3015,5880,0.02
83,4.1832,78.701,5910,0.02
83,4.1862,79.1005,5940,0.02
83,4.178,79.5,5970,0.02
84,3.0019,0.0,0,0.02
84,3.0252,0.3982,30,0.02
84,3.0478,0.7965,60,0.02
84,3.0691,1.1947,90,0.02
84,3.0911,1.593,120,0.02
84,3.1125,1.9912,150,0.02
84,3.1362,2.3894,180,0.02
84,3.1559,2.7877,210,0.02
84,3.1808,3.1859,240,0.02
84,3.1999,3.5842,270,0.02
84,3.2177,3.9824,300,0.02
84,3.2393,4.3807,330,0.02
84,3.2544,4.7789,360,0.02
84,3.2736,5.1771,390,0.02
84,3.2971,5.5754,420,0.02
84,3.3121,5.9736,450,0.02
84,3.3291,6.3719,480,0.02
84,3.3459,6.7701,510,0.02
84,3.3667,7.1683,540,0.02
84,3.3815,7.5666,570,0.02
84,3.3958,7.9648,600,0.02
84,3.4103,8.3631,630,0.02
84,3.4288,8.7613,660,0.02
84,3.4428,9.1595,690,0.02
84,3.4578,9.5578,720,0.02
84,3.4762,9.956,750,0.02
84,3.489,10.3543,780,0.02
84,3.4998,10.7525,810,0.02
84,3.5188,11.1508,840,0.02
84,3.5271,11.549,870,0.02
84,3.5421,11.9472,900,0.02
84,3.5538,12.3455,930,0.02
84,3.5691,12.7437,960,0.02
84,3.5804,13.142,990,0.02
84,3.5962,13.5402,1020,0.02
84,3.6056,13.9384,1050,0.02
84,3.6151,14.3367,1080,0.02
84,3.6267,14.7349,1110,0.02
84,3.6416,15.1332,1140,0.02
84,3.6529,15.5314,1170,0.02
84,3.6658,15.9296,1200,0.02
84,3.671,16.3279,1230,0.02
84,3.6821,16.7261,1260,0.02
84,3.6953,17.1244,1290,0.02
84,3.7068,17.5226,1320,0.02
84,3.7161,17.9209,1350,0.02
84,3.7228,18.3191,1380,0.02
84,3.7353,18.7173,1410,0.02
84,3.7403,19.1156,1440,0.02
84,3.7514,19.5138,1470,0.02
84,3.7584,19.9121,1500,0.02
84,3.7706,20.3103,1530,0.02
84,3.778,20.7085,1560,0.02
84,3.7892,21.1068,1590,0.02
84,3.7947,21.505,1620,0.02
84,3.8046,21.9033,1650,0.02
84,3.813,22.3015,1680,0.02
84,3.8187,22.6997,1710,0.02
84,3.8273,23.098,1740,0.02
84,3.8357,23.4962,1770,0.02
84,3.8428,23.8945,1800,0.02
84,3.849,24.2927,1830,0.02
84,3.8528,24.691,1860,0.02
84,3.8596,25.0892,1890,0.02
84,3.8712,25.4874,1920,0.02
84,3.8775,25.8857,1950,0.02
84,3.8832,26.2839,1980,0.02
84,3.8882,26.6822,2010,0.02
84,3.8944,27.0804,2040,0.02
84,3.901,27.4786,2070,0.02
84,3.908,27.8769,2100,0.02
84,3.9131,28.2751,2130,0.02
84,3.918,28.6734,2160,0.02
84,3.925,29.0716,2190,0.02
84,3.9277,29.4698,2220,0.02
84,3.9319,29.8681,2250,0.02
84,3.9406,30.2663,2280,0.02
84,3.9436,30.6646,2310,0.02
84,3.948,31.0628,2340,0.02
84,3.9575,31.4611,2370,0.02
84,3.9575,31.8593,2400,0.02
84,3.9619,32.2575,2430,0.02
84,3.9707,32.6558,2460,0.02
84,3.9765,33.054,2490,0.02
84,3.9788,33.4523,2520,0.02
84,3.9842,33.8505,2550,0.02
84,3.9846,34.2487,2580,0.02
84,3.9934,34.647,2610,0.02
84,3.9956,35.0452,2640,0.02
84,4.0014,35.4435,2670,0.02
84,4.0018,35.8417,2700,0.02
84,4.0044,36.2399,2730,0.02
84,4.0098,36.6382,2760,0.02
84,4.0163,37.0364,2790,0.02
84,4.0194,37.4347,2820,0.02
84,4.0208,37.8329,2850,0.02
84,4.0232,38.2312,2880,0.02
84,4.028,38.6294,2910,0.02
84,4.0314,39.0276,2940,0.02
84,4.0359,39.4259,2970,0.02
84,4.0374,39.8241,3000,0.02
84,4.0412,40.2224,3030,0.02
84,4.0472,40.6206,3060,0.02
84,4.0463,41.0188,3090,0.02
84,4.0532,41.4171,3120,0.02
84,4.0526,41.8153,3150,0.02
84,4.0556,42.2136,3180,0.02
84,4.0596,42.6118,3210,0.02
84,4.0626,43.0101,3240,0.02
84,4.0663,43.4083,3270,0.02
84,4.0696,43.8065,3300,0.02
84,4.0733,44.2048,3330,0.02
84,4.073,44.603,3360,0.02
84,4.0775,45.0013,3390,0.02
84,4.0813,45.3995,3420,0.02
84,4.0792,45.7977,3450,0.02
84,4.0838,46.196,3480,0.02
84,4.0879,46.5942,3510,0.02
84,4.0885,46.9925,3540,0.02
84,4.0877,47.3907,3570,0.02
84,4.0948,47.7889,3600,0.02
84,4.0958,48.1872,3630,0.02
84,4.0971,48.5854,3660,0.02
84,4.1017,48.9837,3690,0.02
84,4.099,49.3819,3720,0.02
84,4.1034,49.7802,3750,0.02
84,4.1044,50.1784,3780,0.02
84,4.1053,50.5766,3810,0.02
84,4.1064,50.9749,3840,0.02
84,4.1099,51.3731,3870,0.02
84,4.1115,51.7714,3900,0.02
84,4.1151,52.1696,3930,0.02
84,4.1126,52.5678,3960,0.02
84,4.1154,52.9661,3990,0.02
84,4.1169,53.3643,4020,0.02
84,4.1183,53.7626,4050,0.02
84,4.1215,54.1608,4080,0.02
84,4.1226,54.559,4110,0.02
84,4.1261,54.9573,4140,0.02
84,4.1295,55.3555,4170,0.02
84,4.1294,55.7538,4200,0.02
84,4.1267,56.152,4230,0.02
84,4.1321,56.5503,4260,0.02
84,4.1313,56.9485,4290,0.02
84,4.1336,57.3467,4320,0.02
84,4.1333,57.745,4350,0.02
84,4.1376,58.1432,4380,0.02
84,4.138,58.5415,4410,0.02
84,4.1386,58.9397,4440,0.02
84,4.1427,59.3379,4470,0.02
84,4.1383,59.7362,4500,0.02
84,4.1409,60.1344,4530,0.02
84,4.1413,60.5327,4560,0.02
84,4.1446,60.9309,4590,0.02
84,4.1447,61.3291,4620,0.02
84,4.1487,61.7274,4650,0.02
84,4.149,62.1256,4680,0.02
84,4.1481,62.5239,4710,0.02
84,4.1502,62.9221,4740,0.02
84,4.1519,63.3204,4770,0.02
84,4.1525,63.7186,4800,0.02
84,4.1506,64.1168,4830,0.02
84,4.1562,64.5151,4860,0.02
84,4.1538,64.9133,4890,0.02
84,4.1534,65.3116,4920,0.02
84,4.1559,65.7098,4950,0.02
84,4.1552,66.108,4980,0.02
84,4.1578,66.5063,5010,0.02
84,4.1565,66.9045,5040,0.02
84,4.1591,67.3028,5070,0.02
84,4.1605,67.701,5100,0.02
84,4.1602,68.0992,5130,0.02
84,4.1643,68.4975,5160,0.02
84,4.1645,68.8957,5190,0.02
84,4.1653,69.294,5220,0.02
84,4.1623,69.6922,5250,0.02
84,4.1652,70.0905,5280,0.02
84,4.1682,70.4887,5310,0.02
84,4.1668,70.8869,5340,0.02
84,4.17,71.2852,5370,0.02
84,4.1684,71.6834,5400,0.02
84,4.17,72.0817,5430,0.02
84,4.168,72.4799,5460,0.02
84,4.167,72.8781,5490,0.02
84,4.168,73.2764,5520,0.02
84,4.1686,73.6746,5550,0.02
84,4.1713,74.0729,5580,0.02
84,4.1724,74.4711,5610,0.02
84,4.1718,74.8693,5640,0.02
84,4.1737,75.2676,5670,0.02
84,4.1736,75.6658,5700,0.02
84,4.1746,76.0641,5730,0.02
84,4.1718,76.4623,5760,0.02
84,4.1775,76.8606,5790,0.02
84,4.1754,77.2588,5820,0.02
84,4.1775,77.657,5850,0.02
84,4.1755,78.0553,5880,0.02
84,4.1776,78.4535,5910,0.02
84,4.1788,78.8518,5940,0.02
84,4.1793,79.25,5970,0.02
85,3.0,0.0,0,0.02
85,3.0176,0.397,30,0.02
85,3.0395,0.794,60,0.02
85,3.0776,1.191,90,0.02
85,3.0988,1.5879,120,0.02
85,3.118,1.9849,150,0.02
85,3.1391,2.3819,180,0.02
85,3.1634,2.7789,210,0.02
85,3.1742,3.1759,240,0.02
85,3.1995,3.5729,270,0.02
85,3.2207,3.9698,300,0.02
85,3.235,4.3668,330,0.02
85,3.2497,4.7638,360,0.02
85,3.2683,5.1608,390,0.02
85,3.291,5.5578,420,0.02
85,3.3081,5.9548,450,0.02
85,3.3293,6.3518,480,0.02
85,3.3484,6.7487,510,0.02
85,3.3612,7.1457,540,0.02
85,3.3737,7.5427,570,0.02
85,3.3935,7.9397,600,0.02
85,3.4119,8.3367,630,0.02
85,3.4316,8.7337,660,0.02
85,3.4434,9.1307,690,0.02
85,3.4584,9.5276,720,0.02
85,3.4703,9.9246,750,0.02
85,3.4913,10.3216,780,0.02
85,3.4971,10.7186,810,0.02
85,3.5153,11.1156,840,0.02
85,3.5285,11.5126,870,0.02
85,3.5479,11.9095,900,0.02
85,3.5541,12.3065,930,0.02
85,3.5631,12.7035,960,0.02
85,3.5869,13.1005,990,0.02
85,3.5897,13.4975,1020,0.02
85,3.6139,13.8945,1050,0.02
85,3.6166,14.2915,1080,0.02
85,3.6334,14.6884,1110,0.02
85,3.6452,15.0854,1140,0.02
85,3.6452,15.4824,1170,0.02
85,3.6651,15.8794,1200,0.02
85,3.6689,16.2764,1230,0.02
85,3.68,16.6734,1260,0.02
85,3.6904,17.0704,1290,0.02
85,3.6965,17.4673,1320,0.02
85,3.7094,17.8643,1350,0.02
85,3.7251,18.2613,1380,0.02
85,3.7273,18.6583,1410,0.02
85,3.7378,19.0553,1440,0.02
85,3.7556,19.4523,1470,0.02
85,3.7584,19.8492,1500,0.02
85,3.774,20.2462,1530,0.02
85,3.7783,20.6432,1560,0.02
85,3.7906,21.0402,1590,0.02
85,3.8018,21.4372,1620,0.02
85,3.7982,21.8342,1650,0.02
85,3.8166,22.2312,1680,0.02
85,3.8196,22.6281,1710,0.02
85,3.8197,23.0251,1740,0.02
85,3.827,23.4221,1770,0.02
85,3.8472,23.8191,1800,0.02
85,3.8491,24.2161,1830,0.02
85,3.8544,24.6131,1860,0.02
85,3.8642,25.0101,1890,0.02
85,3.8614,25.407,1920,0.02
85,3.8736,25.804,1950,0.02
85,3.8837,26.201,1980,0.02
85,3.885,26.598,2010,0.02
85,3.8953,26.995,2040,0.02
85,3.9028,27.392,2070,0.02
85,3.9092,27.7889,2100,0.02
85,3.9077,28.1859,2130,0.02
85,3.9124,28.5829,2160,0.02
85,3.9193,28.9799,2190,0.02
85,3.9276,29.3769,2220,0.02
85,3.9387,29.7739,2250,0.02
85,3.9431,30.1709,2280,0.02
85,3.9486,30.5678,2310,0.02
85,3.9577,30.9648,2340,0.02
85,3.9545,31.3618,2370,0.02
85,3.9674,31.7588,2400,0.02
85,3.9674,32.1558,2430,0.02
85,3.9618,32.5528,2460,0.02
85,3.9672,32.9497,2490,0.02
85,3.9761,33.3467,2520,0.02
85,3.9875,33.7437,2550,0.02
85,3.9807,34.1407,2580,0.02
85,3.9845,34.5377,2610,0.02
85,3.9928,34.9347,2640,0.02
85,4.0074,35.3317,2670,0.02
85,3.9975,35.7286,2700,0.02
85,4.0111,36.1256,2730,0.02
85,4.0043,36.5226,2760,0.02
85,4.0116,36.9196,2790,0.02
85,4.0266,37.3166,2820,0.02
85,4.0258,37.7136,2850,0.02
85,4.02,38.1106,2880,0.02
85,4.0337,38.5075,2910,0.02
85,4.0397,38.9045,2940,0.02
85,4.0294,39.3015,2970,0.02
85,4.0316,39.6985,3000,0.02
85,4.0369,40.0955,3030,0.02
85,4.0424,40.4925,3060,0.02
85,4.0494,40.8894,3090,0.02
85,4.0527,41.2864,3120,0.02
85,4.0561,41.6834,3150,0.02
85,4.0643,42.0804,3180,0.02
85,4.0546,42.4774,3210,0.02
85,4.0672,42.8744,3240,0.02
85,4.0636,43.2714,3270,0.02
85,4.0735,43.6683,3300,0.02
85,4.0767,44.0653,3330,0.02
85,4.0784,44.4623,3360,0.02
85,4.0811,44.8593,3390,0.02
85,4.0774,45.2563,3420,0.02
85,4.0753,45.6533,3450,0.02
85,4.0906,46.0503,3480,0.02
85,4.0791,46.4472,3510,0.02
85,4.0861,46.8442,3540,0.02
85,4.092,47.2412,3570,0.02
85,4.0874,47.6382,3600,0.02
85,4.102,48.0352,3630,0.02
85,4.0956,48.4322,3660,0.02
85,4.099,48.8291,3690,0.02
85,4.1063,49.2261,3720,0.02
85,4.1073,49.6231,3750,0.02
85,4.1055,50.0201,3780,0.02
85,4.1051,50.4171,3810,0.02
85,4.1154,50.8141,3840,0.02
85,4.1126,51.2111,3870,0.02
85,4.1148,51.608,3900,0.02
85,4.1166,52.005,3930,0.02
85,4.1079,52.402,3960,0.02
85,4.1163,52.799,3990,0.02
85,4.1173,53.196,4020,0.02
85,4.1225,53.593,4050,0.02
85,4.1186,53.9899,4080,0.02
85,4.1233,54.3869,4110,0.02
85,4.1195,54.7839,4140,0.02
85,4.1226,55.1809,4170,0.02
85,4.1285,55.5779,4200,0.02
85,4.1362,55.9749,4230,0.02
85,4.137,56.3719,4260,0.02
85,4.138,56.7688,4290,0.02
85,4.1271,57.1658,4320,0.02
85,4.1385,57.5628,4350,0.02
85,4.1374,57.9598,4380,0.02
85,4.1415,58.3568,4410,0.02
85,4.1331,58.7538,4440,0.02
85,4.1412,59.1508,4470,0.02
85,4.1401,59.5477,4500,0.02
85,4.1426,59.9447,4530,0.02
85,4.1453,60.3417,4560,0.02
85,4.1414,60.7387,4590,0.02
85,4.1489,61.1357,4620,0.02
85,4.1398,61.5327,4650,0.02
85,4.1508,61.9296,4680,0.02
85,4.1457,62.3266,4710,0.02
85,4.1467,62.7236,4740,0.02
85,4.1555,63.1206,4770,0.02
85,4.1538,63.5176,4800,0.02
85,4.1594,63.9146,4830,0.02
85,4.1494,64.3116,4860,0.02
85,4.1537,64.7085,4890,0.02
85,4.1568,65.1055,4920,0.02
85,4.1635,65.5025,4950,0.02
85,4.1599,65.8995,4980,0.02
85,4.1578,66.2965,5010,0.02
85,4.162,66.6935,5040,0.02
85,4.1557,67.0905,5070,0.02
85,4.159,67.4874,5100,0.02
85,4.1564,67.8844,5130,0.02
85,4.1544,68.2814,5160,0.02
85,4.1646,68.6784,5190,0.02
85,4.17,69.0754,5220,0.02
85,4.17,69.4724,5250,0.02
85,4.1656,69.8693,5280,0.02
85,4.165,70.2663,5310,0.02
85,4.1704,70.6633,5340,0.02
85,4.1602,71.0603,5370,0.02
85,4.1691,71.4573,5400,0.02
85,4.1669,71.8543,5430,0.02
85,4.1757,72.2513,5460,0.02
85,4.1662,72.6482,5490,0.02
85,4.1752,73.0452,5520,0.02
85,4.1779,73.4422,5550,0.02
85,4.165,73.8392,5580,0.02
85,4.1726,74.2362,5610,0.02
85,4.1767,74.6332,5640,0.02
85,4.173,75.0302,5670,0.02
85,4.1803,75.4271,5700,0.02
85,4.175,75.8241,5730,0.02
85,4.182,76.2211,5760,0.02
85,4.1797,76.6181,5790,0.02
85,4.1729,77.0151,5820,0.02
85,4.1739,77.4121,5850,0.02
85,4.172,77.809,5880,0.02
85,4.1754,78.206,5910,0.02
85,4.1794,78.603,5940,0.02
85,4.1787,79.0,5970,0.02
86,3.0197,0.0,0,0.02
86,3.0332,0.3957,30,0.02
86,3.0527,0.7915,60,0.02
86,3.0822,1.1872,90,0.02
86,3.1227,1.5829,120,0.02
86,3.1414,1.9786,150,0.02
86,3.1575,2.3744,180,0.02
86,3.1633,2.7701,210,0.02
86,3.2062,3.1658,240,0.02
86,3.2111,3.5616,270,0.02
86,3.2049,3.9573,300,0.02
86,3.2263,4.353,330,0.02
86,3.235,4.7487,360,0.02
86,3.265,5.1445,390,0.02
86,3.2527,5.5402,420,0.02
86,3.2675,5.9359,450,0.02
86,3.3046,6.3317,480,0.02
86,3.3303,6.7274,510,0.02
86,3.3474,7.1231,540,0.02
86,3.3905,7.5188,570,0.02
86,3.4173,7.9146,600,0.02
86,3.4401,8.3103,630,0.02
86,3.4595,8.706,660,0.02
86,3.482,9.1018,690,0.02
86,3.4854,9.4975,720,0.02
86,3.4853,9.8932,750,0.02
86,3.512,10.2889,780,0.02
86,3.5154,10.6847,810,0.02
86,3.5013,11.0804,840,0.02
86,3.5122,11.4761,870,0.02
86,3.547,11.8719,900,0.02
86,3.5157,12.2676,930,0.02
86,3.5273,12.6633,960,0.02
86,3.5649,13.059,990,0.02
86,3.5752,13.4548,1020,0.02
86,3.5899,13.8505,1050,0.02
86,3.5914,14.2462,1080,0.02
86,3.6145,14.642,1110,0.02
86,3.6607,15.0377,1140,0.02
86,3.647,15.4334,1170,0.02
86,3.6707,15.8291,1200,0.02
86,3.6854,16.2249,1230,0.02
86,3.7191,16.6206,1260,0.02
86,3.7066,17.0163,1290,0.02
86,3.74,17.4121,1320,0.02
86,3.7217,17.8078,1350,0.02
86,3.7233,18.2035,1380,0.02
86,3.7386,18.5992,1410,0.02
86,3.719,18.995,1440,0.02
86,3.7469,19.3907,1470,0.02
86,3.7289,19.7864,1500,0.02
86,3.7537,20.1822,1530,0.02
86,3.7566,20.5779,1560,0.02
86,3.7414,20.9736,1590,0.02
86,3.7749,21.3693,1620,0.02
86,3.7732,21.7651,1650,0.02
86,3.8112,22.1608,1680,0.02
86,3.8051,22.5565,1710,0.02
86,3.8366,22.9523,1740,0.02
86,3.8543,23.348,1770,0.02
86,3.8613,23.7437,1800,0.02
86,3.8602,24.1394,1830,0.02
86,3.8853,24.5352,1860,0.02
86,3.8809,24.9309,1890,0.02
86,3.887,25.3266,1920,0.02
86,3.8867,25.7224,1950,0.02
86,3.8863,26.1181,1980,0.02
86,3.8629,26.5138,2010,0.02
86,3.8917,26.9095,2040,0.02
86,3.8947,27.3053,2070,0.02
86,3.869,27.701,2100,0.02
86,3.8715,28.0967,2130,0.02
86,3.8871,28.4925,2160,0.02
86,3.8952,28.8882,2190,0.02
86,3.9037,29.2839,2220,0.02
86,3.9123,29.6796,2250,0.02
86,3.9627,30.0754,2280,0.02
86,3.958,30.4711,2310,0.02
86,3.958,30.8668,2340,0.02
86,3.9639,31.2626,2370,0.02
86,3.9728,31.6583,2400,0.02
86,3.9983,32.054,2430,0.02
86,3.9821,32.4497,2460,0.02
86,3.9793,32.8455,2490,0.02
86,4.0034,33.2412,2520,0.02
86,3.9747,33.6369,2550,0.02
86,3.9879,34.0327,2580,0.02
86,3.9904,34.4284,2610,0.02
86,3.9657,34.8241,2640,0.02
86,3.9546,35.2198,2670,0.02
86,3.9733,35.6156,2700,0.02
86,3.989,36.0113,2730,0.02
86,3.9989,36.407,2760,0.02
86,3.988,36.8028,2790,0.02
86,4.0047,37.1985,2820,0.02
86,4.0166,37.5942,2850,0.02
86,4.0349,37.9899,2880,0.02
86,4.0447,38.3857,2910,0.02
86,4.0791,38.7814,2940,0.02
86,4.0826,39.1771,2970,0.02
86,4.0813,39.5729,3000,0.02
86,4.047,39.9686,3030,0.02
86,4.081,40.3643,3060,0.02
86,4.0498,40.7601,3090,0.02
86,4.0589,41.1558,3120,0.02
86,4.034,41.5515,3150,0.02
86,4.0282,41.9472,3180,0.02
86,4.0269,42.343,3210,0.02
86,4.0428,42.7387,3240,0.02
86,4.0223,43.1344,3270,0.02
86,4.0573,43.5302,3300,0.02
86,4.0525,43.9259,3330,0.02
86,4.066,44.3216,3360,0.02
86,4.065,44.7173,3390,0.02
86,4.1016,45.1131,3420,0.02
86,4.115,45.5088,3450,0.02
86,4.1044,45.9045,3480,0.02
86,4.1049,46.3003,3510,0.02
86,4.1194,46.696,3540,0.02
86,4.1091,47.0917,3570,0.02
86,4.1163,47.4874,3600,0.02
86,4.1056,47.8832,3630,0.02
86,4.0847,48.2789,3660,0.02
86,4.0936,48.6746,3690,0.02
86,4.0724,49.0704,3720,0.02
86,4.0663,49.4661,3750,0.02
86,4.0627,49.8618,3780,0.02
86,4.0962,50.2575,3810,0.02
86,4.0683,50.6533,3840,0.02
86,4.1024,51.049,3870,0.02
86,4.0917,51.4447,3900,0.02
86,4.0876,51.8405,3930,0.02
86,4.1215,52.2362,3960,0.02
86,4.1136,52.6319,3990,0.02
86,4.1364,53.0276,4020,0.02
86,4.1341,53.4234,4050,0.02
86,4.1381,53.8191,4080,0.02
86,4.1658,54.2148,4110,0.02
86,4.1371,54.6106,4140,0.02
86,4.1622,55.0063,4170,0.02
86,4.1596,55.402,4200,0.02
86,4.1493,55.7977,4230,0.02
86,4.11,56.1935,4260,0.02
86,4.128,56.5892,4290,0.02
86,4.1116,56.9849,4320,0.02
86,4.106,57.3807,4350,0.02
86,4.09,57.7764,4380,0.02
86,4.1185,58.1721,4410,0.02
86,4.1172,58.5678,4440,0.02
86,4.1259,58.9636,4470,0.02
86,4.132,59.3593,4500,0.02
86,4.1353,59.755,4530,0.02
86,4.1403,60.1508,4560,0.02
86,4.1511,60.5465,4590,0.02
86,4.1916,60.9422,4620,0.02
86,4.1577,61.3379,4650,0.02
86,4.1967,61.7337,4680,0.02
86,4.1717,62.1294,4710,0.02
86,4.1581,62.5251,4740,0.02
86,4.1433,62.9209,4770,0.02
86,4.1627,63.3166,4800,0.02
86,4.1414,63.7123,4830,0.02
86,4.1213,64.108,4860,0.02
86,4.1189,64.5038,4890,0.02
86,4.1329,64.8995,4920,0.02
86,4.1293,65.2952,4950,0.02
86,4.1152,65.691,4980,0.02
86,4.1246,66.0867,5010,0.02
86,4.1331,66.4824,5040,0.02
86,4.1346,66.8781,5070,0.02
86,4.176,67.2739,5100,0.02
86,4.1762,67.6696,5130,0.02
86,4.1912,68.0653,5160,0.02
86,4.2,68.4611,5190,0.02
86,4.2,68.8568,5220,0.02
86,4.1798,69.2525,5250,0.02
86,4.1906,69.6482,5280,0.02
86,4.1844,70.044,5310,0.02
86,4.1692,70.4397,5340,0.02
86,4.1815,70.8354,5370,0.02
86,4.177,71.2312,5400,0.02
86,4.1568,71.6269,5430,0.02
86,4.1425,72.0226,5460,0.02
86,4.1491,72.4183,5490,0.02
86,4.1568,72.8141,5520,0.02
86,4.1595,73.2098,5550,0.02
86,4.1298,73.6055,5580,0.02
86,4.1388,74.0013,5610,0.02
86,4.1771,74.397,5640,0.02
86,4.173,74.7927,5670,0.02
86,4.1912,75.1884,5700,0.02
86,4.2,75.5842,5730,0.02
86,4.1956,75.9799,5760,0.02
86,4.1942,76.3756,5790,0.02
86,4.1889,76.7714,5820,0.02
86,4.1873,77.1671,5850,0.02
86,4.1906,77.5628,5880,0.02
86,4.2,77.9585,5910,0.02
86,4.168,78.3543,5940,0.02
86,4.1857,78.75,5970,0.02
87,3.0,0.0,0,0.02
87,3.0162,0.3945,30,0.02
87,3.0416,0.7889,60,0.02
87,3.0645,1.1834,90,0.02
87,3.0876,1.5779,120,0.02
87,3.1118,1.9724,150,0.02
87,3.1307,2.3668,180,0.02
87,3.1574,2.7613,210,0.02
87,3.1835,3.1558,240,0.02
87,3.1951,3.5503,270,0.02
87,3.2223,3.9447,300,0.02
87,3.232,4.3392,330,0.02
87,3.2507,4.7337,360,0.02
87,3.2809,5.1281,390,0.02
87,3.2967,5.5226,420,0.02
87,3.3133,5.9171,450,0.02
87,3.3259,6.3116,480,0.02
87,3.3482,6.706,510,0.02
87,3.3715,7.1005,540,0.02
87,3.3857,7.495,570,0.02
87,3.3965,7.8894,600,0.02
87,3.4185,8.2839,630,0.02
87,3.431,8.6784,660,0.02
87,3.4383,9.0729,690,0.02
87,3.4607,9.4673,720,0.02
87,3.4686,9.8618,750,0.02
87,3.4893,10.2563,780,0.02
87,3.5101,10.6508,810,0.02
87,3.5111,11.0452,840,0.02
87,3.5325,11.4397,870,0.02
87,3.551,11.8342,900,0.02
87,3.5544,12.2286,930,0.02
87,3.5707,12.6231,960,0.02
87,3.5878,13.0176,990,0.02
87,3.5935,13.4121,1020,0.02
87,3.6109,13.8065,1050,0.02
87,3.6199,14.201,1080,0.02
87,3.622,14.5955,1110,0.02
87,3.647,14.9899,1140,0.02
87,3.6454,15.3844,1170,0.02
87,3.6661,15.7789,1200,0.02
87,3.6727,16.1734,1230,0.02
87,3.678,16.5678,1260,0.02
87,3.6926,16.9623,1290,0.02
87,3.7047,17.3568,1320,0.02
87,3.7204,17.7513,1350,0.02
87,3.7233,18.1457,1380,0.02
87,3.7305,18.5402,1410,0.02
87,3.7365,18.9347,1440,0.02
87,3.7488,19.3291,1470,0.02
87,3.7598,19.7236,1500,0.02
87,3.7634,20.1181,1530,0.02
87,3.7709,20.5126,1560,0.02
87,3.7859,20.907,1590,0.02
87,3.7927,21.3015,1620,0.02
87,3.8093,21.696,1650,0.02
87,3.8057,22.0905,1680,0.02
87,3.8179,22.4849,1710,0.02
87,3.8306,22.8794,1740,0.02
87,3.8282,23.2739,1770,0.02
87,3.8475,23.6683,1800,0.02
87,3.8493,24.0628,1830,0.02
87,3.8561,24.4573,1860,0.02
87,3.856,24.8518,1890,0.02
87,3.8642,25.2462,1920,0.02
87,3.8756,25.6407,1950,0.02
87,3.8825,26.0352,1980,0.02
87,3.8828,26.4296,2010,0.02
87,3.9011,26.8241,2040,0.02
87,3.897,27.2186,2070,0.02
87,3.8993,27.6131,2100,0.02
87,3.9119,28.0075,2130,0.02
87,3.9141,28.402,2160,0.02
87,3.9209,28.7965,2190,0.02
87,3.9354,29.191,2220,0.02
87,3.9421,29.5854,2250,0.02
87,3.943,29.9799,2280,0.02
87,3.9398,30.3744,2310,0.02
87,3.9529,30.7688,2340,0.02
87,3.9551,31.1633,2370,0.02
87,3.9624,31.5578,2400,0.02
87,3.9586,31.9523,2430,0.02
87,3.9615,32.3467,2460,0.02
87,3.9736,32.7412,2490,0.02
87,3.9793,33.1357,2520,0.02
87,3.9893,33.5302,2550,0.02
87,3.9861,33.9246,2580,0.02
87,3.9877,34.3191,2610,0.02
87,3.9989,34.7136,2640,0.02
87,3.9948,35.108,2670,0.02
87,3.9969,35.5025,2700,0.02
87,4.0042,35.897,2730,0.02
87,4.0128,36.2915,2760,0.02
87,4.0072,36.6859,2790,0.02
87,4.024,37.0804,2820,0.02
87,4.0177,37.4749,2850,0.02
87,4.0257,37.8693,2880,0.02
87,4.0221,38.2638,2910,0.02
87,4.0376,38.6583,2940,0.02
87,4.0351,39.0528,2970,0.02
87,4.0335,39.4472,3000,0.02
87,4.0465,39.8417,3030,0.02
87,4.0534,40.2362,3060,0.02
87,4.0411,40.6307,3090,0.02
87,4.0528,41.0251,3120,0.02
87,4.0613,41.4196,3150,0.02
87,4.0643,41.8141,3180,0.02
87,4.0602,42.2085,3210,0.02
87,4.0616,42.603,3240,0.02
87,4.0722,42.9975,3270,0.02
87,4.0661,43.392,3300,0.02
87,4.0653,43.7864,3330,0.02
87,4.0739,44.1809,3360,0.02
87,4.0759,44.5754,3390,0.02
87,4.0847,44.9698,3420,0.02
87,4.084,45.3643,3450,0.02
87,4.0809,45.7588,3480,0.02
87,4.083,46.1533,3510,0.02
87,4.0854,46.5477,3540,0.02
87,4.0896,46.9422,3570,0.02
87,4.0936,47.3367,3600,0.02
87,4.093,47.7312,3630,0.02
87,4.0946,48.1256,3660,0.02
87,4.1052,48.5201,3690,0.02
87,4.0992,48.9146,3720,0.02
87,4.1063,49.309,3750,0.02
87,4.0993,49.7035,3780,0.02
87,4.1079,50.098,3810,0.02
87,4.1128,50.4925,3840,0.02
87,4.108,50.8869,3870,0.02
87,4.1167,51.2814,3900,0.02
87,4.1151,51.6759,3930,0.02
87,4.1093,52.0704,3960,0.02
87,4.1202,52.4648,3990,0.02
87,4.116,52.8593,4020,0.02
87,4.1278,53.2538,4050,0.02
87,4.1299,53.6482,4080,0.02
87,4.1195,54.0427,4110,0.02
87,4.1289,54.4372,4140,0.02
87,4.1273,54.8317,4170,0.02
87,4.1348,55.2261,4200,0.02
87,4.1301,55.6206,4230,0.02
87,4.1382,56.0151,4260,0.02
87,4.1316,56.4095,4290,0.02
87,4.1287,56.804,4320,0.02
87,4.1289,57.1985,4350,0.02
87,4.1307,57.593,4380,0.02
87,4.1393,57.9874,4410,0.02
87,4.1372,58.3819,4440,0.02
87,4.1378,58.7764,4470,0.02
87,4.1462,59.1709,4500,0.02
87,4.139,59.5653,4530,0.02
87,4.1427,59.9598,4560,0.02
87,4.1524,60.3543,4590,0.02
87,4.1458,60.7487,4620,0.02
87,4.1541,61.1432,4650,0.02
87,4.1518,61.5377,4680,0.02
87,4.1496,61.9322,4710,0.02
87,4.1526,62.3266,4740,0.02
87,4.1477,62.7211,4770,0.02
87,4.1441,63.1156,4800,0.02
87,4.1571,63.5101,4830,0.02
87,4.1513,63.9045,4860,0.02
87,4.1569,64.299,4890,0.02
87,4.1634,64.6935,4920,0.02
87,4.1573,65.0879,4950,0.02
87,4.152,65.4824,4980,0.02
87,4.1558,65.8769,5010,0.02
87,4.1576,66.2714,5040,0.02
87,4.1677,66.6658,5070,0.02
87,4.1598,67.0603,5100,0.02
87,4.162,67.4548,5130,0.02
87,4.1552,67.8492,5160,0.02
87,4.1677,68.2437,5190,0.02
87,4.1581,68.6382,5220,0.02
87,4.1604,69.0327,5250,0.02
87,4.1608,69.4271,5280,0.02
87,4.1704,69.8216,5310,0.02
87,4.1686,70.2161,5340,0.02
87,4.1689,70.6106,5370,0.02
87,4.1701,71.005,5400,0.02
87,4.1756,71.3995,5430,0.02
87,4.1714,71.794,5460,0.02
87,4.175,72.1884,5490,0.02
87,4.1771,72.5829,5520,0.02
87,4.1666,72.9774,5550,0.02
87,4.1683,73.3719,5580,0.02
87,4.1786,73.7663,5610,0.02
87,4.1725,74.1608,5640,0.02
87,4.1808,74.5553,5670,0.02
87,4.1675,74.9497,5700,0.02
87,4.1725,75.3442,5730,0.02
87,4.1744,75.7387,5760,0.02
87,4.1744,76.1332,5790,0.02
87,4.1741,76.5276,5820,0.02
87,4.1684,76.9221,5850,0.02
87,4.1842,77.3166,5880,0.02
87,4.1804,77.7111,5910,0.02
87,4.1752,78.1055,5940,0.02
87,4.1818,78.5,5970,0.02
88,3.0,0.0,0,0.02
88,3.0299,0.3932,30,0.02
88,3.0433,0.7864,60,0.02
88,3.0704,1.1796,90,0.02
88,3.0988,1.5729,120,0.02
88,3.1216,1.9661,150,0.02
88,3.1414,2.3593,180,0.02
88,3.163,2.7525,210,0.02
88,3.1728,3.1457,240,0.02
88,3.2001,3.5389,270,0.02
88,3.2124,3.9322,300,0.02
88,3.237,4.3254,330,0.02
88,3.2612,4.7186,360,0.02
88,3.2822,5.1118,390,0.02
88,3.2937,5.505,420,0.02
88,3.3178,5.8982,450,0.02
88,3.3355,6.2915,480,0.02
88,3.3429,6.6847,510,0.02
88,3.3582,7.0779,540,0.02
88,3.3787,7.4711,570,0.02
88,3.3968,7.8643,600,0.02
88,3.4204,8.2575,630,0.02
88,3.4317,8.6508,660,0.02
88,3.4434,9.044,690,0.02
88,3.46,9.4372,720,0.02
88,3.4683,9.8304,750,0.02
88,3.4888,10.2236,780,0.02
88,3.4969,10.6168,810,0.02
88,3.5176,11.0101,840,0.02
88,3.5338,11.4033,870,0.02
88,3.5475,11.7965,900,0.02
88,3.5606,12.1897,930,0.02
88,3.5677,12.5829,960,0.02
88,3.5843,12.9761,990,0.02
88,3.5881,13.3693,1020,0.02
88,3.6129,13.7626,1050,0.02
88,3.6188,14.1558,1080,0.02
88,3.6243,14.549,1110,0.02
88,3.6415,14.9422,1140,0.02
88,3.6469,15.3354,1170,0.02
88,3.658,15.7286,1200,0.02
88,3.6812,16.1219,1230,0.02
88,3.6859,16.5151,1260,0.02
88,3.6887,16.9083,1290,0.02
88,3.7034,17.3015,1320,0.02
88,3.7095,17.6947,1350,0.02
88,3.7303,18.0879,1380,0.02
88,3.7348,18.4812,1410,0.02
88,3.7348,18.8744,1440,0.02
88,3.7455,19.2676,1470,0.02
88,3.7667,19.6608,1500,0.02
88,3.7638,20.054,1530,0.02
88,3.7733,20.4472,1560,0.02
88,3.7911,20.8405,1590,0.02
88,3.7955,21.2337,1620,0.02
88,3.809,21.6269,1650,0.02
88,3.8148,22.0201,1680,0.02
88,3.8132,22.4133,1710,0.02
88,3.8276,22.8065,1740,0.02
88,3.8277,23.1997,1770,0.02
88,3.8406,23.593,1800,0.02
88,3.855,23.9862,1830,0.02
88,3.8607,24.3794,1860,0.02
88,3.8576,24.7726,1890,0.02
88,3.8763,25.1658,1920,0.02
88,3.8715,25.559,1950,0.02
88,3.8839,25.9523,1980,0.02
88,3.8897,26.3455,2010,0.02
88,3.9011,26.7387,2040,0.02
88,3.9081,27.1319,2070,0.02
88,3.9132,27.5251,2100,0.02
88,3.9113,27.9183,2130,0.02
88,3.9143,28.3116,2160,0.02
88,3.9177,28.7048,2190,0.02
88,3.9346,29.098,2220,0.02
88,3.9375,29.4912,2250,0.02
88,3.9394,29.8844,2280,0.02
88,3.9375,30.2776,2310,0.02
88,3.9448,30.6709,2340,0.02
88,3.9529,31.0641,2370,0.02
88,3.9533,31.4573,2400,0.02
88,3.9646,31.8505,2430,0.02
88,3.9739,32.2437,2460,0.02
88,3.9783,32.6369,2490,0.02
88,3.9786,33.0302,2520,0.02
88,3.9825,33.4234,2550,0.02
88,3.9865,33.8166,2580,0.02
88,3.9918,34.2098,2610,0.02
88,3.9962,34.603,2640,0.02
88,3.9972,34.9962,2670,0.02
88,4.0065,35.3894,2700,0.02
88,4.0125,35.7827,2730,0.02
88,4.0114,36.1759,2760,0.02
88,4.0148,36.5691,2790,0.02
88,4.014,36.9623,2820,0.02
88,4.0219,37.3555,2850,0.02
88,4.0184,37.7487,2880,0.02
88,4.0287,38.142,2910,0.02
88,4.0315,38.5352,2940,0.02
88,4.0389,38.9284,2970,0.02
88,4.0412,39.3216,3000,0.02
88,4.0368,39.7148,3030,0.02
88,4.0511,40.108,3060,0.02
88,4.0414,40.5013,3090,0.02
88,4.0564,40.8945,3120,0.02
88,4.0538,41.2877,3150,0.02
88,4.0594,41.6809,3180,0.02
88,4.0647,42.0741,3210,0.02
88,4.0634,42.4673,3240,0.02
88,4.0679,42.8606,3270,0.02
88,4.0752,43.2538,3300,0.02
88,4.0764,43.647,3330,0.02
88,4.0671,44.0402,3360,0.02
88,4.0694,44.4334,3390,0.02
88,4.0714,44.8266,3420,0.02
88,4.0817,45.2198,3450,0.02
88,4.0881,45.6131,3480,0.02
88,4.0796,46.0063,3510,0.02
88,4.0927,46.3995,3540,0.02
88,4.0843,46.7927,3570,0.02
88,4.0852,47.1859,3600,0.02
88,4.1011,47.5791,3630,0.02
88,4.0899,47.9724,3660,0.02
88,4.0943,48.3656,3690,0.02
88,4.1085,48.7588,3720,0.02
88,4.1059,49.152,3750,0.02
88,4.1039,49.5452,3780,0.02
88,4.1027,49.9384,3810,0.02
88,4.1075,50.3317,3840,0.02
88,4.108,50.7249,3870,0.02
88,4.1063,51.1181,3900,0.02
88,4.1162,51.5113,3930,0.02
88,4.1189,51.9045,3960,0.02
88,4.1211,52.2977,3990,0.02
88,4.125,52.691,4020,0.02
88,4.1248,53.0842,4050,0.02
88,4.1169,53.4774,4080,0.02
88,4.1271,53.8706,4110,0.02
88,4.1242,54.2638,4140,0.02
88,4.1233,54.657,4170,0.02
88,4.1267,55.0503,4200,0.02
88,4.1284,55.4435,4230,0.02
88,4.1281,55.8367,4260,0.02
88,4.1322,56.2299,4290,0.02
88,4.1378,56.6231,4320,0.02
88,4.1317,57.0163,4350,0.02
88,4.1387,57.4095,4380,0.02
88,4.1328,57.8028,4410,0.02
88,4.1379,58.196,4440,0.02
88,4.1418,58.5892,4470,0.02
88,4.1404,58.9824,4500,0.02
88,4.147,59.3756,4530,0.02
88,4.1422,59.7688,4560,0.02
88,4.1487,60.1621,4590,0.02
88,4.1437,60.5553,4620,0.02
88,4.1409,60.9485,4650,0.02
88,4.1503,61.3417,4680,0.02
88,4.1509,61.7349,4710,0.02
88,4.1441,62.1281,4740,0.02
88,4.1528,62.5214,4770,0.02
88,4.1502,62.9146,4800,0.02
88,4.1488,63.3078,4830,0.02
88,4.1583,63.701,4860,0.02
88,4.1468,64.0942,4890,0.02
88,4.1608,64.4874,4920,0.02
88,4.1542,64.8807,4950,0.02
88,4.1653,65.2739,4980,0.02
88,4.1615,65.6671,5010,0.02
88,4.1635,66.0603,5040,0.02
88,4.1556,66.4535,5070,0.02
88,4.1671,66.8467,5100,0.02
88,4.1616,67.2399,5130,0.02
88,4.1562,67.6332,5160,0.02
88,4.1703,68.0264,5190,0.02
88,4.1639,68.4196,5220,0.02
88,4.1646,68.8128,5250,0.02
88,4.1614,69.206,5280,0.02
88,4.1683,69.5992,5310,0.02
88,4.1613,69.9925,5340,0.02
88,4.1665,70.3857,5370,0.02
88,4.1749,70.7789,5400,0.02
88,4.1664,71.1721,5430,0.02
88,4.1669,71.5653,5460,0.02
88,4.1737,71.9585,5490,0.02
88,4.1736,72.3518,5520,0.02
88,4.1774,72.745,5550,0.02
88,4.1728,73.1382,5580,0.02
88,4.1647,73.5314,5610,0.02
88,4.1696,73.9246,5640,0.02
88,4.174,74.3178,5670,0.02
88,4.1769,74.7111,5700,0.02
88,4.1732,75.1043,5730,0.02
88,4.1739,75.4975,5760,0.02
88,4.1741,75.8907,5790,0.02
88,4.173,76.2839,5820,0.02
88,4.1781,76.6771,5850,0.02
88,4.1699,77.0704,5880,0.02
88,4.1744,77.4636,5910,0.02
88,4.178,77.8568,5940,0.02
88,4.1847,78.25,5970,0.02
89,3.0006,0.0,0,0.02
89,3.0194,0.392,30,0.02
89,3.0546,0.7839,60,0.02
89,3.0645,1.1759,90,0.02
89,3.0857,1.5678,120,0.02
89,3.1169,1.9598,150,0.02
89,3.1295,2.3518,180,0.02
89,3.1546,2.7437,210,0.02
89,3.1705,3.1357,240,0.02
89,3.1976,3.5276,270,0.02
89,3.2126,3.9196,300,0.02
89,3.2325,4.3116,330,0.02
89,3.256,4.7035,360,0.02
89,3.2696,5.0955,390,0.02
89,3.2875,5.4874,420,0.02
89,3.3116,5.8794,450,0.02
89,3.322,6.2714,480,0.02
89,3.3496,6.6633,510,0.02
89,3.3621,7.0553,540,0.02
89,3.388,7.4472,570,0.02
89,3.3915,7.8392,600,0.02
89,3.4186,8.2312,630,0.02
89,3.4359,8.6231,660,0.02
89,3.4442,9.0151,690,0.02
89,3.4669,9.407,720,0.02
89,3.4725,9.799,750,0.02
89,3.4807,10.191,780,0.02
89,3.496,10.5829,810,0.02
89,3.5182,10.9749,840,0.02
89,3.5272,11.3668,870,0.02
89,3.5432,11.7588,900,0.02
89,3.5563,12.1508,930,0.02
89,3.5732,12.5427,960,0.02
89,3.5801,12.9347,990,0.02
89,3.5942,13.3266,1020,0.02
89,3.6019,13.7186,1050,0.02
89,3.6223,14.1106,1080,0.02
89,3.6226,14.5025,1110,0.02
89,3.6463,14.8945,1140,0.02
89,3.6569,15.2864,1170,0.02
89,3.6564,15.6784,1200,0.02
89,3.6712,16.0704,1230,0.02
89,3.6801,16.4623,1260,0.02
89,3.6982,16.8543,1290,0.02
89,3.7101,17.2462,1320,0.02
89,3.7167,17.6382,1350,0.02
89,3.7177,18.0302,1380,0.02
89,3.739,18.4221,1410,0.02
89,3.7407,18.8141,1440,0.02
89,3.7492,19.206,1470,0.02
89,3.7563,19.598,1500,0.02
89,3.7637,19.9899,1530,0.02
89,3.7729,20.3819,1560,0.02
89,3.7794,20.7739,1590,0.02
89,3.7884,21.1658,1620,0.02
89,3.8101,21.5578,1650,0.02
89,3.8164,21.9497,1680,0.02
89,3.8126,22.3417,1710,0.02
89,3.8223,22.7337,1740,0.02
89,3.8307,23.1256,1770,0.02
89,3.84,23.5176,1800,0.02
89,3.8546,23.9095,1830,0.02
89,3.8543,24.3015,1860,0.02
89,3.8638,24.6935,1890,0.02
89,3.8729,25.0854,1920,0.02
89,3.8734,25.4774,1950,0.02
89,3.8809,25.8693,1980,0.02
89,3.8822,26.2613,2010,0.02
89,3.8871,26.6533,2040,0.02
89,3.9076,27.0452,2070,0.02
89,3.9098,27.4372,2100,0.02
89,3.9077,27.8291,2130,0.02
89,3.9245,28.2211,2160,0.02
89,3.9241,28.6131,2190,0.02
89,3.933,29.005,2220,0.02
89,3.9348,29.397,2250,0.02
89,3.9422,29.7889,2280,0.02
89,3.9464,30.1809,2310,0.02
89,3.9517,30.5729,2340,0.02
89,3.9555,30.9648,2370,0.02
89,3.9629,31.3568,2400,0.02
89,3.9591,31.7487,2430,0.02
89,3.9702,32.1407,2460,0.02
89,3.9672,32.5327,2490,0.02
89,3.971,32.9246,2520,0.02
89,3.9842,33.3166,2550,0.02
89,3.9822,33.7085,2580,0.02
89,3.9832,34.1005,2610,0.02
89,3.995,34.4925,2640,0.02
89,4.0065,34.8844,2670,0.02
89,4.0082,35.2764,2700,0.02
89,4.0076,35.6683,2730,0.02
89,4.0067,36.0603,2760,0.02
89,4.0092,36.4523,2790,0.02
89,4.0196,36.8442,2820,0.02
89,4.0168,37.2362,2850,0.02
89,4.0217,37.6281,2880,0.02
89,4.0326,38.0201,2910,0.02
89,4.0278,38.4121,2940,0.02
89,4.0305,38.804,2970,0.02
89,4.0329,39.196,3000,0.02
89,4.0475,39.5879,3030,0.02
89,4.0486,39.9799,3060,0.02
89,4.0462,40.3719,3090,0.02
89,4.0472,40.7638,3120,0.02
89,4.0602,41.1558,3150,0.02
89,4.0621,41.5477,3180,0.02
89,4.0606,41.9397,3210,0.02
89,4.0683,42.3317,3240,0.02
89,4.0592,42.7236,3270,0.02
89,4.0608,43.1156,3300,0.02
89,4.0742,43.5075,3330,0.02
89,4.0675,43.8995,3360,0.02
89,4.0765,44.2915,3390,0.02
89,4.0836,44.6834,3420,0.02
89,4.0744,45.0754,3450,0.02
89,4.0782,45.4673,3480,0.02
89,4.0885,45.8593,3510,0.02
89,4.0826,46.2513,3540,0.02
89,4.0937,46.6432,3570,0.02
89,4.0957,47.0352,3600,0.02
89,4.0897,47.4271,3630,0.02
89,4.0959,47.8191,3660,0.02
89,4.0937,48.2111,3690,0.02
89,4.1009,48.603,3720,0.02
89,4.0972,48.995,3750,0.02
89,4.1115,49.3869,3780,0.02
89,4.1105,49.7789,3810,0.02
89,4.1124,50.1709,3840,0.02
89,4.1148,50.5628,3870,0.02
89,4.1167,50.9548,3900,0.02
89,4.1112,51.3467,3930,0.02
89,4.109,51.7387,3960,0.02
89,4.1252,52.1307,3990,0.02
89,4.1199,52.5226,4020,0.02
89,4.1146,52.9146,4050,0.02
89,4.1209,53.3065,4080,0.02
89,4.1175,53.6985,4110,0.02
89,4.1312,54.0905,4140,0.02
89,4.1272,54.4824,4170,0.02
89,4.1283,54.8744,4200,0.02
89,4.1339,55.2663,4230,0.02
89,4.1301,55.6583,4260,0.02
89,4.1244,56.0503,4290,0.02
89,4.1378,56.4422,4320,0.02
89,4.1298,56.8342,4350,0.02
89,4.1323,57.2261,4380,0.02
89,4.1303,57.6181,4410,0.02
89,4.1345,58.0101,4440,0.02
89,4.1477,58.402,4470,0.02
89,4.1483,58.794,4500,0.02
89,4.1457,59.1859,4530,0.02
89,4.1505,59.5779,4560,0.02
89,4.1366,59.9698,4590,0.02
89,4.149,60.3618,4620,0.02
89,4.1507,60.7538,4650,0.02
89,4.1426,61.1457,4680,0.02
89,4.1459,61.5377,4710,0.02
89,4.144,61.9296,4740,0.02
89,4.1439,62.3216,4770,0.02
89,4.1471,62.7136,4800,0.02
89,4.1539,63.1055,4830,0.02
89,4.1471,63.4975,4860,0.02
89,4.1585,63.8894,4890,0.02
89,4.1597,64.2814,4920,0.02
89,4.1592,64.6734,4950,0.02
89,4.1651,65.0653,4980,0.02
89,4.1653,65.4573,5010,0.02
89,4.1588,65.8492,5040,0.02
89,4.1652,66.2412,5070,0.02
89,4.161,66.6332,5100,0.02
89,4.1626,67.0251,5130,0.02
89,4.1611,67.4171,5160,0.02
89,4.1622,67.809,5190,0.02
89,4.1674,68.201,5220,0.02
89,4.1705,68.593,5250,0.02
89,4.1643,68.9849,5280,0.02
89,4.1665,69.3769,5310,0.02
89,4.1586,69.7688,5340,0.02
89,4.1626,70.1608,5370,0.02
89,4.1625,70.5528,5400,0.02
89,4.1623,70.9447,5430,0.02
89,4.1677,71.3367,5460,0.02
89,4.1687,71.7286,5490,0.02
89,4.175,72.1206,5520,0.02
89,4.1733,72.5126,5550,0.02
89,4.1706,72.9045,5580,0.02
89,4.1773,73.2965,5610,0.02
89,4.1717,73.6884,5640,0.02
89,4.1779,74.0804,5670,0.02
89,4.1762,74.4724,5700,0.02
89,4.1679,74.8643,5730,0.02
89,4.1744,75.2563,5760,0.02
89,4.1745,75.6482,5790,0.02
89,4.1739,76.0402,5820,0.02
89,4.1784,76.4322,5850,0.02
89,4.1738,76.8241,5880,0.02
89,4.1731,77.2161,5910,0.02
89,4.1824,77.608,5940,0.02
89,4.1852,78.0,5970,0.02
90,3.0,0.0,0,0.02
90,3.0275,0.3907,30,0.02
90,3.0462,0.7814,60,0.02
90,3.078,1.1721,90,0.02
90,3.0919,1.5628,120,0.02
90,3.1221,1.9535,150,0.02
90,3.139,2.3442,180,0.02
90,3.1576,2.7349,210,0.02
90,3.1859,3.1256,240,0.02
90,3.2054,3.5163,270,0.02
90,3.2145,3.907,300,0.02
90,3.2311,4.2977,330,0.02
90,3.2498,4.6884,360,0.02
90,3.2715,5.0791,390,0.02
90,3.2873,5.4698,420,0.02
90,3.3121,5.8606,450,0.02
90,3.3313,6.2513,480,0.02
90,3.3473,6.642,510,0.02
90,3.3697,7.0327,540,0.02
90,3.376,7.4234,570,0.02
90,3.3901,7.8141,600,0.02
90,3.409,8.2048,630,0.02
90,3.4304,8.5955,660,0.02
90,3.4469,8.9862,690,0.02
90,3.4538,9.3769,720,0.02
90,3.4804,9.7676,750,0.02
90,3.4852,10.1583,780,0.02
90,3.4967,10.549,810,0.02
90,3.5192,10.9397,840,0.02
90,3.5281,11.3304,870,0.02
90,3.5462,11.7211,900,0.02
90,3.5531,12.1118,930,0.02
90,3.5665,12.5025,960,0.02
90,3.5744,12.8932,990,0.02
90,3.5972,13.2839,1020,0.02
90,3.6058,13.6746,1050,0.02
90,3.6138,14.0653,1080,0.02
90,3.6334,14.456,1110,0.02
90,3.6482,14.8467,1140,0.02
90,3.6511,15.2374,1170,0.02
90,3.6601,15.6281,1200,0.02
90,3.6806,16.0188,1230,0.02
90,3.69,16.4095,1260,0.02
90,3.687,16.8003,1290,0.02
90,3.7023,17.191,1320,0.02
90,3.7165,17.5817,1350,0.02
90,3.7254,17.9724,1380,0.02
90,3.7263,18.3631,1410,0.02
90,3.7393,18.7538,1440,0.02
90,3.7503,19.1445,1470,0.02
90,3.7646,19.5352,1500,0.02
90,3.7628,19.9259,1530,0.02
90,3.7749,20.3166,1560,0.02
90,3.7925,20.7073,1590,0.02
90,3.7877,21.098,1620,0.02
90,3.8098,21.4887,1650,0.02
90,3.8051,21.8794,1680,0.02
90,3.8112,22.2701,1710,0.02
90,3.8303,22.6608,1740,0.02
90,3.832,23.0515,1770,0.02
90,3.8468,23.4422,1800,0.02
90,3.8529,23.8329,1830,0.02
90,3.8478,24.2236,1860,0.02
90,3.8579,24.6143,1890,0.02
90,3.8696,25.005,1920,0.02
90,3.8769,25.3957,1950,0.02
90,3.8841,25.7864,1980,0.02
90,3.8924,26.1771,2010,0.02
90,3.8897,26.5678,2040,0.02
90,3.9061,26.9585,2070,0.02
90,3.8991,27.3492,2100,0.02
90,3.9057,27.7399,2130,0.02
90,3.9245,28.1307,2160,0.02
90,3.9206,28.5214,2190,0.02
90,3.9243,28.9121,2220,0.02
90,3.9413,29.3028,2250,0.02
90,3.9383,29.6935,2280,0.02
90,3.9423,30.0842,2310,0.02
90,3.9537,30.4749,2340,0.02
90,3.9566,30.8656,2370,0.02
90,3.9652,31.2563,2400,0.02
90,3.966,31.647,2430,0.02
90,3.9694,32.0377,2460,0.02
90,3.9663,32.4284,2490,0.02
90,3.9758,32.8191,2520,0.02
90,3.9788,33.2098,2550,0.02
90,3.9802,33.6005,2580,0.02
90,3.997,33.9912,2610,0.02
90,3.9984,34.3819,2640,0.02
90,3.999,34.7726,2670,0.02
90,4.0049,35.1633,2700,0.02
90,4.008,35.554,2730,0.02
90,4.0124,35.9447,2760,0.02
90,4.0159,36.3354,2790,0.02
90,4.0119,36.7261,2820,0.02
90,4.0293,37.1168,2850,0.02
90,4.0236,37.5075,2880,0.02
90,4.0272,37.8982,2910,0.02
90,4.0272,38.2889,2940,0.02
90,4.0362,38.6796,2970,0.02
90,4.0315,39.0704,3000,0.02
90,4.0371,39.4611,3030,0.02
90,4.0433,39.8518,3060,0.02
90,4.0423,40.2425,3090,0.02
90,4.0576,40.6332,3120,0.02
90,4.0613,41.0239,3150,0.02
90,4.0637,41.4146,3180,0.02
90,4.0524,41.8053,3210,0.02
90,4.0689,42.196,3240,0.02
90,4.0617,42.5867,3270,0.02
90,4.0644,42.9774,3300,0.02
90,4.0711,43.3681,3330,0.02
90,4.0667,43.7588,3360,0.02
90,4.069,44.1495,3390,0.02
90,4.0798,44.5402,3420,0.02
90,4.0785,44.9309,3450,0.02
90,4.0759,45.3216,3480,0.02
90,4.0935,45.7123,3510,0.02
90,4.0952,46.103,3540,0.02
90,4.0942,46.4937,3570,0.02
90,4.0987,46.8844,3600,0.02
90,4.088,47.2751,3630,0.02
90,4.1039,47.6658,3660,0.02
90,4.104,48.0565,3690,0.02
90,4.0962,48.4472,3720,0.02
90,4.1081,48.8379,3750,0.02
90,4.0967,49.2286,3780,0.02
90,4.1048,49.6193,3810,0.02
90,4.1098,50.0101,3840,0.02
90,4.1136,50.4008,3870,0.02
90,4.1178,50.7915,3900,0.02
90,4.1157,51.1822,3930,0.02
90,4.1207,51.5729,3960,0.02
90,4.1124,51.9636,3990,0.02
90,4.122,52.3543,4020,0.02
90,4.1197,52.745,4050,0.02
90,4.1266,53.1357,4080,0.02
90,4.1301,53.5264,4110,0.02
90,4.1321,53.9171,4140,0.02
90,4.1292,54.3078,4170,0.02
90,4.1339,54.6985,4200,0.02
90,4.1259,55.0892,4230,0.02
90,4.1289,55.4799,4260,0.02
90,4.1343,55.8706,4290,0.02
90,4.1383,56.2613,4320,0.02
90,4.1319,56.652,4350,0.02
90,4.1441,57.0427,4380,0.02
90,4.1417,57.4334,4410,0.02
90,4.1369,57.8241,4440,0.02
90,4.1413,58.2148,4470,0.02
90,4.1366,58.6055,4500,0.02
90,4.1403,58.9962,4530,0.02
90,4.1478,59.3869,4560,0.02
90,4.1469,59.7776,4590,0.02
90,4.1402,60.1683,4620,0.02
90,4.1412,60.559,4650,0.02
90,4.1473,60.9497,4680,0.02
90,4.1497,61.3405,4710,0.02
90,4.1563,61.7312,4740,0.02
90,4.1546,62.1219,4770,0.02
90,4.1515,62.5126,4800,0.02
90,4.1559,62.9033,4830,0.02
90,4.151,63.294,4860,0.02
90,4.1506,63.6847,4890,0.02
90,4.1482,64.0754,4920,0.02
90,4.1528,64.4661,4950,0.02
90,4.1524,64.8568,4980,0.02
90,4.1505,65.2475,5010,0.02
90,4.1607,65.6382,5040,0.02
90,4.1656,66.0289,5070,0.02
90,4.1592,66.4196,5100,0.02
90,4.1663,66.8103,5130,0.02
90,4.1592,67.201,5160,0.02
90,4.1588,67.5917,5190,0.02
90,4.1635,67.9824,5220,0.02
90,4.1618,68.3731,5250,0.02
90,4.1684,68.7638,5280,0.02
90,4.1611,69.1545,5310,0.02
90,4.1712,69.5452,5340,0.02
90,4.1682,69.9359,5370,0.02
90,4.1686,70.3266,5400,0.02
90,4.172,70.7173,5430,0.02
90,4.1697,71.108,5460,0.02
90,4.1761,71.4987,5490,0.02
90,4.1755,71.8894,5520,0.02
90,4.1686,72.2802,5550,0.02
90,4.1705,72.6709,5580,0.02
90,4.1715,73.0616,5610,0.02
90,4.1738,73.4523,5640,0.02
90,4.1788,73.843,5670,0.02
90,4.1714,74.2337,5700,0.02
90,4.1724,74.6244,5730,0.02
90,4.1753,75.0151,5760,0.02
90,4.172,75.4058,5790,0.02
90,4.1682,75.7965,5820,0.02
90,4.1724,76.1872,5850,0.02
90,4.1805,76.5779,5880,0.02
90,4.1815,76.9686,5910,0.02
90,4.1796,77.3593,5940,0.02
90,4.1737,77.75,5970,0.02
91,3.0,0.0,0,0.02
91,3.03,0.3894,30,0.02
91,3.0533,0.7789,60,0.02
91,3.0731,1.1683,90,0.02
91,3.0897,1.5578,120,0.02
91,3.1124,1.9472,150,0.02
91,3.136,2.3367,180,0.02
91,3.1589,2.7261,210,0.02
91,3.1728,3.1156,240,0.02
91,3.2005,3.505,270,0.02
91,3.2227,3.8945,300,0.02
91,3.2351,4.2839,330,0.02
91,3.259,4.6734,360,0.02
91,3.2773,5.0628,390,0.02
91,3.2982,5.4523,420,0.02
91,3.318,5.8417,450,0.02
91,3.3239,6.2312,480,0.02
91,3.3502,6.6206,510,0.02
91,3.3689,7.0101,540,0.02
91,3.3739,7.3995,570,0.02
91,3.4036,7.7889,600,0.02
91,3.4062,8.1784,630,0.02
91,3.4257,8.5678,660,0.02
91,3.4442,8.9573,690,0.02
91,3.464,9.3467,720,0.02
91,3.4661,9.7362,750,0.02
91,3.4838,10.1256,780,0.02
91,3.4954,10.5151,810,0.02
91,3.5117,10.9045,840,0.02
91,3.5279,11.294,870,0.02
91,3.5405,11.6834,900,0.02
91,3.5571,12.0729,930,0.02
91,3.564,12.4623,960,0.02
91,3.5858,12.8518,990,0.02
91,3.5899,13.2412,1020,0.02
91,3.6089,13.6307,1050,0.02
91,3.6115,14.0201,1080,0.02
91,3.6232,14.4095,1110,0.02
91,3.643,14.799,1140,0.02
91,3.6539,15.1884,1170,0.02
91,3.6553,15.5779,1200,0.02
91,3.6713,15.9673,1230,0.02
91,3.679,16.3568,1260,0.02
91,3.6929,16.7462,1290,0.02
91,3.7034,17.1357,1320,0.02
91,3.7064,17.5251,1350,0.02
91,3.7307,17.9146,1380,0.02
91,3.738,18.304,1410,0.02
91,3.7354,18.6935,1440,0.02
91,3.7439,19.0829,1470,0.02
91,3.7655,19.4724,1500,0.02
91,3.7754,19.8618,1530,0.02
91,3.7835,20.2513,1560,0.02
91,3.7898,20.6407,1590,0.02
91,3.7948,21.0302,1620,0.02
91,3.8003,21.4196,1650,0.02
91,3.8162,21.809,1680,0.02
91,3.8184,22.1985,1710,0.02
91,3.8331,22.5879,1740,0.02
91,3.8389,22.9774,1770,0.02
91,3.8468,23.3668,1800,0.02
91,3.8476,23.7563,1830,0.02
91,3.8533,24.1457,1860,0.02
91,3.8618,24.5352,1890,0.02
91,3.8675,24.9246,1920,0.02
91,3.8789,25.3141,1950,0.02
91,3.8804,25.7035,1980,0.02
91,3.8879,26.093,2010,0.02
91,3.8945,26.4824,2040,0.02
91,3.9078,26.8719,2070,0.02
91,3.9054,27.2613,2100,0.02
91,3.92,27.6508,2130,0.02
91,3.9133,28.0402,2160,0.02
91,3.9313,28.4296,2190,0.02
91,3.9231,28.8191,2220,0.02
91,3.9288,29.2085,2250,0.02
91,3.946,29.598,2280,0.02
91,3.9475,29.9874,2310,0.02
91,3.9478,30.3769,2340,0.02
91,3.9554,30.7663,2370,0.02
91,3.9529,31.1558,2400,0.02
91,3.9566,31.5452,2430,0.02
91,3.9736,31.9347,2460,0.02
91,3.9793,32.3241,2490,0.02
91,3.9825,32.7136,2520,0.02
91,3.9808,33.103,2550,0.02
91,3.9886,33.4925,2580,0.02
91,3.9933,33.8819,2610,0.02
91,3.9995,34.2714,2640,0.02
91,3.9969,34.6608,2670,0.02
91,4.0062,35.0503,2700,0.02
91,4.0087,35.4397,2730,0.02
91,4.0057,35.8291,2760,0.02
91,4.0135,36.2186,2790,0.02
91,4.0189,36.608,2820,0.02
91,4.019,36.9975,2850,0.02
91,4.0304,37.3869,2880,0.02
91,4.0222,37.7764,2910,0.02
91,4.0311,38.1658,2940,0.02
91,4.0345,38.5553,2970,0.02
91,4.0395,38.9447,3000,0.02
91,4.0433,39.3342,3030,0.02
91,4.0419,39.7236,3060,0.02
91,4.0485,40.1131,3090,0.02
91,4.0529,40.5025,3120,0.02
91,4.0481,40.892,3150,0.02
91,4.0622,41.2814,3180,0.02
91,4.0651,41.6709,3210,0.02
91,4.0607,42.0603,3240,0.02
91,4.0593,42.4497,3270,0.02
91,4.0735,42.8392,3300,0.02
91,4.066,43.2286,3330,0.02
91,4.0685,43.6181,3360,0.02
91,4.0711,44.0075,3390,0.02
91,4.0716,44.397,3420,0.02
91,4.0877,44.7864,3450,0.02
91,4.0827,45.1759,3480,0.02
91,4.0868,45.5653,3510,0.02
91,4.0831,45.9548,3540,0.02
91,4.0909,46.3442,3570,0.02
91,4.0846,46.7337,3600,0.02
91,4.0893,47.1231,3630,0.02
91,4.0914,47.5126,3660,0.02
91,4.1005,47.902,3690,0.02
91,4.1007,48.2915,3720,0.02
91,4.1062,48.6809,3750,0.02
91,4.1072,49.0704,3780,0.02
91,4.1009,49.4598,3810,0.02
91,4.1098,49.8492,3840,0.02
91,4.1029,50.2387,3870,0.02
91,4.1093,50.6281,3900,0.02
91,4.1214,51.0176,3930,0.02
91,4.1093,51.407,3960,0.02
91,4.1185,51.7965,3990,0.02
91,4.1212,52.1859,4020,0.02
91,4.1253,52.5754,4050,0.02
91,4.1297,52.9648,4080,0.02
91,4.1233,53.3543,4110,0.02
91,4.1305,53.7437,4140,0.02
91,4.1199,54.1332,4170,0.02
91,4.1297,54.5226,4200,0.02
91,4.1219,54.9121,4230,0.02
91,4.1371,55.3015,4260,0.02
91,4.1253,55.691,4290,0.02
91,4.1284,56.0804,4320,0.02
91,4.1384,56.4698,4350,0.02
91,4.144,56.8593,4380,0.02
91,4.1425,57.2487,4410,0.02
91,4.1414,57.6382,4440,0.02
91,4.139,58.0276,4470,0.02
91,4.1371,58.4171,4500,0.02
91,4.1392,58.8065,4530,0.02
91,4.1419,59.196,4560,0.02
91,4.1407,59.5854,4590,0.02
91,4.1455,59.9749,4620,0.02
91,4.1497,60.3643,4650,0.02
91,4.1495,60.7538,4680,0.02
91,4.1426,61.1432,4710,0.02
91,4.1552,61.5327,4740,0.02
91,4.148,61.9221,4770,0.02
91,4.1455,62.3116,4800,0.02
91,4.16,62.701,4830,0.02
91,4.1544,63.0905,4860,0.02
91,4.1518,63.4799,4890,0.02
91,4.157,63.8693,4920,0.02
91,4.1587,64.2588,4950,0.02
91,4.1527,64.6482,4980,0.02
91,4.154,65.0377,5010,0.02
91,4.1551,65.4271,5040,0.02
91,4.1643,65.8166,5070,0.02
91,4.1599,66.206,5100,0.02
91,4.1636,66.5955,5130,0.02
91,4.169,66.9849,5160,0.02
91,4.1553,67.3744,5190,0.02
91,4.164,67.7638,5220,0.02
91,4.16,68.1533,5250,0.02
91,4.1625,68.5427,5280,0.02
91,4.1684,68.9322,5310,0.02
91,4.1623,69.3216,5340,0.02
91,4.1731,69.7111,5370,0.02
91,4.1648,70.1005,5400,0.02
91,4.1605,70.4899,5430,0.02
91,4.1728,70.8794,5460,0.02
91,4.162,71.2688,5490,0.02
91,4.1652,71.6583,5520,0.02
91,4.1632,72.0477,5550,0.02
91,4.1654,72.4372,5580,0.02
91,4.1651,72.8266,5610,0.02
91,4.1647,73.2161,5640,0.02
91,4.1764,73.6055,5670,0.02
91,4.1813,73.995,5700,0.02
91,4.1688,74.3844,5730,0.02
91,4.1693,74.7739,5760,0.02
91,4.1741,75.1633,5790,0.02
91,4.1731,75.5528,5820,0.02
91,4.1793,75.9422,5850,0.02
91,4.1705,76.3317,5880,0.02
91,4.1697,76.7211,5910,0.02
91,4.1739,77.1106,5940,0.02
91,4.1769,77.5,5970,0.02
92,3.0,0.0,0,0.02
92,3.0437,0.3882,30,0.02
92,3.0499,0.7764,60,0.02
92,3.1122,1.1646,90,0.02
92,3.1156,1.5528,120,0.02
92,3.1382,1.941,150,0.02
92,3.1677,2.3291,180,0.02
92,3.1725,2.7173,210,0.02
92,3.1803,3.1055,240,0.02
92,3.1885,3.4937,270,0.02
92,3.2027,3.8819,300,0.02
92,3.2392,4.2701,330,0.02
92,3.2372,4.6583,360,0.02
92,3.2484,5.0465,390,0.02
92,3.2843,5.4347,420,0.02
92,3.2925,5.8229,450,0.02
92,3.3171,6.2111,480,0.02
92,3.3176,6.5992,510,0.02
92,3.3394,6.9874,540,0.02
92,3.3757,7.3756,570,0.02
92,3.4009,7.7638,600,0.02
92,3.4394,8.152,630,0.02
92,3.4665,8.5402,660,0.02
92,3.4635,8.9284,690,0.02
92,3.4777,9.3166,720,0.02
92,3.4817,9.7048,750,0.02
92,3.5105,10.093,780,0.02
92,3.5041,10.4812,810,0.02
92,3.5112,10.8693,840,0.02
92,3.5327,11.2575,870,0.02
92,3.509,11.6457,900,0.02
92,3.5356,12.0339,930,0.02
92,3.5602,12.4221,960,0.02
92,3.5472,12.8103,990,0.02
92,3.5818,13.1985,1020,0.02
92,3.5755,13.5867,1050,0.02
92,3.6016,13.9749,1080,0.02
92,3.6226,14.3631,1110,0.02
92,3.6357,14.7513,1140,0.02
92,3.6746,15.1394,1170,0.02
92,3.6958,15.5276,1200,0.02
92,3.7136,15.9158,1230,0.02
92,3.6995,16.304,1260,0.02
92,3.7371,16.6922,1290,0.02
92,3.7267,17.0804,1320,0.02
92,3.7162,17.4686,1350,0.02
92,3.7293,17.8568,1380,0.02
92,3.721,18.245,1410,0.02
92,3.7153,18.6332,1440,0.02
92,3.7492,19.0214,1470,0.02
92,3.7477,19.4095,1500,0.02
92,3.7528,19.7977,1530,0.02
92,3.7458,20.1859,1560,0.02
92,3.7551,20.5741,1590,0.02
92,3.7843,20.9623,1620,0.02
92,3.7895,21.3505,1650,0.02
92,3.7956,21.7387,1680,0.02
92,3.8249,22.1269,1710,0.02
92,3.8516,22.5151,1740,0.02
92,3.8431,22.9033,1770,0.02
92,3.8861,23.2915,1800,0.02
92,3.8841,23.6796,1830,0.02
92,3.8731,24.0678,1860,0.02
92,3.8846,24.456,1890,0.02
92,3.8825,24.8442,1920,0.02
92,3.9022,25.2324,1950,0.02
92,3.8667,25.6206,1980,0.02
92,3.8877,26.0088,2010,0.02
92,3.8706,26.397,2040,0.02
92,3.8579,26.7852,2070,0.02
92,3.8648,27.1734,2100,0.02
92,3.8955,27.5616,2130,0.02
92,3.9029,27.9497,2160,0.02
92,3.894,28.3379,2190,0.02
92,3.8954,28.7261,2220,0.02
92,3.9324,29.1143,2250,0.02
92,3.9398,29.5025,2280,0.02
92,3.9566,29.8907,2310,0.02
92,3.96,30.2789,2340,0.02
92,4.0016,30.6671,2370,0.02
92,3.9805,31.0553,2400,0.02
92,4.0066,31.4435,2430,0.02
92,4.0015,31.8317,2460,0.02
92,3.976,32.2198,2490,0.02
92,3.9801,32.608,2520,0.02
92,3.9972,32.9962,2550,0.02
92,3.9835,33.3844,2580,0.02
92,3.9743,33.7726,2610,0.02
92,3.967,34.1608,2640,0.02
92,3.9728,34.549,2670,0.02
92,3.9665,34.9372,2700,0.02
92,3.9637,35.3254,2730,0.02
92,3.9909,35.7136,2760,0.02
92,3.9854,36.1018,2790,0.02
92,4.007,36.4899,2820,0.02
92,4.0327,36.8781,2850,0.02
92,4.0249,37.2663,2880,0.02
92,4.0443,37.6545,2910,0.02
92,4.0584,38.0427,2940,0.02
92,4.0799,38.4309,2970,0.02
92,4.0696,38.8191,3000,0.02
92,4.0532,39.2073,3030,0.02
92,4.0465,39.5955,3060,0.02
92,4.0479,39.9837,3090,0.02
92,4.0483,40.3719,3120,0.02
92,4.0384,40.7601,3150,0.02
92,4.0463,41.1482,3180,0.02
92,4.0255,41.5364,3210,0.02
92,4.04,41.9246,3240,0.02
92,4.029,42.3128,3270,0.02
92,4.0535,42.701,3300,0.02
92,4.0461,43.0892,3330,0.02
92,4.0611,43.4774,3360,0.02
92,4.0749,43.8656,3390,0.02
92,4.104,44.2538,3420,0.02
92,4.1115,44.642,3450,0.02
92,4.1191,45.0302,3480,0.02
92,4.0975,45.4183,3510,0.02
92,4.1022,45.8065,3540,0.02
92,4.1154,46.1947,3570,0.02
92,4.1201,46.5829,3600,0.02
92,4.1123,46.9711,3630,0.02
92,4.1079,47.3593,3660,0.02
92,4.0895,47.7475,3690,0.02
92,4.0892,48.1357,3720,0.02
92,4.0698,48.5239,3750,0.02
92,4.0927,48.9121,3780,0.02
92,4.0925,49.3003,3810,0.02
92,4.068,49.6884,3840,0.02
92,4.0965,50.0766,3870,0.02
92,4.1077,50.4648,3900,0.02
92,4.1029,50.853,3930,0.02
92,4.1017,51.2412,3960,0.02
92,4.1427,51.6294,3990,0.02
92,4.1341,52.0176,4020,0.02
92,4.1343,52.4058,4050,0.02
92,4.1574,52.794,4080,0.02
92,4.1615,53.1822,4110,0.02
92,4.136,53.5704,4140,0.02
92,4.1614,53.9585,4170,0.02
92,4.1572,54.3467,4200,0.02
92,4.1318,54.7349,4230,0.02
92,4.1313,55.1231,4260,0.02
92,4.1204,55.5113,4290,0.02
92,4.1033,55.8995,4320,0.02
92,4.1053,56.2877,4350,0.02
92,4.1031,56.6759,4380,0.02
92,4.101,57.0641,4410,0.02
92,4.1273,57.4523,4440,0.02
92,4.1227,57.8405,4470,0.02
92,4.1208,58.2286,4500,0.02
92,4.1581,58.6168,4530,0.02
92,4.1369,59.005,4560,0.02
92,4.1841,59.3932,4590,0.02
92,4.1629,59.7814,4620,0.02
92,4.1915,60.1696,4650,0.02
92,4.1949,60.5578,4680,0.02
92,4.1814,60.946,4710,0.02
92,4.1739,61.3342,4740,0.02
92,4.1701,61.7224,4770,0.02
92,4.1583,62.1106,4800,0.02
92,4.1577,62.4987,4830,0.02
92,4.1246,62.8869,4860,0.02
92,4.1274,63.2751,4890,0.02
92,4.1395,63.6633,4920,0.02
92,4.1285,64.0515,4950,0.02
92,4.1485,64.4397,4980,0.02
92,4.1342,64.8279,5010,0.02
92,4.1403,65.2161,5040,0.02
92,4.1719,65.6043,5070,0.02
92,4.1612,65.9925,5100,0.02
92,4.1837,66.3807,5130,0.02
92,4.1935,66.7688,5160,0.02
92,4.2,67.157,5190,0.02
92,4.1909,67.5452,5220,0.02
92,4.1795,67.9334,5250,0.02
92,4.1818,68.3216,5280,0.02
92,4.1768,68.7098,5310,0.02
92,4.1692,69.098,5340,0.02
92,4.1742,69.4862,5370,0.02
92,4.1468,69.8744,5400,0.02
92,4.1615,70.2626,5430,0.02
92,4.1344,70.6508,5460,0.02
92,4.1291,71.0389,5490,0.02
92,4.1598,71.4271,5520,0.02
92,4.1493,71.8153,5550,0.02
92,4.1359,72.2035,5580,0.02
92,4.1719,72.5917,5610,0.02
92,4.1833,72.9799,5640,0.02
92,4.1795,73.3681,5670,0.02
92,4.1719,73.7563,5700,0.02
92,4.1914,74.1445,5730,0.02
92,4.2,74.5327,5760,0.02
92,4.2,74.9209,5790,0.02
92,4.1978,75.309,5820,0.02
92,4.2,75.6972,5850,0.02
92,4.2,76.0854,5880,0.02
92,4.179,76.4736,5910,0.02
92,4.1967,76.8618,5940,0.02
92,4.1675,77.25,5970,0.02
93,3.0,0.0,0,0.02
93,3.0199,0.3869,30,0.02
93,3.0425,0.7739,60,0.02
93,3.0765,1.1608,90,0.02
93,3.0921,1.5477,120,0.02
93,3.1176,1.9347,150,0.02
93,3.1284,2.3216,180,0.02
93,3.1625,2.7085,210,0.02
93,3.1825,3.0955,240,0.02
93,3.1906,3.4824,270,0.02
93,3.2248,3.8693,300,0.02
93,3.2443,4.2563,330,0.02
93,3.2595,4.6432,360,0.02
93,3.2715,5.0302,390,0.02
93,3.288,5.4171,420,0.02
93,3.3084,5.804,450,0.02
93,3.3232,6.191,480,0.02
93,3.3508,6.5779,510,0.02
93,3.3579,6.9648,540,0.02
93,3.3835,7.3518,570,0.02
93,3.3907,7.7387,600,0.02
93,3.4109,8.1256,630,0.02
93,3.4349,8.5126,660,0.02
93,3.4374,8.8995,690,0.02
93,3.4632,9.2864,720,0.02
93,3.4713,9.6734,750,0.02
93,3.493,10.0603,780,0.02
93,3.5014,10.4472,810,0.02
93,3.5158,10.8342,840,0.02
93,3.5234,11.2211,870,0.02
93,3.5405,11.608,900,0.02
93,3.5585,11.995,930,0.02
93,3.5751,12.3819,960,0.02
93,3.5861,12.7688,990,0.02
93,3.5896,13.1558,1020,0.02
93,3.6053,13.5427,1050,0.02
93,3.6197,13.9296,1080,0.02
93,3.6275,14.3166,1110,0.02
93,3.6418,14.7035,1140,0.02
93,3.6459,15.0905,1170,0.02
93,3.6669,15.4774,1200,0.02
93,3.6748,15.8643,1230,0.02
93,3.6854,16.2513,1260,0.02
93,3.6877,16.6382,1290,0.02
93,3.7071,17.0251,1320,0.02
93,3.7123,17.4121,1350,0.02
93,3.7269,17.799,1380,0.02
93,3.7305,18.1859,1410,0.02
93,3.7486,18.5729,1440,0.02
93,3.7574,18.9598,1470,0.02
93,3.7529,19.3467,1500,0.02
93,3.7717,19.7337,1530,0.02
93,3.7713,20.1206,1560,0.02
93,3.7884,20.5075,1590,0.02
93,3.7999,20.8945,1620,0.02
93,3.8061,21.2814,1650,0.02
93,3.807,21.6683,1680,0.02
93,3.8255,22.0553,1710,0.02
93,3.8232,22.4422,1740,0.02
93,3.8261,22.8291,1770,0.02
93,3.8429,23.2161,1800,0.02
93,3.8546,23.603,1830,0.02
93,3.8547,23.9899,1860,0.02
93,3.8604,24.3769,1890,0.02
93,3.8712,24.7638,1920,0.02
93,3.8745,25.1508,1950,0.02
93,3.884,25.5377,1980,0.02
93,3.8896,25.9246,2010,0.02
93,3.8978,26.3116,2040,0.02
93,3.9067,26.6985,2070,0.02
93,3.9135,27.0854,2100,0.02
93,3.9191,27.4724,2130,0.02
93,3.9218,27.8593,2160,0.02
93,3.9223,28.2462,2190,0.02
93,3.9317,28.6332,2220,0.02
93,3.9263,29.0201,2250,0.02
93,3.9413,29.407,2280,0.02
93,3.9519,29.794,2310,0.02
93,3.9459,30.1809,2340,0.02
93,3.9578,30.5678,2370,0.02
93,3.9632,30.9548,2400,0.02
93,3.9716,31.3417,2430,0.02
93,3.9657,31.7286,2460,0.02
93,3.969,32.1156,2490,0.02
93,3.9771,32.5025,2520,0.02
93,3.9871,32.8894,2550,0.02
93,3.9817,33.2764,2580,0.02
93,3.9859,33.6633,2610,0.02
93,3.991,34.0503,2640,0.02
93,4.0038,34.4372,2670,0.02
93,4.0015,34.8241,2700,0.02
93,4.0091,35.2111,2730,0.02
93,4.0183,35.598,2760,0.02
93,4.0119,35.9849,2790,0.02
93,4.0185,36.3719,2820,0.02
93,4.0295,36.7588,2850,0.02
93,4.0309,37.1457,2880,0.02
93,4.0355,37.5327,2910,0.02
93,4.0399,37.9196,2940,0.02
93,4.0403,38.3065,2970,0.02
93,4.0391,38.6935,3000,0.02
93,4.0462,39.0804,3030,0.02
93,4.05,39.4673,3060,0.02
93,4.0465,39.8543,3090,0.02
93,4.0469,40.2412,3120,0.02
93,4.0479,40.6281,3150,0.02
93,4.0556,41.0151,3180,0.02
93,4.0617,41.402,3210,0.02
93,4.0557,41.7889,3240,0.02
93,4.0635,42.1759,3270,0.02
93,4.0682,42.5628,3300,0.02
93,4.0665,42.9497,3330,0.02
93,4.0794,43.3367,3360,0.02
93,4.0827,43.7236,3390,0.02
93,4.0846,44.1106,3420,0.02
93,4.0812,44.4975,3450,0.02
93,4.0886,44.8844,3480,0.02
93,4.0882,45.2714,3510,0.02
93,4.083,45.6583,3540,0.02
93,4.0832,46.0452,3570,0.02
93,4.1002,46.4322,3600,0.02
93,4.0978,46.8191,3630,0.02
93,4.1014,47.206,3660,0.02
93,4.0957,47.593,3690,0.02
93,4.1031,47.9799,3720,0.02
93,4.1081,48.3668,3750,0.02
93,4.1033,48.7538,3780,0.02
93,4.1031,49.1407,3810,0.02
93,4.104,49.5276,3840,0.02
93,4.116,49.9146,3870,0.02
93,4.1046,50.3015,3900,0.02
93,4.1212,50.6884,3930,0.02
93,4.1119,51.0754,3960,0.02
93,4.1117,51.4623,3990,0.02
93,4.1117,51.8492,4020,0.02
93,4.1266,52.2362,4050,0.02
93,4.1205,52.6231,4080,0.02
93,4.1275,53.0101,4110,0.02
93,4.1249,53.397,4140,0.02
93,4.1229,53.7839,4170,0.02
93,4.1209,54.1709,4200,0.02
93,4.1345,54.5578,4230,0.02
93,4.126,54.9447,4260,0.02
93,4.1377,55.3317,4290,0.02
93,4.1382,55.7186,4320,0.02
93,4.1299,56.1055,4350,0.02
93,4.13,56.4925,4380,0.02
93,4.1379,56.8794,4410,0.02
93,4.138,57.2663,4440,0.02
93,4.1458,57.6533,4470,0.02
93,4.1357,58.0402,4500,0.02
93,4.1343,58.4271,4530,0.02
93,4.1433,58.8141,4560,0.02
93,4.1425,59.201,4590,0.02
93,4.1458,59.5879,4620,0.02
93,4.1522,59.9749,4650,0.02
93,4.1426,60.3618,4680,0.02
93,4.1483,60.7487,4710,0.02
93,4.152,61.1357,4740,0.02
93,4.1508,61.5226,4770,0.02
93,4.1526,61.9095,4800,0.02
93,4.1449,62.2965,4830,0.02
93,4.1528,62.6834,4860,0.02
93,4.1534,63.0704,4890,0.02
93,4.1567,63.4573,4920,0.02
93,4.1574,63.8442,4950,0.02
93,4.158,64.2312,4980,0.02
93,4.1546,64.6181,5010,0.02
93,4.1595,65.005,5040,0.02
93,4.1646,65.392,5070,0.02
93,4.1663,65.7789,5100,0.02
93,4.1684,66.1658,5130,0.02
93,4.1547,66.5528,5160,0.02
93,4.1708,66.9397,5190,0.02
93,4.1561,67.3266,5220,0.02
93,4.1599,67.7136,5250,0.02
93,4.165,68.1005,5280,0.02
93,4.1608,68.4874,5310,0.02
93,4.1713,68.8744,5340,0.02
93,4.1662,69.2613,5370,0.02
93,4.1641,69.6482,5400,0.02
93,4.1615,70.0352,5430,0.02
93,4.17,70.4221,5460,0.02
93,4.1635,70.809,5490,0.02
93,4.1768,71.196,5520,0.02
93,4.1696,71.5829,5550,0.02
93,4.1643,71.9698,5580,0.02
93,4.1793,72.3568,5610,0.02
93,4.1692,72.7437,5640,0.02
93,4.1807,73.1307,5670,0.02
93,4.1772,73.5176,5700,0.02
93,4.1708,73.9045,5730,0.02
93,4.1804,74.2915,5760,0.02
93,4.1828,74.6784,5790,0.02
93,4.1692,75.0653,5820,0.02
93,4.1724,75.4523,5850,0.02
93,4.1781,75.8392,5880,0.02
93,4.18,76.2261,5910,0.02
93,4.1823,76.6131,5940,0.02
93,4.1715,77.0,5970,0.02
94,3.0,0.0,0,0.02
94,3.0261,0.3857,30,0.02
94,3.0407,0.7714,60,0.02
94,3.0681,1.157,90,0.02
94,3.0889,1.5427,120,0.02
94,3.1225,1.9284,150,0.02
94,3.131,2.3141,180,0.02
94,3.1547,2.6997,210,0.02
94,3.1761,3.0854,240,0.02
94,3.1967,3.4711,270,0.02
94,3.2218,3.8568,300,0.02
94,3.2382,4.2425,330,0.02
94,3.2511,4.6281,360,0.02
94,3.2726,5.0138,390,0.02
94,3.2995,5.3995,420,0.02
94,3.3167,5.7852,450,0.02
94,3.3279,6.1709,480,0.02
94,3.3404,6.5565,510,0.02
94,3.3581,6.9422,540,0.02
94,3.3885,7.3279,570,0.02
94,3.4004,7.7136,600,0.02
94,3.4127,8.0992,630,0.02
94,3.4213,8.4849,660,0.02
94,3.4493,8.8706,690,0.02
94,3.4537,9.2563,720,0.02
94,3.4692,9.642,750,0.02
94,3.4899,10.0276,780,0.02
94,3.5057,10.4133,810,0.02
94,3.5202,10.799,840,0.02
94,3.5315,11.1847,870,0.02
94,3.5416,11.5704,900,0.02
94,3.5639,11.956,930,0.02
94,3.5664,12.3417,960,0.02
94,3.5765,12.7274,990,0.02
94,3.5896,13.1131,1020,0.02
94,3.6043,13.4987,1050,0.02
94,3.6172,13.8844,1080,0.02
94,3.6271,14.2701,1110,0.02
94,3.6411,14.6558,1140,0.02
94,3.6563,15.0415,1170,0.02
94,3.6685,15.4271,1200,0.02
94,3.6781,15.8128,1230,0.02
94,3.6764,16.1985,1260,0.02
94,3.7013,16.5842,1290,0.02
94,3.7123,16.9698,1320,0.02
94,3.721,17.3555,1350,0.02
94,3.7221,17.7412,1380,0.02
94,3.7391,18.1269,1410,0.02
94,3.7484,18.5126,1440,0.02
94,3.7459,18.8982,1470,0.02
94,3.7635,19.2839,1500,0.02
94,3.7703,19.6696,1530,0.02
94,3.7777,20.0553,1560,0.02
94,3.7839,20.441,1590,0.02
94,3.7972,20.8266,1620,0.02
94,3.8026,21.2123,1650,0.02
94,3.8068,21.598,1680,0.02
94,3.8107,21.9837,1710,0.02
94,3.8226,22.3693,1740,0.02
94,3.8294,22.755,1770,0.02
94,3.8475,23.1407,1800,0.02
94,3.8426,23.5264,1830,0.02
94,3.8524,23.9121,1860,0.02
94,3.8597,24.2977,1890,0.02
94,3.8688,24.6834,1920,0.02
94,3.8741,25.0691,1950,0.02
94,3.8859,25.4548,1980,0.02
94,3.8933,25.8405,2010,0.02
94,3.891,26.2261,2040,0.02
94,3.8933,26.6118,2070,0.02
94,3.9007,26.9975,2100,0.02
94,3.9184,27.3832,2130,0.02
94,3.9154,27.7688,2160,0.02
94,3.928,28.1545,2190,0.02
94,3.9315,28.5402,2220,0.02
94,3.9361,28.9259,2250,0.02
94,3.9465,29.3116,2280,0.02
94,3.9515,29.6972,2310,0.02
94,3.9499,30.0829,2340,0.02
94,3.9569,30.4686,2370,0.02
94,3.9567,30.8543,2400,0.02
94,3.9653,31.2399,2430,0.02
94,3.973,31.6256,2460,0.02
94,3.973,32.0113,2490,0.02
94,3.9796,32.397,2520,0.02
94,3.9894,32.7827,2550,0.02
94,3.9921,33.1683,2580,0.02
94,3.9919,33.554,2610,0.02
94,4.0021,33.9397,2640,0.02
94,4.0054,34.3254,2670,0.02
94,4.0053,34.7111,2700,0.02
94,4.0141,35.0967,2730,0.02
94,4.0132,35.4824,2760,0.02
94,4.0227,35.8681,2790,0.02
94,4.0258,36.2538,2820,0.02
94,4.0159,36.6394,2850,0.02
94,4.0267,37.0251,2880,0.02
94,4.0367,37.4108,2910,0.02
94,4.0375,37.7965,2940,0.02
94,4.0306,38.1822,2970,0.02
94,4.0397,38.5678,3000,0.02
94,4.0476,38.9535,3030,0.02
94,4.0463,39.3392,3060,0.02
94,4.0523,39.7249,3090,0.02
94,4.0552,40.1106,3120,0.02
94,4.061,40.4962,3150,0.02
94,4.0607,40.8819,3180,0.02
94,4.0568,41.2676,3210,0.02
94,4.0595,41.6533,3240,0.02
94,4.0591,42.0389,3270,0.02
94,4.0663,42.4246,3300,0.02
94,4.0747,42.8103,3330,0.02
94,4.0725,43.196,3360,0.02
94,4.0693,43.5817,3390,0.02
94,4.0797,43.9673,3420,0.02
94,4.0775,44.353,3450,0.02
94,4.0855,44.7387,3480,0.02
94,4.0886,45.1244,3510,0.02
94,4.0863,45.5101,3540,0.02
94,4.0945,45.8957,3570,0.02
94,4.0928,46.2814,3600,0.02
94,4.0966,46.6671,3630,0.02
94,4.1031,47.0528,3660,0.02
94,4.0983,47.4384,3690,0.02
94,4.0976,47.8241,3720,0.02
94,4.1095,48.2098,3750,0.02
94,4.1068,48.5955,3780,0.02
94,4.1118,48.9812,3810,0.02
94,4.1099,49.3668,3840,0.02
94,4.1073,49.7525,3870,0.02
94,4.1131,50.1382,3900,0.02
94,4.1185,50.5239,3930,0.02
94,4.1164,50.9095,3960,0.02
94,4.1111,51.2952,3990,0.02
94,4.1262,51.6809,4020,0.02
94,4.1158,52.0666,4050,0.02
94,4.1151,52.4523,4080,0.02
94,4.1226,52.8379,4110,0.02
94,4.1215,53.2236,4140,0.02
94,4.1223,53.6093,4170,0.02
94,4.1326,53.995,4200,0.02
94,4.1316,54.3807,4230,0.02
94,4.125,54.7663,4260,0.02
94,4.14,55.152,4290,0.02
94,4.1286,55.5377,4320,0.02
94,4.134,55.9234,4350,0.02
94,4.1288,56.309,4380,0.02
94,4.1403,56.6947,4410,0.02
94,4.1337,57.0804,4440,0.02
94,4.1477,57.4661,4470,0.02
94,4.1486,57.8518,4500,0.02
94,4.1448,58.2374,4530,0.02
94,4.1486,58.6231,4560,0.02
94,4.1419,59.0088,4590,0.02
94,4.1466,59.3945,4620,0.02
94,4.1439,59.7802,4650,0.02
94,4.1471,60.1658,4680,0.02
94,4.1429,60.5515,4710,0.02
94,4.1479,60.9372,4740,0.02
94,4.1447,61.3229,4770,0.02
94,4.1546,61.7085,4800,0.02
94,4.1478,62.0942,4830,0.02
94,4.1512,62.4799,4860,0.02
94,4.1617,62.8656,4890,0.02
94,4.1612,63.2513,4920,0.02
94,4.1591,63.6369,4950,0.02
94,4.1598,64.0226,4980,0.02
94,4.1624,64.4083,5010,0.02
94,4.1666,64.794,5040,0.02
94,4.1645,65.1796,5070,0.02
94,4.1634,65.5653,5100,0.02
94,4.1537,65.951,5130,0.02
94,4.1546,66.3367,5160,0.02
94,4.1678,66.7224,5190,0.02
94,4.1647,67.108,5220,0.02
94,4.1666,67.4937,5250,0.02
94,4.1629,67.8794,5280,0.02
94,4.1723,68.2651,5310,0.02
94,4.1611,68.6508,5340,0.02
94,4.1621,69.0364,5370,0.02
94,4.1721,69.4221,5400,0.02
94,4.1649,69.8078,5430,0.02
94,4.1656,70.1935,5460,0.02
94,4.1734,70.5791,5490,0.02
94,4.1664,70.9648,5520,0.02
94,4.1712,71.3505,5550,0.02
94,4.1702,71.7362,5580,0.02
94,4.1737,72.1219,5610,0.02
94,4.1718,72.5075,5640,0.02
94,4.1755,72.8932,5670,0.02
94,4.1684,73.2789,5700,0.02
94,4.1784,73.6646,5730,0.02
94,4.1822,74.0503,5760,0.02
94,4.1733,74.4359,5790,0.02
94,4.1758,74.8216,5820,0.02
94,4.1772,75.2073,5850,0.02
94,4.1832,75.593,5880,0.02
94,4.1713,75.9786,5910,0.02
94,4.1828,76.3643,5940,0.02
94,4.179,76.75,5970,0.02
95,3.0109,0.0,0,0.02
95,3.022,0.3844,30,0.02
95,3.0734,0.7688,60,0.02
95,3.0888,1.1533,90,0.02
95,3.1315,1.5377,120,0.02
95,3.1303,1.9221,150,0.02
95,3.1656,2.3065,180,0.02
95,3.1975,2.691,210,0.02
95,3.1924,3.0754,240,0.02
95,3.1837,3.4598,270,0.02
95,3.1968,3.8442,300,0.02
95,3.2109,4.2286,330,0.02
95,3.2247,4.6131,360,0.02
95,3.2336,4.9975,390,0.02
95,3.2803,5.3819,420,0.02
95,3.2874,5.7663,450,0.02
95,3.2977,6.1508,480,0.02
95,3.3373,6.5352,510,0.02
95,3.3366,6.9196,540,0.02
95,3.393,7.304,570,0.02
95,3.3936,7.6884,600,0.02
95,3.4507,8.0729,630,0.02
95,3.4504,8.4573,660,0.02
95,3.4716,8.8417,690,0.02
95,3.4853,9.2261,720,0.02
95,3.5091,9.6106,750,0.02
95,3.5168,9.995,780,0.02
95,3.5063,10.3794,810,0.02
95,3.5172,10.7638,840,0.02
95,3.5373,11.1482,870,0.02
95,3.5317,11.5327,900,0.02
95,3.5276,11.9171,930,0.02
95,3.5584,12.3015,960,0.02
95,3.5494,12.6859,990,0.02
95,3.5537,13.0704,1020,0.02
95,3.5888,13.4548,1050,0.02
95,3.5851,13.8392,1080,0.02
95,3.6317,14.2236,1110,0.02
95,3.6615,14.608,1140,0.02
95,3.6463,14.9925,1170,0.02
95,3.6967,15.3769,1200,0.02
95,3.6847,15.7613,1230,0.02
95,3.7236,16.1457,1260,0.02
95,3.7325,16.5302,1290,0.02
95,3.7375,16.9146,1320,0.02
95,3.7381,17.299,1350,0.02
95,3.7329,17.6834,1380,0.02
95,3.7469,18.0678,1410,0.02
95,3.7289,18.4523,1440,0.02
95,3.7471,18.8367,1470,0.02
95,3.7406,19.2211,1500,0.02
95,3.7488,19.6055,1530,0.02
95,3.7627,19.9899,1560,0.02
95,3.7443,20.3744,1590,0.02
95,3.762,20.7588,1620,0.02
95,3.8035,21.1432,1650,0.02
95,3.8074,21.5276,1680,0.02
95,3.8101,21.9121,1710,0.02
95,3.8538,22.2965,1740,0.02
95,3.8566,22.6809,1770,0.02
95,3.8859,23.0653,1800,0.02
95,3.8909,23.4497,1830,0.02
95,3.8865,23.8342,1860,0.02
95,3.9067,24.2186,1890,0.02
95,3.8842,24.603,1920,0.02
95,3.9041,24.9874,1950,0.02
95,3.8913,25.3719,1980,0.02
95,3.8925,25.7563,2010,0.02
95,3.8578,26.1407,2040,0.02
95,3.8842,26.5251,2070,0.02
95,3.8924,26.9095,2100,0.02
95,3.8732,27.294,2130,0.02
95,3.8732,27.6784,2160,0.02
95,3.9047,28.0628,2190,0.02
95,3.9113,28.4472,2220,0.02
95,3.9239,28.8317,2250,0.02
95,3.9509,29.2161,2280,0.02
95,3.9718,29.6005,2310,0.02
95,3.9763,29.9849,2340,0.02
95,3.9995,30.3693,2370,0.02
95,3.9938,30.7538,2400,0.02
95,4.0046,31.1382,2430,0.02
95,4.0112,31.5226,2460,0.02
95,3.976,31.907,2490,0.02
95,3.9831,32.2915,2520,0.02
95,3.9993,32.6759,2550,0.02
95,3.9761,33.0603,2580,0.02
95,3.9829,33.4447,2610,0.02
95,3.9584,33.8291,2640,0.02
95,3.9804,34.2136,2670,0.02
95,3.9765,34.598,2700,0.02
95,3.9657,34.9824,2730,0.02
95,3.9956,35.3668,2760,0.02
95,4.0137,35.7513,2790,0.02
95,4.0181,36.1357,2820,0.02
95,4.0348,36.5201,2850,0.02
95,4.0334,36.9045,2880,0.02
95,4.0461,37.2889,2910,0.02
95,4.0473,37.6734,2940,0.02
95,4.069,38.0578,2970,0.02
95,4.0729,38.4422,3000,0.02
95,4.0545,38.8266,3030,0.02
95,4.0666,39.2111,3060,0.02
95,4.0697,39.5955,3090,0.02
95,4.0294,39.9799,3120,0.02
95,4.0348,40.3643,3150,0.02
95,4.0417,40.7487,3180,0.02
95,4.0453,41.1332,3210,0.02
95,4.0242,41.5176,3240,0.02
95,4.0206,41.902,3270,0.02
95,4.0306,42.2864,3300,0.02
95,4.0423,42.6709,3330,0.02
95,4.0621,43.0553,3360,0.02
95,4.0697,43.4397,3390,0.02
95,4.0717,43.8241,3420,0.02
95,4.0886,44.2085,3450,0.02
95,4.0895,44.593,3480,0.02
95,4.1088,44.9774,3510,0.02
95,4.1316,45.3618,3540,0.02
95,4.1264,45.7462,3570,0.02
95,4.1075,46.1307,3600,0.02
95,4.0994,46.5151,3630,0.02
95,4.0989,46.8995,3660,0.02
95,4.0892,47.2839,3690,0.02
95,4.073,47.6683,3720,0.02
95,4.0908,48.0528,3750,0.02
95,4.087,48.4372,3780,0.02
95,4.0842,48.8216,3810,0.02
95,4.0817,49.206,3840,0.02
95,4.0837,49.5905,3870,0.02
95,4.1001,49.9749,3900,0.02
95,4.0911,50.3593,3930,0.02
95,4.0978,50.7437,3960,0.02
95,4.1294,51.1281,3990,0.02
95,4.1317,51.5126,4020,0.02
95,4.1575,51.897,4050,0.02
95,4.1597,52.2814,4080,0.02
95,4.1489,52.6658,4110,0.02
95,4.1619,53.0503,4140,0.02
95,4.1426,53.4347,4170,0.02
95,4.1313,53.8191,4200,0.02
95,4.1284,54.2035,4230,0.02
95,4.1205,54.5879,4260,0.02
95,4.1174,54.9724,4290,0.02
95,4.0929,55.3568,4320,0.02
95,4.1225,55.7412,4350,0.02
95,4.1112,56.1256,4380,0.02
95,4.1273,56.5101,4410,0.02
95,4.1213,56.8945,4440,0.02
95,4.1208,57.2789,4470,0.02
95,4.1299,57.6633,4500,0.02
95,4.13,58.0477,4530,0.02
95,4.148,58.4322,4560,0.02
95,4.1595,58.8166,4590,0.02
95,4.1673,59.201,4620,0.02
95,4.1769,59.5854,4650,0.02
95,4.1673,59.9698,4680,0.02
95,4.1659,60.3543,4710,0.02
95,4.1529,60.7387,4740,0.02
95,4.1686,61.1231,4770,0.02
95,4.1547,61.5075,4800,0.02
95,4.1597,61.892,4830,0.02
95,4.1321,62.2764,4860,0.02
95,4.1443,62.6608,4890,0.02
95,4.1214,63.0452,4920,0.02
95,4.1115,63.4296,4950,0.02
95,4.1412,63.8141,4980,0.02
95,4.1493,64.1985,5010,0.02
95,4.1336,64.5829,5040,0.02
95,4.1707,64.9673,5070,0.02
95,4.1541,65.3518,5100,0.02
95,4.1826,65.7362,5130,0.02
95,4.1662,66.1206,5160,0.02
95,4.1877,66.505,5190,0.02
95,4.1768,66.8894,5220,0.02
95,4.2,67.2739,5250,0.02
95,4.2,67.6583,5280,0.02
95,4.1926,68.0427,5310,0.02
95,4.1953,68.4271,5340,0.02
95,4.1749,68.8116,5370,0.02
95,4.1637,69.196,5400,0.02
95,4.1633,69.5804,5430,0.02
95,4.1608,69.9648,5460,0.02
95,4.1494,70.3492,5490,0.02
95,4.1392,70.7337,5520,0.02
95,4.1581,71.1181,5550,0.02
95,4.143,71.5025,5580,0.02
95,4.1623,71.8869,5610,0.02
95,4.1518,72.2714,5640,0.02
95,4.1981,72.6558,5670,0.02
95,4.1746,73.0402,5700,0.02
95,4.1782,73.4246,5730,0.02
95,4.2,73.809,5760,0.02
95,4.2,74.1935,5790,0.02
95,4.1943,74.5779,5820,0.02
95,4.2,74.9623,5850,0.02
95,4.2,75.3467,5880,0.02
95,4.198,75.7312,5910,0.02
95,4.159,76.1156,5940,0.02
95,4.1873,76.5,5970,0.02
96,3.0051,0.0,0,0.02
96,3.0222,0.3832,30,0.02
96,3.0493,0.7663,60,0.02
96,3.0627,1.1495,90,0.02
96,3.0931,1.5327,120,0.02
96,3.1076,1.9158,150,0.02
96,3.1347,2.299,180,0.02
96,3.1601,2.6822,210,0.02
96,3.174,3.0653,240,0.02
96,3.193,3.4485,270,0.02
96,3.2156,3.8317,300,0.02
96,3.2354,4.2148,330,0.02
96,3.2538,4.598,360,0.02
96,3.2702,4.9812,390,0.02
96,3.3007,5.3643,420,0.02
96,3.3149,5.7475,450,0.02
96,3.3232,6.1307,480,0.02
96,3.3542,6.5138,510,0.02
96,3.3619,6.897,540,0.02
96,3.384,7.2802,570,0.02
96,3.4005,7.6633,600,0.02
96,3.415,8.0465,630,0.02
96,3.4265,8.4296,660,0.02
96,3.4369,8.8128,690,0.02
96,3.4622,9.196,720,0.02
96,3.4712,9.5791,750,0.02
96,3.492,9.9623,780,0.02
96,3.5056,10.3455,810,0.02
96,3.5085,10.7286,840,0.02
96,3.525,11.1118,870,0.02
96,3.5416,11.495,900,0.02
96,3.5609,11.8781,930,0.02
96,3.5636,12.2613,960,0.02
96,3.5782,12.6445,990,0.02
96,3.5979,13.0276,1020,0.02
96,3.6056,13.4108,1050,0.02
96,3.6207,13.794,1080,0.02
96,3.6326,14.1771,1110,0.02
96,3.6485,14.5603,1140,0.02
96,3.6519,14.9435,1170,0.02
96,3.6565,15.3266,1200,0.02
96,3.6734,15.7098,1230,0.02
96,3.688,16.093,1260,0.02
96,3.6923,16.4761,1290,0.02
96,3.6967,16.8593,1320,0.02
96,3.7183,17.2425,1350,0.02
96,3.721,17.6256,1380,0.02
96,3.7291,18.0088,1410,0.02
96,3.7484,18.392,1440,0.02
96,3.7565,18.7751,1470,0.02
96,3.7655,19.1583,1500,0.02
96,3.7769,19.5415,1530,0.02
96,3.7737,19.9246,1560,0.02
96,3.7919,20.3078,1590,0.02
96,3.7907,20.691,1620,0.02
96,3.801,21.0741,1650,0.02
96,3.8028,21.4573,1680,0.02
96,3.8255,21.8405,1710,0.02
96,3.8266,22.2236,1740,0.02
96,3.8386,22.6068,1770,0.02
96,3.8439,22.9899,1800,0.02
96,3.8403,23.3731,1830,0.02
96,3.8591,23.7563,1860,0.02
96,3.864,24.1394,1890,0.02
96,3.8654,24.5226,1920,0.02
96,3.8712,24.9058,1950,0.02
96,3.8778,25.2889,1980,0.02
96,3.8903,25.6721,2010,0.02
96,3.8904,26.0553,2040,0.02
96,3.8993,26.4384,2070,0.02
96,3.8988,26.8216,2100,0.02
96,3.914,27.2048,2130,0.02
96,3.9207,27.5879,2160,0.02
96,3.9165,27.9711,2190,0.02
96,3.9283,28.3543,2220,0.02
96,3.9352,28.7374,2250,0.02
96,3.9377,29.1206,2280,0.02
96,3.938,29.5038,2310,0.02
96,3.9422,29.8869,2340,0.02
96,3.9562,30.2701,2370,0.02
96,3.9545,30.6533,2400,0.02
96,3.9575,31.0364,2430,0.02
96,3.9746,31.4196,2460,0.02
96,3.9726,31.8028,2490,0.02
96,3.9805,32.1859,2520,0.02
96,3.9871,32.5691,2550,0.02
96,3.9806,32.9523,2580,0.02
96,3.9965,33.3354,2610,0.02
96,3.9922,33.7186,2640,0.02
96,3.9928,34.1018,2670,0.02
96,4.0063,34.4849,2700,0.02
96,4.0051,34.8681,2730,0.02
96,4.0174,35.2513,2760,0.02
96,4.0123,35.6344,2790,0.02
96,4.0247,36.0176,2820,0.02
96,4.0281,36.4008,2850,0.02
96,4.0213,36.7839,2880,0.02
96,4.0312,37.1671,2910,0.02
96,4.0399,37.5503,2940,0.02
96,4.0308,37.9334,2970,0.02
96,4.0333,38.3166,3000,0.02
96,4.0494,38.6997,3030,0.02
96,4.0491,39.0829,3060,0.02
96,4.0504,39.4661,3090,0.02
96,4.0453,39.8492,3120,0.02
96,4.0626,40.2324,3150,0.02
96,4.0631,40.6156,3180,0.02
96,4.0645,40.9987,3210,0.02
96,4.0577,41.3819,3240,0.02
96,4.064,41.7651,3270,0.02
96,4.0719,42.1482,3300,0.02
96,4.0703,42.5314,3330,0.02
96,4.0714,42.9146,3360,0.02
96,4.0743,43.2977,3390,0.02
96,4.0742,43.6809,3420,0.02
96,4.0822,44.0641,3450,0.02
96,4.0785,44.4472,3480,0.02
96,4.085,44.8304,3510,0.02
96,4.0867,45.2136,3540,0.02
96,4.0869,45.5967,3570,0.02
96,4.0975,45.9799,3600,0.02
96,4.0964,46.3631,3630,0.02
96,4.0903,46.7462,3660,0.02
96,4.1019,47.1294,3690,0.02
96,4.0992,47.5126,3720,0.02
96,4.1084,47.8957,3750,0.02
96,4.0978,48.2789,3780,0.02
96,4.1089,48.6621,3810,0.02
96,4.1035,49.0452,3840,0.02
96,4.1147,49.4284,3870,0.02
96,4.1107,49.8116,3900,0.02
96,4.1088,50.1947,3930,0.02
96,4.1107,50.5779,3960,0.02
96,4.1177,50.9611,3990,0.02
96,4.1215,51.3442,4020,0.02
96,4.1194,51.7274,4050,0.02
96,4.1199,52.1106,4080,0.02
96,4.1181,52.4937,4110,0.02
96,4.1296,52.8769,4140,0.02
96,4.1211,53.2601,4170,0.02
96,4.1256,53.6432,4200,0.02
96,4.1327,54.0264,4230,0.02
96,4.1246,54.4095,4260,0.02
96,4.1322,54.7927,4290,0.02
96,4.1263,55.1759,4320,0.02
96,4.1348,55.559,4350,0.02
96,4.1317,55.9422,4380,0.02
96,4.1299,56.3254,4410,0.02
96,4.1375,56.7085,4440,0.02
96,4.1371,57.0917,4470,0.02
96,4.138,57.4749,4500,0.02
96,4.1346,57.858,4530,0.02
96,4.1403,58.2412,4560,0.02
96,4.138,58.6244,4590,0.02
96,4.1453,59.0075,4620,0.02
96,4.1517,59.3907,4650,0.02
96,4.1439,59.7739,4680,0.02
96,4.1518,60.157,4710,0.02
96,4.1434,60.5402,4740,0.02
96,4.1496,60.9234,4770,0.02
96,4.1589,61.3065,4800,0.02
96,4.1457,61.6897,4830,0.02
96,4.1526,62.0729,4860,0.02
96,4.1539,62.456,4890,0.02
96,4.1608,62.8392,4920,0.02
96,4.1505,63.2224,4950,0.02
96,4.1641,63.6055,4980,0.02
96,4.1579,63.9887,5010,0.02
96,4.1631,64.3719,5040,0.02
96,4.1604,64.755,5070,0.02
96,4.1634,65.1382,5100,0.02
96,4.1656,65.5214,5130,0.02
96,4.1684,65.9045,5160,0.02
96,4.1625,66.2877,5190,0.02
96,4.1697,66.6709,5220,0.02
96,4.1693,67.054,5250,0.02
96,4.1592,67.4372,5280,0.02
96,4.1652,67.8204,5310,0.02
96,4.164,68.2035,5340,0.02
96,4.1631,68.5867,5370,0.02
96,4.163,68.9698,5400,0.02
96,4.1643,69.353,5430,0.02
96,4.1611,69.7362,5460,0.02
96,4.1649,70.1193,5490,0.02
96,4.1675,70.5025,5520,0.02
96,4.1781,70.8857,5550,0.02
96,4.1643,71.2688,5580,0.02
96,4.177,71.652,5610,0.02
96,4.1739,72.0352,5640,0.02
96,4.1703,72.4183,5670,0.02
96,4.1676,72.8015,5700,0.02
96,4.1751,73.1847,5730,0.02
96,4.1798,73.5678,5760,0.02
96,4.1767,73.951,5790,0.02
96,4.1756,74.3342,5820,0.02
96,4.1719,74.7173,5850,0.02
96,4.1846,75.1005,5880,0.02
96,4.1748,75.4837,5910,0.02
96,4.1803,75.8668,5940,0.02
96,4.1847,76.25,5970,0.02
97,3.0,0.0,0,0.02
97,3.0239,0.3819,30,0.02
97,3.0472,0.7638,60,0.02
97,3.0718,1.1457,90,0.02
97,3.0955,1.5276,120,0.02
97,3.1173,1.9095,150,0.02
97,3.1379,2.2915,180,0.02
97,3.1604,2.6734,210,0.02
97,3.1791,3.0553,240,0.02
97,3.1977,3.4372,270,0.02
97,3.2212,3.8191,300,0.02
97,3.2371,4.201,330,0.02
97,3.2599,4.5829,360,0.02
97,3.2747,4.9648,390,0.02
97,3.2961,5.3467,420,0.02
97,3.313,5.7286,450,0.02
97,3.3271,6.1106,480,0.02
97,3.3465,6.4925,510,0.02
97,3.3666,6.8744,540,0.02
97,3.3811,7.2563,570,0.02
97,3.4,7.6382,600,0.02
97,3.4119,8.0201,630,0.02
97,3.4294,8.402,660,0.02
97,3.4447,8.7839,690,0.02
97,3.4603,9.1658,720,0.02
97,3.4737,9.5477,750,0.02
97,3.4881,9.9296,780,0.02
97,3.5052,10.3116,810,0.02
97,3.517,10.6935,840,0.02
97,3.5272,11.0754,870,0.02
97,3.5443,11.4573,900,0.02
97,3.5588,11.8392,930,0.02
97,3.5691,12.2211,960,0.02
97,3.5844,12.603,990,0.02
97,3.5943,12.9849,1020,0.02
97,3.6073,13.3668,1050,0.02
97,3.6194,13.7487,1080,0.02
97,3.6289,14.1307,1110,0.02
97,3.6416,14.5126,1140,0.02
97,3.655,14.8945,1170,0.02
97,3.6641,15.2764,1200,0.02
97,3.6722,15.6583,1230,0.02
97,3.6851,16.0402,1260,0.02
97,3.6923,16.4221,1290,0.02
97,3.7037,16.804,1320,0.02
97,3.7119,17.1859,1350,0.02
97,3.7267,17.5678,1380,0.02
97,3.7354,17.9497,1410,0.02
97,3.7422,18.3317,1440,0.02
97,3.7496,18.7136,1470,0.02
97,3.7608,19.0955,1500,0.02
97,3.7705,19.4774,1530,0.02
97,3.7794,19.8593,1560,0.02
97,3.7847,20.2412,1590,0.02
97,3.7917,20.6231,1620,0.02
97,3.8021,21.005,1650,0.02
97,3.8135,21.3869,1680,0.02
97,3.8204,21.7688,1710,0.02
97,3.8271,22.1508,1740,0.02
97,3.835,22.5327,1770,0.02
97,3.8417,22.9146,1800,0.02
97,3.8499,23.2965,1830,0.02
97,3.8543,23.6784,1860,0.02
97,3.8602,24.0603,1890,0.02
97,3.8671,24.4422,1920,0.02
97,3.8763,24.8241,1950,0.02
97,3.8845,25.206,1980,0.02
97,3.8869,25.5879,2010,0.02
97,3.893,25.9698,2040,0.02
97,3.8978,26.3518,2070,0.02
97,3.9089,26.7337,2100,0.02
97,3.9116,27.1156,2130,0.02
97,3.9184,27.4975,2160,0.02
97,3.9245,27.8794,2190,0.02
97,3.9274,28.2613,2220,0.02
97,3.9338,28.6432,2250,0.02
97,3.9384,29.0251,2280,0.02
97,3.9473,29.407,2310,0.02
97,3.947,29.7889,2340,0.02
97,3.952,30.1709,2370,0.02
97,3.9604,30.5528,2400,0.02
97,3.9636,30.9347,2430,0.02
97,3.9671,31.3166,2460,0.02
97,3.9753,31.6985,2490,0.02
97,3.9791,32.0804,2520,0.02
97,3.9827,32.4623,2550,0.02
97,3.987,32.8442,2580,0.02
97,3.9935,33.2261,2610,0.02
97,3.9961,33.608,2640,0.02
97,4.0012,33.9899,2670,0.02
97,4.0014,34.3719,2700,0.02
97,4.0084,34.7538,2730,0.02
97,4.0127,35.1357,2760,0.02
97,4.0163,35.5176,2790,0.02
97,4.021,35.8995,2820,0.02
97,4.0229,36.2814,2850,0.02
97,4.0241,36.6633,2880,0.02
97,4.0284,37.0452,2910,0.02
97,4.0326,37.4271,2940,0.02
97,4.0352,37.809,2970,0.02
97,4.0383,38.191,3000,0.02
97,4.0453,38.5729,3030,0.02
97,4.0478,38.9548,3060,0.02
97,4.0468,39.3367,3090,0.02
97,4.0493,39.7186,3120,0.02
97,4.057,40.1005,3150,0.02
97,4.0598,40.4824,3180,0.02
97,4.0602,40.8643,3210,0.02
97,4.066,41.2462,3240,0.02
97,4.0649,41.6281,3270,0.02
97,4.0677,42.0101,3300,0.02
97,4.0736,42.392,3330,0.02
97,4.0719,42.7739,3360,0.02
97,4.0744,43.1558,3390,0.02
97,4.0771,43.5377,3420,0.02
97,4.084,43.9196,3450,0.02
97,4.0836,44.3015,3480,0.02
97,4.0828,44.6834,3510,0.02
97,4.0884,45.0653,3540,0.02
97,4.0889,45.4472,3570,0.02
97,4.0907,45.8291,3600,0.02
97,4.0973,46.2111,3630,0.02
97,4.0995,46.593,3660,0.02
97,4.1009,46.9749,3690,0.02
97,4.0992,47.3568,3720,0.02
97,4.1046,47.7387,3750,0.02
97,4.1025,48.1206,3780,0.02
97,4.1069,48.5025,3810,0.02
97,4.1072,48.8844,3840,0.02
97,4.108,49.2663,3870,0.02
97,4.11,49.6482,3900,0.02
97,4.1134,50.0302,3930,0.02
97,4.1151,50.4121,3960,0.02
97,4.1177,50.794,3990,0.02
97,4.1205,51.1759,4020,0.02
97,4.1211,51.5578,4050,0.02
97,4.1217,51.9397,4080,0.02
97,4.1244,52.3216,4110,0.02
97,4.1243,52.7035,4140,0.02
97,4.125,53.0854,4170,0.02
97,4.1257,53.4673,4200,0.02
97,4.1308,53.8492,4230,0.02
97,4.1307,54.2312,4260,0.02
97,4.1309,54.6131,4290,0.02
97,4.131,54.995,4320,0.02
97,4.1344,55.3769,4350,0.02
97,4.1361,55.7588,4380,0.02
97,4.1385,56.1407,4410,0.02
97,4.1412,56.5226,4440,0.02
97,4.1392,56.9045,4470,0.02
97,4.1431,57.2864,4500,0.02
97,4.1449,57.6683,4530,0.02
97,4.144,58.0503,4560,0.02
97,4.1424,58.4322,4590,0.02
97,4.1473,58.8141,4620,0.02
97,4.1492,59.196,4650,0.02
97,4.1465,59.5779,4680,0.02
97,4.1504,59.9598,4710,0.02
97,4.1477,60.3417,4740,0.02
97,4.1485,60.7236,4770,0.02
97,4.154,61.1055,4800,0.02
97,4.1549,61.4874,4830,0.02
97,4.1523,61.8693,4860,0.02
97,4.154,62.2513,4890,0.02
97,4.1547,62.6332,4920,0.02
97,4.1579,63.0151,4950,0.02
97,4.1594,63.397,4980,0.02
97,4.156,63.7789,5010,0.02
97,4.1598,64.1608,5040,0.02
97,4.1604,64.5427,5070,0.02
97,4.1625,64.9246,5100,0.02
97,4.1615,65.3065,5130,0.02
97,4.1635,65.6884,5160,0.02
97,4.1619,66.0704,5190,0.02
97,4.164,66.4523,5220,0.02
97,4.1647,66.8342,5250,0.02
97,4.1633,67.2161,5280,0.02
97,4.1655,67.598,5310,0.02
97,4.1635,67.9799,5340,0.02
97,4.1672,68.3618,5370,0.02
97,4.1678,68.7437,5400,0.02
97,4.1699,69.1256,5430,0.02
97,4.1708,69.5075,5460,0.02
97,4.1678,69.8894,5490,0.02
97,4.1691,70.2714,5520,0.02
97,4.1716,70.6533,5550,0.02
97,4.172,71.0352,5580,0.02
97,4.1747,71.4171,5610,0.02
97,4.1721,71.799,5640,0.02
97,4.1756,72.1809,5670,0.02
97,4.1739,72.5628,5700,0.02
97,4.1766,72.9447,5730,0.02
97,4.1757,73.3266,5760,0.02
97,4.1727,73.7085,5790,0.02
97,4.177,74.0905,5820,0.02
97,4.179,74.4724,5850,0.02
97,4.1778,74.8543,5880,0.02
97,4.1789,75.2362,5910,0.02
97,4.1772,75.6181,5940,0.02
97,4.1752,76.0,5970,0.02
98,3.0,0.0,0,0.02
98,3.0207,0.3807,30,0.02
98,3.0397,0.7613,60,0.02
98,3.0722,1.142,90,0.02
98,3.085,1.5226,120,0.02
98,3.1196,1.9033,150,0.02
98,3.1328,2.2839,180,0.02
98,3.1532,2.6646,210,0.02
98,3.1842,3.0452,240,0.02
98,3.2045,3.4259,270,0.02
98,3.2172,3.8065,300,0.02
98,3.2329,4.1872,330,0.02
98,3.2648,4.5678,360,0.02
98,3.2736,4.9485,390,0.02
98,3.2888,5.3291,420,0.02
98,3.3193,5.7098,450,0.02
98,3.3241,6.0905,480,0.02
98,3.3461,6.4711,510,0.02
98,3.3605,6.8518,540,0.02
98,3.3787,7.2324,570,0.02
98,3.3914,7.6131,600,0.02
98,3.4155,7.9937,630,0.02
98,3.4353,8.3744,660,0.02
98,3.4375,8.755,690,0.02
98,3.4538,9.1357,720,0.02
98,3.4794,9.5163,750,0.02
98,3.4964,9.897,780,0.02
98,3.496,10.2776,810,0.02
98,3.5155,10.6583,840,0.02
98,3.5365,11.0389,870,0.02
98,3.5505,11.4196,900,0.02
98,3.5619,11.8003,930,0.02
98,3.5731,12.1809,960,0.02
98,3.5853,12.5616,990,0.02
98,3.5942,12.9422,1020,0.02
98,3.614,13.3229,1050,0.02
98,3.6102,13.7035,1080,0.02
98,3.622,14.0842,1110,0.02
98,3.6426,14.4648,1140,0.02
98,3.6487,14.8455,1170,0.02
98,3.6664,15.2261,1200,0.02
98,3.6673,15.6068,1230,0.02
98,3.6882,15.9874,1260,0.02
98,3.6908,16.3681,1290,0.02
98,3.6983,16.7487,1320,0.02
98,3.7133,17.1294,1350,0.02
98,3.7317,17.5101,1380,0.02
98,3.7319,17.8907,1410,0.02
98,3.7461,18.2714,1440,0.02
98,3.7593,18.652,1470,0.02
98,3.7664,19.0327,1500,0.02
98,3.7713,19.4133,1530,0.02
98,3.7714,19.794,1560,0.02
98,3.7875,20.1746,1590,0.02
98,3.7998,20.5553,1620,0.02
98,3.8019,20.9359,1650,0.02
98,3.8099,21.3166,1680,0.02
98,3.825,21.6972,1710,0.02
98,3.8248,22.0779,1740,0.02
98,3.83,22.4585,1770,0.02
98,3.8394,22.8392,1800,0.02
98,3.849,23.2198,1830,0.02
98,3.8523,23.6005,1860,0.02
98,3.8598,23.9812,1890,0.02
98,3.8692,24.3618,1920,0.02
98,3.8681,24.7425,1950,0.02
98,3.8862,25.1231,1980,0.02
98,3.8902,25.5038,2010,0.02
98,3.899,25.8844,2040,0.02
98,3.8999,26.2651,2070,0.02
98,3.9048,26.6457,2100,0.02
98,3.9041,27.0264,2130,0.02
98,3.913,27.407,2160,0.02
98,3.9286,27.7877,2190,0.02
98,3.9225,28.1683,2220,0.02
98,3.934,28.549,2250,0.02
98,3.9317,28.9296,2280,0.02
98,3.9465,29.3103,2310,0.02
98,3.9547,29.691,2340,0.02
98,3.9492,30.0716,2370,0.02
98,3.9662,30.4523,2400,0.02
98,3.9631,30.8329,2430,0.02
98,3.9633,31.2136,2460,0.02
98,3.9698,31.5942,2490,0.02
98,3.9768,31.9749,2520,0.02
98,3.9755,32.3555,2550,0.02
98,3.9931,32.7362,2580,0.02
98,3.9853,33.1168,2610,0.02
98,3.9931,33.4975,2640,0.02
98,3.9939,33.8781,2670,0.02
98,4.0095,34.2588,2700,0.02
98,4.0126,34.6394,2730,0.02
98,4.0184,35.0201,2760,0.02
98,4.0147,35.4008,2790,0.02
98,4.0168,35.7814,2820,0.02
98,4.0143,36.1621,2850,0.02
98,4.0203,36.5427,2880,0.02
98,4.0252,36.9234,2910,0.02
98,4.0304,37.304,2940,0.02
98,4.0326,37.6847,2970,0.02
98,4.0337,38.0653,3000,0.02
98,4.0389,38.446,3030,0.02
98,4.0407,38.8266,3060,0.02
98,4.0506,39.2073,3090,0.02
98,4.0564,39.5879,3120,0.02
98,4.0484,39.9686,3150,0.02
98,4.0632,40.3492,3180,0.02
98,4.0585,40.7299,3210,0.02
98,4.0584,41.1106,3240,0.02
98,4.0579,41.4912,3270,0.02
98,4.0641,41.8719,3300,0.02
98,4.0736,42.2525,3330,0.02
98,4.0714,42.6332,3360,0.02
98,4.0831,43.0138,3390,0.02
98,4.0842,43.3945,3420,0.02
98,4.0755,43.7751,3450,0.02
98,4.0846,44.1558,3480,0.02
98,4.0923,44.5364,3510,0.02
98,4.0866,44.9171,3540,0.02
98,4.0905,45.2977,3570,0.02
98,4.0982,45.6784,3600,0.02
98,4.0968,46.059,3630,0.02
98,4.1017,46.4397,3660,0.02
98,4.1067,46.8204,3690,0.02
98,4.1049,47.201,3720,0.02
98,4.1075,47.5817,3750,0.02
98,4.1041,47.9623,3780,0.02
98,4.109,48.343,3810,0.02
98,4.1105,48.7236,3840,0.02
98,4.1117,49.1043,3870,0.02
98,4.1055,49.4849,3900,0.02
98,4.1131,49.8656,3930,0.02
98,4.1141,50.2462,3960,0.02
98,4.1135,50.6269,3990,0.02
98,4.1137,51.0075,4020,0.02
98,4.1225,51.3882,4050,0.02
98,4.1183,51.7688,4080,0.02
98,4.127,52.1495,4110,0.02
98,4.1247,52.5302,4140,0.02
98,4.12,52.9108,4170,0.02
98,4.1326,53.2915,4200,0.02
98,4.1332,53.6721,4230,0.02
98,4.1345,54.0528,4260,0.02
98,4.1293,54.4334,4290,0.02
98,4.1397,54.8141,4320,0.02
98,4.1317,55.1947,4350,0.02
98,4.1442,55.5754,4380,0.02
98,4.1373,55.956,4410,0.02
98,4.1397,56.3367,4440,0.02
98,4.141,56.7173,4470,0.02
98,4.1441,57.098,4500,0.02
98,4.1365,57.4786,4530,0.02
98,4.1444,57.8593,4560,0.02
98,4.1495,58.2399,4590,0.02
98,4.1429,58.6206,4620,0.02
98,4.145,59.0013,4650,0.02
98,4.1475,59.3819,4680,0.02
98,4.1435,59.7626,4710,0.02
98,4.154,60.1432,4740,0.02
98,4.1488,60.5239,4770,0.02
98,4.1503,60.9045,4800,0.02
98,4.1523,61.2852,4830,0.02
98,4.1525,61.6658,4860,0.02
98,4.1585,62.0465,4890,0.02
98,4.152,62.4271,4920,0.02
98,4.1556,62.8078,4950,0.02
98,4.1614,63.1884,4980,0.02
98,4.1572,63.5691,5010,0.02
98,4.1621,63.9497,5040,0.02
98,4.1632,64.3304,5070,0.02
98,4.1582,64.7111,5100,0.02
98,4.1663,65.0917,5130,0.02
98,4.1562,65.4724,5160,0.02
98,4.1651,65.853,5190,0.02
98,4.1712,66.2337,5220,0.02
98,4.1576,66.6143,5250,0.02
98,4.159,66.995,5280,0.02
98,4.1692,67.3756,5310,0.02
98,4.1649,67.7563,5340,0.02
98,4.172,68.1369,5370,0.02
98,4.1726,68.5176,5400,0.02
98,4.1659,68.8982,5430,0.02
98,4.1721,69.2789,5460,0.02
98,4.1756,69.6595,5490,0.02
98,4.1771,70.0402,5520,0.02
98,4.1754,70.4209,5550,0.02
98,4.179,70.8015,5580,0.02
98,4.1713,71.1822,5610,0.02
98,4.1671,71.5628,5640,0.02
98,4.1775,71.9435,5670,0.02
98,4.1693,72.3241,5700,0.02
98,4.1671,72.7048,5730,0.02
98,4.1818,73.0854,5760,0.02
98,4.1787,73.4661,5790,0.02
98,4.1771,73.8467,5820,0.02
98,4.1789,74.2274,5850,0.02
98,4.1828,74.608,5880,0.02
98,4.1765,74.9887,5910,0.02
98,4.1851,75.3693,5940,0.02
98,4.1734,75.75,5970,0.02
99,3.002,0.0,0,0.02
99,3.0298,0.3794,30,0.02
99,3.0424,0.7588,60,0.02
99,3.0651,1.1382,90,0.02
99,3.0889,1.5176,120,0.02
99,3.1118,1.897,150,0.02
99,3.1408,2.2764,180,0.02
99,3.162,2.6558,210,0.02
99,3.1721,3.0352,240,0.02
99,3.1978,3.4146,270,0.02
99,3.2235,3.794,300,0.02
99,3.2335,4.1734,330,0.02
99,3.2558,4.5528,360,0.02
99,3.2691,4.9322,390,0.02
99,3.2877,5.3116,420,0.02
99,3.319,5.691,450,0.02
99,3.3266,6.0704,480,0.02
99,3.3535,6.4497,510,0.02
99,3.3632,6.8291,540,0.02
99,3.3794,7.2085,570,0.02
99,3.3991,7.5879,600,0.02
99,3.418,7.9673,630,0.02
99,3.4238,8.3467,660,0.02
99,3.4461,8.7261,690,0.02
99,3.4606,9.1055,720,0.02
99,3.481,9.4849,750,0.02
99,3.4864,9.8643,780,0.02
99,3.5013,10.2437,810,0.02
99,3.5221,10.6231,840,0.02
99,3.5311,11.0025,870,0.02
99,3.5447,11.3819,900,0.02
99,3.5548,11.7613,930,0.02
99,3.5736,12.1407,960,0.02
99,3.5786,12.5201,990,0.02
99,3.5871,12.8995,1020,0.02
99,3.6046,13.2789,1050,0.02
99,3.6248,13.6583,1080,0.02
99,3.625,14.0377,1110,0.02
99,3.6401,14.4171,1140,0.02
99,3.6555,14.7965,1170,0.02
99,3.662,15.1759,1200,0.02
99,3.6813,15.5553,1230,0.02
99,3.6815,15.9347,1260,0.02
99,3.699,16.3141,1290,0.02
99,3.7106,16.6935,1320,0.02
99,3.7076,17.0729,1350,0.02
99,3.7256,17.4523,1380,0.02
99,3.73,17.8317,1410,0.02
99,3.7504,18.2111,1440,0.02
99,3.7542,18.5905,1470,0.02
99,3.7615,18.9698,1500,0.02
99,3.7718,19.3492,1530,0.02
99,3.7782,19.7286,1560,0.02
99,3.7899,20.108,1590,0.02
99,3.788,20.4874,1620,0.02
99,3.8073,20.8668,1650,0.02
99,3.8136,21.2462,1680,0.02
99,3.8245,21.6256,1710,0.02
99,3.8226,22.005,1740,0.02
99,3.827,22.3844,1770,0.02
99,3.8397,22.7638,1800,0.02
99,3.8527,23.1432,1830,0.02
99,3.8596,23.5226,1860,0.02
99,3.8579,23.902,1890,0.02
99,3.8718,24.2814,1920,0.02
99,3.8675,24.6608,1950,0.02
99,3.8809,25.0402,1980,0.02
99,3.8814,25.4196,2010,0.02
99,3.9016,25.799,2040,0.02
99,3.8922,26.1784,2070,0.02
99,3.908,26.5578,2100,0.02
99,3.9181,26.9372,2130,0.02
99,3.9124,27.3166,2160,0.02
99,3.9224,27.696,2190,0.02
99,3.9331,28.0754,2220,0.02
99,3.9316,28.4548,2250,0.02
99,3.9406,28.8342,2280,0.02
99,3.9385,29.2136,2310,0.02
99,3.9435,29.593,2340,0.02
99,3.9487,29.9724,2370,0.02
99,3.9629,30.3518,2400,0.02
99,3.969,30.7312,2430,0.02
99,3.9761,31.1106,2460,0.02
99,3.9782,31.4899,2490,0.02
99,3.9857,31.8693,2520,0.02
99,3.989,32.2487,2550,0.02
99,3.9912,32.6281,2580,0.02
99,3.9856,33.0075,2610,0.02
99,3.9897,33.3869,2640,0.02
99,3.9985,33.7663,2670,0.02
99,4.0006,34.1457,2700,0.02
99,4.0113,34.5251,2730,0.02
99,4.0034,34.9045,2760,0.02
99,4.0162,35.2839,2790,0.02
99,4.024,35.6633,2820,0.02
99,4.0211,36.0427,2850,0.02
99,4.0335,36.4221,2880,0.02
99,4.0339,36.8015,2910,0.02
99,4.0341,37.1809,2940,0.02
99,4.0389,37.5603,2970,0.02
99,4.0349,37.9397,3000,0.02
99,4.0386,38.3191,3030,0.02
99,4.0434,38.6985,3060,0.02
99,4.052,39.0779,3090,0.02
99,4.0514,39.4573,3120,0.02
99,4.0588,39.8367,3150,0.02
99,4.056,40.2161,3180,0.02
99,4.0567,40.5955,3210,0.02
99,4.0584,40.9749,3240,0.02
99,4.0583,41.3543,3270,0.02
99,4.0637,41.7337,3300,0.02
99,4.0678,42.1131,3330,0.02
99,4.0814,42.4925,3360,0.02
99,4.0835,42.8719,3390,0.02
99,4.0716,43.2513,3420,0.02
99,4.0748,43.6307,3450,0.02
99,4.0843,44.0101,3480,0.02
99,4.0936,44.3894,3510,0.02
99,4.0876,44.7688,3540,0.02
99,4.0908,45.1482,3570,0.02
99,4.0863,45.5276,3600,0.02
99,4.0927,45.907,3630,0.02
99,4.1035,46.2864,3660,0.02
99,4.1045,46.6658,3690,0.02
99,4.1006,47.0452,3720,0.02
99,4.0986,47.4246,3750,0.02
99,4.1081,47.804,3780,0.02
99,4.1051,48.1834,3810,0.02
99,4.1025,48.5628,3840,0.02
99,4.1106,48.9422,3870,0.02
99,4.1167,49.3216,3900,0.02
99,4.1089,49.701,3930,0.02
99,4.1171,50.0804,3960,0.02
99,4.1104,50.4598,3990,0.02
99,4.1216,50.8392,4020,0.02
99,4.1142,51.2186,4050,0.02
99,4.1206,51.598,4080,0.02
99,4.1162,51.9774,4110,0.02
99,4.1294,52.3568,4140,0.02
99,4.1213,52.7362,4170,0.02
99,4.1205,53.1156,4200,0.02
99,4.1355,53.495,4230,0.02
99,4.1271,53.8744,4260,0.02
99,4.1292,54.2538,4290,0.02
99,4.1352,54.6332,4320,0.02
99,4.1379,55.0126,4350,0.02
99,4.1315,55.392,4380,0.02
99,4.1375,55.7714,4410,0.02
99,4.1403,56.1508,4440,0.02
99,4.1371,56.5302,4470,0.02
99,4.1452,56.9095,4500,0.02
99,4.1351,57.2889,4530,0.02
99,4.1506,57.6683,4560,0.02
99,4.1517,58.0477,4590,0.02
99,4.1401,58.4271,4620,0.02
99,4.1505,58.8065,4650,0.02
99,4.1443,59.1859,4680,0.02
99,4.1519,59.5653,4710,0.02
99,4.1426,59.9447,4740,0.02
99,4.1485,60.3241,4770,0.02
99,4.1575,60.7035,4800,0.02
99,4.1559,61.0829,4830,0.02
99,4.1613,61.4623,4860,0.02
99,4.1477,61.8417,4890,0.02
99,4.1484,62.2211,4920,0.02
99,4.1559,62.6005,4950,0.02
99,4.1611,62.9799,4980,0.02
99,4.1608,63.3593,5010,0.02
99,4.1619,63.7387,5040,0.02
99,4.1592,64.1181,5070,0.02
99,4.1674,64.4975,5100,0.02
99,4.1579,64.8769,5130,0.02
99,4.1678,65.2563,5160,0.02
99,4.1683,65.6357,5190,0.02
99,4.17,66.0151,5220,0.02
99,4.1717,66.3945,5250,0.02
99,4.1718,66.7739,5280,0.02
99,4.1708,67.1533,5310,0.02
99,4.172,67.5327,5340,0.02
99,4.1648,67.9121,5370,0.02
99,4.1648,68.2915,5400,0.02
99,4.1738,68.6709,5430,0.02
99,4.1713,69.0503,5460,0.02
99,4.1721,69.4296,5490,0.02
99,4.1666,69.809,5520,0.02
99,4.1698,70.1884,5550,0.02
99,4.1695,70.5678,5580,0.02
99,4.1752,70.9472,5610,0.02
99,4.174,71.3266,5640,0.02
99,4.179,71.706,5670,0.02
99,4.1786,72.0854,5700,0.02
99,4.1782,72.4648,5730,0.02
99,4.1703,72.8442,5760,0.02
99,4.1685,73.2236,5790,0.02
99,4.1805,73.603,5820,0.02
99,4.1806,73.9824,5850,0.02
99,4.1758,74.3618,5880,0.02
99,4.1767,74.7412,5910,0.02
99,4.1823,75.1206,5940,0.02
99,4.1764,75.5,5970,0.02
100,3.0,0.0,0,0.02
100,3.0255,0.3781,30,0.02
100,3.0445,0.7563,60,0.02
100,3.0646,1.1344,90,0.02
100,3.0943,1.5126,120,0.02
100,3.1081,1.8907,150,0.02
100,3.1368,2.2688,180,0.02
100,3.1505,2.647,210,0.02
100,3.1858,3.0251,240,0.02
100,3.198,3.4033,270,0.02
100,3.219,3.7814,300,0.02
100,3.2352,4.1595,330,0.02
100,3.2582,4.5377,360,0.02
100,3.2802,4.9158,390,0.02
100,3.2996,5.294,420,0.02
100,3.3109,5.6721,450,0.02
100,3.3366,6.0503,480,0.02
100,3.3491,6.4284,510,0.02
100,3.371,6.8065,540,0.02
100,3.3782,7.1847,570,0.02
100,3.404,7.5628,600,0.02
100,3.4127,7.941,630,0.02
100,3.4345,8.3191,660,0.02
100,3.4483,8.6972,690,0.02
100,3.4608,9.0754,720,0.02
100,3.4698,9.4535,750,0.02
100,3.4813,9.8317,780,0.02
100,3.5077,10.2098,810,0.02
100,3.512,10.5879,840,0.02
100,3.5334,10.9661,870,0.02
100,3.5448,11.3442,900,0.02
100,3.5561,11.7224,930,0.02
100,3.571,12.1005,960,0.02
100,3.5743,12.4786,990,0.02
100,3.5892,12.8568,1020,0.02
100,3.6039,13.2349,1050,0.02
100,3.6157,13.6131,1080,0.02
100,3.6285,13.9912,1110,0.02
100,3.6433,14.3693,1140,0.02
100,3.6587,14.7475,1170,0.02
100,3.6641,15.1256,1200,0.02
100,3.6716,15.5038,1230,0.02
100,3.6762,15.8819,1260,0.02
100,3.6921,16.2601,1290,0.02
100,3.7033,16.6382,1320,0.02
100,3.7134,17.0163,1350,0.02
100,3.732,17.3945,1380,0.02
100,3.7347,17.7726,1410,0.02
100,3.7416,18.1508,1440,0.02
100,3.7556,18.5289,1470,0.02
100,3.7669,18.907,1500,0.02
100,3.7727,19.2852,1530,0.02
100,3.7753,19.6633,1560,0.02
100,3.7839,20.0415,1590,0.02
100,3.8021,20.4196,1620,0.02
100,3.7954,20.7977,1650,0.02
100,3.8082,21.1759,1680,0.02
100,3.8197,21.554,1710,0.02
100,3.8198,21.9322,1740,0.02
100,3.8334,22.3103,1770,0.02
100,3.8453,22.6884,1800,0.02
100,3.8407,23.0666,1830,0.02
100,3.8502,23.4447,1860,0.02
100,3.855,23.8229,1890,0.02
100,3.8725,24.201,1920,0.02
100,3.8734,24.5791,1950,0.02
100,3.8792,24.9573,1980,0.02
100,3.8886,25.3354,2010,0.02
100,3.8967,25.7136,2040,0.02
100,3.8935,26.0917,2070,0.02
100,3.8992,26.4698,2100,0.02
100,3.9186,26.848,2130,0.02
100,3.9207,27.2261,2160,0.02
100,3.9236,27.6043,2190,0.02
100,3.9334,27.9824,2220,0.02
100,3.9396,28.3606,2250,0.02
100,3.9425,28.7387,2280,0.02
100,3.9406,29.1168,2310,0.02
100,3.9424,29.495,2340,0.02
100,3.9625,29.8731,2370,0.02
100,3.9525,30.2513,2400,0.02
100,3.9609,30.6294,2430,0.02
100,3.9685,31.0075,2460,0.02
100,3.9745,31.3857,2490,0.02
100,3.9705,31.7638,2520,0.02
100,3.985,32.142,2550,0.02
100,3.9923,32.5201,2580,0.02
100,3.9909,32.8982,2610,0.02
100,3.9926,33.2764,2640,0.02
100,3.9923,33.6545,2670,0.02
100,4.0036,34.0327,2700,0.02
100,4.0069,34.4108,2730,0.02
100,4.012,34.7889,2760,0.02
100,4.0164,35.1671,2790,0.02
100,4.0149,35.5452,2820,0.02
100,4.0302,35.9234,2850,0.02
100,4.0276,36.3015,2880,0.02
100,4.0371,36.6796,2910,0.02
100,4.0384,37.0578,2940,0.02
100,4.0354,37.4359,2970,0.02
100,4.0374,37.8141,3000,0.02
100,4.0418,38.1922,3030,0.02
100,4.0518,38.5704,3060,0.02
100,4.0443,38.9485,3090,0.02
100,4.0519,39.3266,3120,0.02
100,4.0542,39.7048,3150,0.02
100,4.0527,40.0829,3180,0.02
100,4.0601,40.4611,3210,0.02
100,4.0691,40.8392,3240,0.02
100,4.0674,41.2173,3270,0.02
100,4.0692,41.5955,3300,0.02
100,4.0697,41.9736,3330,0.02
100,4.0733,42.3518,3360,0.02
100,4.0791,42.7299,3390,0.02
100,4.08,43.108,3420,0.02
100,4.0814,43.4862,3450,0.02
100,4.0766,43.8643,3480,0.02
100,4.0876,44.2425,3510,0.02
100,4.0936,44.6206,3540,0.02
100,4.085,44.9987,3570,0.02
100,4.0868,45.3769,3600,0.02
100,4.0961,45.755,3630,0.02
100,4.1,46.1332,3660,0.02
100,4.0985,46.5113,3690,0.02
100,4.1006,46.8894,3720,0.02
100,4.1064,47.2676,3750,0.02
100,4.1047,47.6457,3780,0.02
100,4.1064,48.0239,3810,0.02
100,4.1098,48.402,3840,0.02
100,4.1069,48.7802,3870,0.02
100,4.1119,49.1583,3900,0.02
100,4.1065,49.5364,3930,0.02
100,4.1175,49.9146,3960,0.02
100,4.1166,50.2927,3990,0.02
100,4.1183,50.6709,4020,0.02
100,4.1264,51.049,4050,0.02
100,4.116,51.4271,4080,0.02
100,4.1248,51.8053,4110,0.02
100,4.1219,52.1834,4140,0.02
100,4.1203,52.5616,4170,0.02
100,4.1336,52.9397,4200,0.02
100,4.1273,53.3178,4230,0.02
100,4.1337,53.696,4260,0.02
100,4.1306,54.0741,4290,0.02
100,4.1378,54.4523,4320,0.02
100,4.1405,54.8304,4350,0.02
100,4.131,55.2085,4380,0.02
100,4.1447,55.5867,4410,0.02
100,4.142,55.9648,4440,0.02
100,4.1363,56.343,4470,0.02
100,4.1448,56.7211,4500,0.02
100,4.1446,57.0992,4530,0.02
100,4.1429,57.4774,4560,0.02
100,4.1526,57.8555,4590,0.02
100,4.1461,58.2337,4620,0.02
100,4.1416,58.6118,4650,0.02
100,4.1454,58.9899,4680,0.02
100,4.156,59.3681,4710,0.02
100,4.1572,59.7462,4740,0.02
100,4.1579,60.1244,4770,0.02
100,4.1563,60.5025,4800,0.02
100,4.1541,60.8807,4830,0.02
100,4.1601,61.2588,4860,0.02
100,4.1537,61.6369,4890,0.02
100,4.154,62.0151,4920,0.02
100,4.1529,62.3932,4950,0.02
100,4.1539,62.7714,4980,0.02
100,4.152,63.1495,5010,0.02
100,4.1562,63.5276,5040,0.02
100,4.1659,63.9058,5070,0.02
100,4.1579,64.2839,5100,0.02
100,4.1636,64.6621,5130,0.02
100,4.1557,65.0402,5160,0.02
100,4.1639,65.4183,5190,0.02
100,4.166,65.7965,5220,0.02
100,4.1688,66.1746,5250,0.02
100,4.1609,66.5528,5280,0.02
100,4.1736,66.9309,5310,0.02
100,4.1593,67.309,5340,0.02
100,4.1698,67.6872,5370,0.02
100,4.1713,68.0653,5400,0.02
100,4.1718,68.4435,5430,0.02
100,4.1732,68.8216,5460,0.02
100,4.1709,69.1997,5490,0.02
100,4.1633,69.5779,5520,0.02
100,4.1776,69.956,5550,0.02
100,4.1637,70.3342,5580,0.02
100,4.1725,70.7123,5610,0.02
100,4.1662,71.0905,5640,0.02
100,4.1749,71.4686,5670,0.02
100,4.1759,71.8467,5700,0.02
100,4.1712,72.2249,5730,0.02
100,4.1824,72.603,5760,0.02
100,4.1726,72.9812,5790,0.02
100,4.1721,73.3593,5820,0.02
100,4.1831,73.7374,5850,0.02
100,4.1817,74.1156,5880,0.02
100,4.1796,74.4937,5910,0.02
100,4.1781,74.8719,5940,0.02
100,4.1728,75.25,5970,0.02
